credit_id,account_id,contract_id,amendment_id,credit_date,credit_type,amount,currency,applied_to_invoice_id,application_date,remaining_balance,status,expiry_date,created_by,approval_required,approved_by,calculation_basis,is_system_generated,void_reason
CRM00001,ACC0032,CTR00057,AMD0002,2025-03-09,prorated,0.0,USD,INV000339,2025-03-10,0.0,applied,2025-06-07,billing_system,False,,monthly_prorate,True,
CRM00002,ACC0086,CTR00161,AMD0003,2025-05-15,prorated,1507.6,USD,INV000965,2025-05-16,0.0,applied,2025-08-13,billing_system,False,,monthly_prorate,True,
CRM00003,ACC0022,CTR00036,AMD0004,2025-03-14,prorated,0.0,USD,INV000213,2025-03-15,0.0,applied,2025-06-12,billing_system,False,,monthly_prorate,True,
CRM00004,ACC0089,CTR00166,AMD0005,2025-05-26,prorated,0.0,USD,INV000995,2025-05-27,0.0,applied,2025-08-24,billing_system,False,,monthly_prorate,True,
CRM00005,ACC0041,CTR00072,AMD0006,2025-05-24,prorated,0.0,USD,INV000431,2025-05-25,0.0,applied,2025-08-22,billing_system,False,,monthly_prorate,True,
CRM00006,ACC0002,CTR00002,AMD0008,2025-03-19,prorated,0.0,USD,INV000009,2025-03-20,0.0,applied,2025-06-17,billing_system,False,,monthly_prorate,True,
CRM00007,ACC0054,CTR00101,AMD0011,2025-02-09,prorated,4480.32,USD,INV000602,2025-02-10,0.0,applied,2025-05-07,billing_system,False,,monthly_prorate,True,
CRM00008,ACC0047,CTR00085,AMD0014,2025-01-27,prorated,0.0,USD,INV000505,2025-01-28,0.0,applied,2025-04-25,billing_system,False,,monthly_prorate,True,
CRM00009,ACC0059,CTR00113,AMD0015,2025-02-19,prorated,0.0,USD,INV000674,2025-02-20,0.0,applied,2025-05-17,billing_system,False,,monthly_prorate,True,
CRM00010,ACC0081,CTR00152,AMD0016,2025-06-11,prorated,0.0,USD,INV000912,2025-06-12,0.0,applied,2025-09-09,billing_system,False,,monthly_prorate,True,
CRM00011,ACC0077,CTR00143,AMD0018,2025-06-21,prorated,0.0,USD,INV000858,2025-06-22,0.0,applied,2025-09-19,billing_system,False,,monthly_prorate,True,
CRM00012,ACC0022,CTR00038,AMD0019,2025-01-14,prorated,0.0,USD,INV000223,2025-01-15,0.0,applied,2025-04-12,billing_system,False,,monthly_prorate,True,
CRM00013,ACC0056,CTR00107,AMD0020,2025-02-25,prorated,0.0,USD,INV000638,2025-02-26,0.0,applied,2025-05-23,billing_system,False,,monthly_prorate,True,
CRM00014,ACC0060,CTR00115,AMD0022,2025-04-23,prorated,0.0,USD,INV000688,2025-04-24,0.0,applied,2025-07-21,billing_system,False,,monthly_prorate,True,
CRM00015,ACC0028,CTR00049,AMD0024,2025-04-26,prorated,0.0,USD,INV000292,2025-04-27,0.0,applied,2025-07-24,billing_system,False,,monthly_prorate,True,
CRM00016,ACC0087,CTR00162,AMD0026,2025-06-23,prorated,0.0,USD,INV000972,2025-06-24,0.0,applied,2025-09-21,billing_system,False,,monthly_prorate,True,
CRM00017,ACC0041,CTR00071,AMD0028,2025-04-25,prorated,5801.7,USD,INV000424,2025-04-26,0.0,applied,2025-07-23,billing_system,True,MGR04,monthly_prorate,True,
CRM00018,ACC0057,CTR00109,AMD0029,2025-04-25,prorated,0.0,USD,INV000652,2025-04-26,0.0,applied,2025-07-23,billing_system,False,,monthly_prorate,True,
CRM00019,ACC0099,CTR00182,AMD0031,2025-02-13,prorated,0.0,USD,INV001088,2025-02-14,0.0,applied,2025-05-11,billing_system,False,,monthly_prorate,True,
CRM00020,ACC0043,CTR00076,AMD0032,2025-06-26,prorated,0.0,USD,INV000456,2025-06-27,0.0,applied,2025-09-24,billing_system,False,,monthly_prorate,True,
CRM00021,ACC0061,CTR00116,AMD0033,2025-06-13,prorated,0.0,USD,INV000696,2025-06-14,0.0,applied,2025-09-11,billing_system,False,,monthly_prorate,True,
CRM00022,ACC0071,CTR00132,AMD0034,2025-06-17,prorated,0.0,USD,INV000792,2025-06-18,0.0,applied,2025-09-15,billing_system,False,,monthly_prorate,True,
CRM00023,ACC0222,CTR00352,AMD0035,2025-06-21,prorated,0.0,USD,INV002112,2025-06-22,0.0,applied,2025-09-19,billing_system,False,,monthly_prorate,True,
CRM00024,ACC0277,CTR00439,AMD0036,2025-02-13,prorated,0.0,USD,INV002630,2025-02-14,0.0,applied,2025-05-11,billing_system,False,,monthly_prorate,True,
CRM00025,ACC0244,CTR00386,AMD0037,2025-01-11,prorated,3534.05,USD,INV002311,2025-01-12,0.0,applied,2025-04-09,billing_system,False,,monthly_prorate,True,
CRM00026,ACC0224,CTR00354,AMD0038,2025-05-14,prorated,0.0,USD,INV002123,2025-05-15,0.0,applied,2025-08-12,billing_system,False,,monthly_prorate,True,
CRM00027,ACC0230,CTR00363,AMD0039,2025-05-11,prorated,764.89,USD,INV002177,2025-05-12,0.0,applied,2025-08-09,billing_system,False,,monthly_prorate,True,
CRM00028,ACC0239,CTR00377,AMD0040,2025-03-20,prorated,0.0,USD,INV002259,2025-03-21,0.0,applied,2025-06-18,billing_system,False,,monthly_prorate,True,
CRM00029,ACC0123,CTR00217,AMD0041,2025-06-14,prorated,0.0,USD,INV001302,2025-06-15,0.0,applied,2025-09-12,billing_system,False,,monthly_prorate,True,
CRM00030,ACC0260,CTR00413,AMD0042,2025-01-25,prorated,3399.5,USD,INV002473,2025-01-26,0.0,applied,2025-04-23,billing_system,False,,monthly_prorate,True,
CRM00031,ACC0289,CTR00456,AMD0044,2025-02-07,prorated,0.0,USD,INV002732,2025-02-08,0.0,applied,2025-05-05,billing_system,False,,monthly_prorate,True,
CRM00032,ACC0162,CTR00271,AMD0045,2025-05-10,prorated,0.0,USD,INV001625,2025-05-11,0.0,applied,2025-08-08,billing_system,False,,monthly_prorate,True,
CRM00033,ACC0135,CTR00236,AMD0046,2025-01-24,prorated,2730.95,USD,INV001411,2025-01-25,0.0,applied,2025-04-22,billing_system,False,,monthly_prorate,True,
CRM00034,ACC0176,CTR00293,AMD0048,2025-03-21,prorated,1788.48,USD,INV001755,2025-03-22,0.0,applied,2025-06-19,billing_system,False,,monthly_prorate,True,
CRM00035,ACC0255,CTR00403,AMD0049,2025-01-18,prorated,0.0,USD,INV002413,2025-01-19,0.0,applied,2025-04-16,billing_system,False,,monthly_prorate,True,
CRM00036,ACC0229,CTR00361,AMD0050,2025-03-16,prorated,0.0,USD,INV002163,2025-03-17,0.0,applied,2025-06-14,billing_system,False,,monthly_prorate,True,
CRM00037,ACC0172,CTR00286,AMD0053,2025-01-13,prorated,4245.05,USD,INV001711,2025-01-14,0.0,applied,2025-04-11,billing_system,False,,monthly_prorate,True,
CRM00038,ACC0128,CTR00224,AMD0054,2025-06-23,prorated,0.0,USD,INV001344,2025-06-24,0.0,applied,2025-09-21,billing_system,False,,monthly_prorate,True,
CRM00039,ACC0228,CTR00360,AMD0055,2025-06-26,prorated,0.0,USD,INV002160,2025-06-27,0.0,applied,2025-09-24,billing_system,False,,monthly_prorate,True,
CRM00040,ACC0247,CTR00391,AMD0056,2025-02-19,prorated,0.0,USD,INV002342,2025-02-20,0.0,applied,2025-05-17,billing_system,False,,monthly_prorate,True,
CRM00041,ACC0171,CTR00285,AMD0057,2025-01-15,prorated,1282.55,USD,INV001705,2025-01-16,0.0,applied,2025-04-13,billing_system,False,,monthly_prorate,True,
CRM00042,ACC0147,CTR00253,AMD0058,2025-05-27,prorated,0.0,USD,INV001517,2025-05-28,0.0,applied,2025-08-25,billing_system,False,,monthly_prorate,True,
CRM00043,ACC0127,CTR00221,AMD0060,2025-06-18,prorated,0.0,USD,INV001326,2025-06-19,0.0,applied,2025-09-16,billing_system,False,,monthly_prorate,True,
CRM00044,ACC0133,CTR00232,AMD0061,2025-02-13,prorated,1298.6,USD,INV001388,2025-02-14,0.0,applied,2025-05-11,billing_system,False,,monthly_prorate,True,
CRM00045,ACC0242,CTR00382,AMD0062,2025-06-13,prorated,0.0,USD,INV002292,2025-06-14,0.0,applied,2025-09-11,billing_system,False,,monthly_prorate,True,
