return_id,order_id,return_date,refund_amount
RET-50000,ORD-10059,2026-01-04,176.16
RET-50001,ORD-16650,2025-12-24,62.61
RET-50002,ORD-14402,2025-12-19,138.01
RET-50003,ORD-10218,2026-01-19,331.82
RET-50004,ORD-12841,2025-12-06,382.05
RET-50005,ORD-14622,2025-12-14,90.41
RET-50006,ORD-16116,2025-12-15,336.27
RET-50007,ORD-16065,2025-12-08,401.1
RET-50008,ORD-14410,2025-12-12,56.84
RET-50009,ORD-15284,2025-11-28,240.97
RET-50010,ORD-11888,2025-12-19,368.7
RET-50011,ORD-11003,2025-12-20,371.47
RET-50012,ORD-11034,2026-01-10,56.94
RET-50013,ORD-16812,2025-12-28,26.15
RET-50014,ORD-17912,2025-12-25,278.0
RET-50015,ORD-16460,2025-11-13,147.31
RET-50016,ORD-12207,2025-12-05,432.0
RET-50017,ORD-16165,2026-01-10,254.7
RET-50018,ORD-12213,2025-12-15,482.15
RET-50019,ORD-10741,2026-01-08,164.66
RET-50020,ORD-11324,2025-11-18,488.42
RET-50021,ORD-17206,2025-12-25,141.33
RET-50022,ORD-14749,2025-12-20,405.15
RET-50023,ORD-10471,2025-12-11,485.54
RET-50024,ORD-13639,2025-12-28,119.62
RET-50025,ORD-16390,2025-12-17,62.31
RET-50026,ORD-12730,2026-01-13,378.77
RET-50027,ORD-16155,2025-12-07,35.59
RET-50028,ORD-14902,2025-11-13,79.16
RET-50029,ORD-13217,2025-12-13,20.96
RET-50030,ORD-12564,2026-01-22,213.38
RET-50031,ORD-17435,2026-01-01,450.44
RET-50032,ORD-17164,2025-12-10,361.34
RET-50033,ORD-15011,2025-12-16,359.17
RET-50034,ORD-14924,2025-11-30,43.81
RET-50035,ORD-15036,2026-01-06,316.25
RET-50036,ORD-11096,2025-12-19,125.83
RET-50037,ORD-17793,2026-01-07,333.09
RET-50038,ORD-10462,2025-11-26,378.1
RET-50039,ORD-10965,2025-11-13,190.72
RET-50040,ORD-11168,2025-12-15,23.07
RET-50041,ORD-11988,2025-12-05,229.69
RET-50042,ORD-17921,2025-12-04,361.79
RET-50043,ORD-14066,2025-12-03,80.46
RET-50044,ORD-13288,2025-12-26,452.85
RET-50045,ORD-11622,2025-12-26,289.9
RET-50046,ORD-10616,2025-12-06,49.32
RET-50047,ORD-13941,2026-01-04,451.02
RET-50048,ORD-13766,2025-11-27,306.12
RET-50049,ORD-12531,2025-12-09,417.67
RET-50050,ORD-14816,2025-12-30,456.42
RET-50051,ORD-13044,2025-12-29,374.18
RET-50052,ORD-12276,2025-11-14,376.93
RET-50053,ORD-11311,2025-12-10,449.51
RET-50054,ORD-10537,2025-12-16,138.73
RET-50055,ORD-17425,2026-01-03,196.5
RET-50056,ORD-10121,2025-12-10,450.12
RET-50057,ORD-13145,2025-12-13,196.86
RET-50058,ORD-11493,2025-12-30,55.13
RET-50059,ORD-14876,2025-12-19,308.45
RET-50060,ORD-16347,2025-11-26,490.4
RET-50061,ORD-17102,2025-12-10,480.33
RET-50062,ORD-12197,2026-01-02,434.99
RET-50063,ORD-15250,2025-12-29,205.3
RET-50064,ORD-10761,2025-12-17,169.63
RET-50065,ORD-14639,2025-11-20,409.73
RET-50066,ORD-11664,2025-12-03,496.24
RET-50067,ORD-17386,2025-12-15,65.47
RET-50068,ORD-13671,2026-01-15,43.81
RET-50069,ORD-12800,2026-01-14,400.45
RET-50070,ORD-15096,2025-11-23,425.12
RET-50071,ORD-16527,2025-12-28,420.92
RET-50072,ORD-10801,2025-12-22,93.22
RET-50073,ORD-14800,2025-12-25,79.45
RET-50074,ORD-11084,2025-12-12,473.47
RET-50075,ORD-11481,2025-11-22,77.7
RET-50076,ORD-13240,2025-12-15,219.57
RET-50077,ORD-13656,2026-01-02,183.4
RET-50078,ORD-10622,2025-12-26,197.83
RET-50079,ORD-15758,2025-12-16,230.13
RET-50080,ORD-11876,2025-12-22,303.37
RET-50081,ORD-10818,2026-01-16,46.29
RET-50082,ORD-13945,2025-12-12,27.96
RET-50083,ORD-13050,2025-12-31,118.56
RET-50084,ORD-11901,2025-11-29,22.51
RET-50085,ORD-15919,2026-01-02,301.19
RET-50086,ORD-13283,2025-12-19,443.63
RET-50087,ORD-11049,2025-12-08,30.21
RET-50088,ORD-17734,2026-01-12,62.04
RET-50089,ORD-13469,2025-12-24,101.47
RET-50090,ORD-17003,2025-12-04,388.05
RET-50091,ORD-17788,2025-12-29,31.71
RET-50092,ORD-12245,2025-11-16,270.29
RET-50093,ORD-13878,2025-12-24,287.38
RET-50094,ORD-12609,2025-11-28,50.09
RET-50095,ORD-11238,2025-11-23,484.73
RET-50096,ORD-15470,2025-11-07,349.87
RET-50097,ORD-16988,2025-12-17,95.54
RET-50098,ORD-14167,2026-01-10,65.58
RET-50099,ORD-15157,2025-11-09,383.1
RET-50100,ORD-17518,2025-12-21,397.75
RET-50101,ORD-13265,2025-12-07,53.14
RET-50102,ORD-12063,2025-12-31,240.44
RET-50103,ORD-13138,2025-12-20,270.3
RET-50104,ORD-10842,2025-12-26,105.46
RET-50105,ORD-17350,2025-12-26,178.07
RET-50106,ORD-17419,2025-12-16,362.78
RET-50107,ORD-11162,2025-12-08,180.86
RET-50108,ORD-15744,2025-11-07,98.54
RET-50109,ORD-10208,2025-12-22,22.43
RET-50110,ORD-17293,2025-11-28,256.54
RET-50111,ORD-15085,2025-12-11,262.36
RET-50112,ORD-13487,2025-12-30,44.95
RET-50113,ORD-10986,2026-01-05,350.43
RET-50114,ORD-13674,2025-11-14,311.99
RET-50115,ORD-16624,2026-01-19,412.81
RET-50116,ORD-16278,2025-12-12,424.97
RET-50117,ORD-11872,2025-11-28,262.81
RET-50118,ORD-10216,2025-11-18,176.19
RET-50119,ORD-10036,2026-01-16,166.21
RET-50120,ORD-14678,2025-11-24,346.0
RET-50121,ORD-14858,2025-11-24,460.47
RET-50122,ORD-11297,2025-11-25,70.19
RET-50123,ORD-15405,2025-12-25,449.87
RET-50124,ORD-16077,2025-12-31,281.17
RET-50125,ORD-17203,2025-12-08,74.05
RET-50126,ORD-14366,2025-12-10,58.45
RET-50127,ORD-17392,2025-12-11,408.92
RET-50128,ORD-12200,2025-12-23,488.86
RET-50129,ORD-12583,2026-01-08,235.69
RET-50130,ORD-11125,2025-12-20,284.41
RET-50131,ORD-12215,2025-12-14,166.28
RET-50132,ORD-10500,2025-11-29,355.12
RET-50133,ORD-11565,2025-12-16,223.39
RET-50134,ORD-11361,2025-12-28,121.12
RET-50135,ORD-15776,2025-12-17,320.84
RET-50136,ORD-10867,2025-12-07,107.33
RET-50137,ORD-10514,2025-12-26,41.7
RET-50138,ORD-12898,2025-11-29,224.11
RET-50139,ORD-15661,2025-12-25,70.71
RET-50140,ORD-11886,2025-11-20,24.48
RET-50141,ORD-17045,2025-12-10,203.87
RET-50142,ORD-12718,2025-11-16,426.59
RET-50143,ORD-12905,2025-11-11,46.22
RET-50144,ORD-10081,2025-12-27,319.18
RET-50145,ORD-12603,2025-12-29,172.44
RET-50146,ORD-10770,2026-01-06,73.1
RET-50147,ORD-12219,2025-12-13,74.04
RET-50148,ORD-11719,2025-12-07,134.81
RET-50149,ORD-15896,2026-01-02,459.12
RET-50150,ORD-16323,2025-12-15,192.52
RET-50151,ORD-11143,2025-12-11,291.55
RET-50152,ORD-10822,2025-12-27,180.08
RET-50153,ORD-14766,2025-12-16,431.61
RET-50154,ORD-15241,2025-12-05,221.95
RET-50155,ORD-10860,2025-11-30,392.25
RET-50156,ORD-12453,2025-12-29,186.69
RET-50157,ORD-11947,2026-01-07,90.78
RET-50158,ORD-15457,2025-11-30,207.64
RET-50159,ORD-16892,2026-01-03,466.4
RET-50160,ORD-10404,2026-01-12,173.62
RET-50161,ORD-14238,2025-11-19,357.01
RET-50162,ORD-16974,2026-01-08,282.38
RET-50163,ORD-13617,2025-12-03,425.66
RET-50164,ORD-13974,2025-12-19,150.32
RET-50165,ORD-17514,2025-12-29,312.54
RET-50166,ORD-14843,2025-12-12,40.69
RET-50167,ORD-13776,2026-01-09,414.07
RET-50168,ORD-15224,2025-12-19,211.99
RET-50169,ORD-11144,2025-12-31,148.17
RET-50170,ORD-12137,2026-01-08,371.12
RET-50171,ORD-13818,2026-01-05,413.93
RET-50172,ORD-14959,2025-11-25,379.7
RET-50173,ORD-17977,2025-12-08,383.59
RET-50174,ORD-11039,2025-11-14,171.34
RET-50175,ORD-13066,2026-01-12,27.25
RET-50176,ORD-15672,2025-12-28,327.41
RET-50177,ORD-16072,2025-12-02,101.05
RET-50178,ORD-12058,2025-12-13,332.47
RET-50179,ORD-17044,2025-12-03,467.67
RET-50180,ORD-11075,2025-12-19,225.33
RET-50181,ORD-11256,2025-11-21,116.25
RET-50182,ORD-17952,2025-11-26,309.45
RET-50183,ORD-10765,2025-12-02,293.55
RET-50184,ORD-14110,2025-12-05,290.68
RET-50185,ORD-14466,2026-01-14,83.84
RET-50186,ORD-11935,2025-11-16,406.39
RET-50187,ORD-15801,2026-01-12,68.07
RET-50188,ORD-16706,2026-01-15,466.36
RET-50189,ORD-12083,2025-11-22,456.43
RET-50190,ORD-15146,2025-12-20,331.37
RET-50191,ORD-16536,2025-11-14,341.27
RET-50192,ORD-15532,2026-01-03,351.99
RET-50193,ORD-12632,2025-11-19,22.09
RET-50194,ORD-15737,2025-11-19,147.73
RET-50195,ORD-17633,2025-11-22,492.13
RET-50196,ORD-14421,2025-12-03,479.23
RET-50197,ORD-16481,2025-11-23,251.6
RET-50198,ORD-10896,2025-11-22,160.71
RET-50199,ORD-14839,2026-01-15,151.51
RET-50200,ORD-11477,2026-01-08,385.9
RET-50201,ORD-16028,2025-11-28,365.6
RET-50202,ORD-17599,2025-11-29,154.92
RET-50203,ORD-17939,2025-12-30,248.17
RET-50204,ORD-10060,2025-11-24,206.57
RET-50205,ORD-12478,2025-12-28,79.91
RET-50206,ORD-16321,2025-11-19,264.56
RET-50207,ORD-14446,2025-12-02,106.83
RET-50208,ORD-13957,2025-11-20,221.42
RET-50209,ORD-14035,2025-12-10,494.44
RET-50210,ORD-10339,2025-12-09,66.96
RET-50211,ORD-13534,2025-12-23,131.6
RET-50212,ORD-14036,2025-12-25,489.09
RET-50213,ORD-15194,2025-12-03,118.31
RET-50214,ORD-13131,2025-11-16,415.03
RET-50215,ORD-16795,2025-11-18,157.08
RET-50216,ORD-14706,2025-12-10,396.83
RET-50217,ORD-11624,2025-12-24,104.15
RET-50218,ORD-17877,2026-01-14,205.78
RET-50219,ORD-11711,2025-12-01,49.45
RET-50220,ORD-17214,2025-12-17,90.78
RET-50221,ORD-11920,2026-01-18,353.9
RET-50222,ORD-16205,2025-12-31,474.97
RET-50223,ORD-11393,2025-12-11,269.49
RET-50224,ORD-14824,2025-12-09,281.39
RET-50225,ORD-14829,2025-12-28,261.61
RET-50226,ORD-14572,2026-01-01,134.75
RET-50227,ORD-13522,2026-01-09,148.91
RET-50228,ORD-12902,2025-12-02,20.01
RET-50229,ORD-10780,2025-12-15,353.1
RET-50230,ORD-12932,2026-01-17,57.66
RET-50231,ORD-17148,2025-12-10,232.66
RET-50232,ORD-15058,2025-12-14,287.92
RET-50233,ORD-17723,2025-11-30,379.15
RET-50234,ORD-10468,2025-12-04,127.33
RET-50235,ORD-11359,2025-11-18,304.33
RET-50236,ORD-12787,2025-12-13,114.52
RET-50237,ORD-13827,2025-12-27,251.42
RET-50238,ORD-15868,2026-01-14,410.31
RET-50239,ORD-14447,2025-12-09,403.6
RET-50240,ORD-15451,2026-01-06,134.6
RET-50241,ORD-12374,2025-12-17,343.02
RET-50242,ORD-17864,2025-12-29,171.86
RET-50243,ORD-13549,2026-01-06,290.44
RET-50244,ORD-12252,2026-01-02,341.22
RET-50245,ORD-10469,2025-11-21,482.35
RET-50246,ORD-17236,2025-11-27,314.32
RET-50247,ORD-14257,2025-12-13,236.83
RET-50248,ORD-12732,2025-12-10,47.77
RET-50249,ORD-15214,2025-11-26,209.0
RET-50250,ORD-14124,2025-12-26,400.25
RET-50251,ORD-16435,2025-12-07,289.83
RET-50252,ORD-16425,2025-12-01,95.31
RET-50253,ORD-12943,2025-11-23,362.92
RET-50254,ORD-16023,2025-11-15,67.63
RET-50255,ORD-14319,2026-01-06,267.82
RET-50256,ORD-14345,2026-01-08,189.49
RET-50257,ORD-11573,2025-12-30,434.14
RET-50258,ORD-16052,2026-01-16,277.13
RET-50259,ORD-14435,2025-11-24,154.69
RET-50260,ORD-11407,2025-12-22,406.72
RET-50261,ORD-17968,2025-12-11,221.76
RET-50262,ORD-12626,2025-12-17,62.86
RET-50263,ORD-15730,2025-12-19,414.31
RET-50264,ORD-13581,2025-12-18,422.35
RET-50265,ORD-15821,2025-12-11,234.03
RET-50266,ORD-16502,2025-11-16,247.74
RET-50267,ORD-13914,2026-01-13,483.56
RET-50268,ORD-11105,2025-12-20,103.47
RET-50269,ORD-13313,2025-12-03,24.01
RET-50270,ORD-16459,2025-12-06,186.7
RET-50271,ORD-11408,2026-01-02,300.97
RET-50272,ORD-10147,2026-01-17,261.29
RET-50273,ORD-16059,2026-01-02,419.33
RET-50274,ORD-14160,2025-12-15,266.94
RET-50275,ORD-12180,2025-11-30,166.55
RET-50276,ORD-13259,2026-01-17,449.92
RET-50277,ORD-13950,2025-12-07,31.38
RET-50278,ORD-11026,2025-12-10,433.78
RET-50279,ORD-15394,2025-11-24,364.65
RET-50280,ORD-14788,2026-01-05,256.62
RET-50281,ORD-16380,2026-01-11,308.26
RET-50282,ORD-11378,2025-12-17,192.43
RET-50283,ORD-12968,2025-11-14,474.6
RET-50284,ORD-12499,2025-12-03,215.64
RET-50285,ORD-17569,2025-12-22,38.09
RET-50286,ORD-11775,2025-11-29,171.4
RET-50287,ORD-17063,2025-12-07,393.69
RET-50288,ORD-15223,2025-12-29,190.3
RET-50289,ORD-17167,2025-12-12,239.96
RET-50290,ORD-12612,2025-11-30,138.48
RET-50291,ORD-16038,2026-01-05,80.86
RET-50292,ORD-13057,2025-12-25,56.95
RET-50293,ORD-10656,2025-12-11,156.21
RET-50294,ORD-16436,2025-12-26,285.3
RET-50295,ORD-14797,2025-11-30,395.92
RET-50296,ORD-13209,2025-12-09,313.06
RET-50297,ORD-11382,2025-11-26,485.32
RET-50298,ORD-14550,2025-12-02,467.72
RET-50299,ORD-11302,2025-11-13,44.95
RET-50300,ORD-11414,2025-12-06,274.96
RET-50301,ORD-11503,2026-01-02,183.8
RET-50302,ORD-17123,2025-12-30,442.14
RET-50303,ORD-12870,2025-12-19,449.17
RET-50304,ORD-10070,2025-12-29,390.68
RET-50305,ORD-16184,2025-11-26,30.55
RET-50306,ORD-10870,2025-11-25,199.19
RET-50307,ORD-14368,2025-12-03,98.42
RET-50308,ORD-11502,2025-12-11,32.31
RET-50309,ORD-12889,2026-01-06,421.2
RET-50310,ORD-15974,2026-01-23,158.79
RET-50311,ORD-16519,2025-11-22,94.73
RET-50312,ORD-15436,2025-11-29,121.27
RET-50313,ORD-17649,2026-01-09,304.07
RET-50314,ORD-15207,2025-12-15,228.57
RET-50315,ORD-13323,2025-12-10,300.18
RET-50316,ORD-11376,2026-01-01,233.75
RET-50317,ORD-16200,2026-01-10,357.57
RET-50318,ORD-17232,2025-11-13,42.11
RET-50319,ORD-12456,2026-01-01,233.14
RET-50320,ORD-13663,2025-12-17,36.76
RET-50321,ORD-11409,2026-01-15,436.77
RET-50322,ORD-14525,2025-11-20,226.24
RET-50323,ORD-13368,2026-01-11,111.64
RET-50324,ORD-11545,2025-12-07,252.1
RET-50325,ORD-16229,2025-11-17,207.31
RET-50326,ORD-17215,2025-12-26,313.59
RET-50327,ORD-11476,2025-11-27,407.77
RET-50328,ORD-15293,2026-01-03,30.49
RET-50329,ORD-10104,2026-01-06,455.63
RET-50330,ORD-10742,2026-01-07,378.85
RET-50331,ORD-16972,2026-01-13,49.13
RET-50332,ORD-17747,2025-11-16,375.99
RET-50333,ORD-11388,2026-01-25,485.51
RET-50334,ORD-16495,2026-01-04,82.7
RET-50335,ORD-11331,2025-12-31,365.22
RET-50336,ORD-12012,2026-01-03,455.09
RET-50337,ORD-17553,2025-12-02,243.13
RET-50338,ORD-12240,2025-11-24,401.4
RET-50339,ORD-10714,2026-01-24,187.46
RET-50340,ORD-12354,2025-12-13,367.51
RET-50341,ORD-14667,2025-12-23,422.65
RET-50342,ORD-14697,2025-12-03,263.72
RET-50343,ORD-11433,2025-12-15,340.09
RET-50344,ORD-14866,2025-12-29,190.86
RET-50345,ORD-10093,2025-12-25,289.41
RET-50346,ORD-16455,2025-12-13,111.8
RET-50347,ORD-10110,2025-12-14,159.08
RET-50348,ORD-14960,2025-12-02,281.93
RET-50349,ORD-15752,2025-11-16,71.37
RET-50350,ORD-15366,2025-12-11,313.44
RET-50351,ORD-13420,2025-12-03,386.89
RET-50352,ORD-13231,2025-11-28,311.72
RET-50353,ORD-11394,2025-12-16,181.76
RET-50354,ORD-16811,2025-12-21,44.99
RET-50355,ORD-15682,2026-01-05,459.12
RET-50356,ORD-13632,2026-01-08,240.0
RET-50357,ORD-10325,2026-01-11,374.19
RET-50358,ORD-11100,2026-01-13,47.76
RET-50359,ORD-13357,2026-01-03,203.74
RET-50360,ORD-13264,2025-12-12,400.52
RET-50361,ORD-10002,2025-11-25,371.36
RET-50362,ORD-12148,2026-01-13,257.22
RET-50363,ORD-17524,2026-01-01,190.33
RET-50364,ORD-16807,2026-01-07,224.63
RET-50365,ORD-17306,2025-12-26,419.84
RET-50366,ORD-12807,2025-11-20,97.6
RET-50367,ORD-16783,2026-01-07,171.65
RET-50368,ORD-16874,2025-12-28,430.84
RET-50369,ORD-10431,2026-01-20,385.53
RET-50370,ORD-17887,2026-01-12,209.16
RET-50371,ORD-14757,2025-12-08,393.46
RET-50372,ORD-12959,2025-12-12,407.39
RET-50373,ORD-13525,2025-12-10,90.69
RET-50374,ORD-11590,2025-12-26,352.37
RET-50375,ORD-11516,2026-01-02,330.79
RET-50376,ORD-10546,2025-11-29,74.51
RET-50377,ORD-13909,2026-01-03,176.1
RET-50378,ORD-16848,2026-01-10,307.53
RET-50379,ORD-12335,2025-11-27,204.24
RET-50380,ORD-15300,2026-01-08,396.08
RET-50381,ORD-10322,2025-12-10,336.89
RET-50382,ORD-10153,2025-11-16,254.94
RET-50383,ORD-15875,2025-11-28,143.98
RET-50384,ORD-11897,2025-12-04,110.25
RET-50385,ORD-15034,2025-12-01,99.8
RET-50386,ORD-10613,2026-01-16,59.24
RET-50387,ORD-10408,2025-12-20,454.58
RET-50388,ORD-16040,2026-01-12,304.92
RET-50389,ORD-16228,2025-12-25,394.73
RET-50390,ORD-10691,2025-12-13,224.21
RET-50391,ORD-14709,2025-12-28,331.4
RET-50392,ORD-11799,2025-12-26,25.81
RET-50393,ORD-13037,2025-12-04,490.58
RET-50394,ORD-16250,2025-12-15,242.63
RET-50395,ORD-11644,2025-12-04,62.78
RET-50396,ORD-14413,2026-01-13,328.07
RET-50397,ORD-15072,2026-01-06,252.81
RET-50398,ORD-11455,2025-12-28,466.86
RET-50399,ORD-11101,2025-12-30,485.17
RET-50400,ORD-11313,2026-01-03,412.3
RET-50401,ORD-12440,2025-12-25,285.78
RET-50402,ORD-16851,2025-12-31,467.12
RET-50403,ORD-13798,2025-12-21,102.81
RET-50404,ORD-10767,2025-12-13,440.85
RET-50405,ORD-10711,2025-12-08,305.91
RET-50406,ORD-17779,2025-11-23,268.74
RET-50407,ORD-14848,2026-01-11,386.49
RET-50408,ORD-11820,2025-12-04,118.73
RET-50409,ORD-16981,2025-12-28,277.57
RET-50410,ORD-10047,2025-11-29,269.63
RET-50411,ORD-15692,2025-12-11,348.05
RET-50412,ORD-10383,2025-11-13,441.19
RET-50413,ORD-13439,2025-12-12,465.99
RET-50414,ORD-17906,2026-01-04,82.57
RET-50415,ORD-10174,2025-12-02,329.68
RET-50416,ORD-14332,2025-12-11,231.13
RET-50417,ORD-11176,2025-12-23,394.33
RET-50418,ORD-13779,2025-11-24,451.23
RET-50419,ORD-13980,2025-11-22,419.53
RET-50420,ORD-15399,2025-12-29,436.19
RET-50421,ORD-10305,2025-11-25,488.41
RET-50422,ORD-12624,2025-12-16,201.11
RET-50423,ORD-13276,2026-01-10,424.8
RET-50424,ORD-12301,2025-12-01,294.58
RET-50425,ORD-13278,2026-01-11,180.14
RET-50426,ORD-10908,2025-12-05,144.52
RET-50427,ORD-17565,2025-11-13,449.17
RET-50428,ORD-15612,2025-12-22,414.2
RET-50429,ORD-16130,2025-12-03,200.47
RET-50430,ORD-13424,2025-12-14,421.82
RET-50431,ORD-16885,2026-01-12,467.23
RET-50432,ORD-10449,2026-01-14,60.08
RET-50433,ORD-13883,2025-12-02,125.81
RET-50434,ORD-17992,2025-12-11,151.53
RET-50435,ORD-13571,2025-12-22,278.25
RET-50436,ORD-17129,2025-12-04,473.66
RET-50437,ORD-11063,2025-12-31,220.53
RET-50438,ORD-13202,2025-12-04,113.05
RET-50439,ORD-12305,2025-12-16,210.57
RET-50440,ORD-11789,2025-12-11,268.84
RET-50441,ORD-15805,2026-01-21,62.43
RET-50442,ORD-14306,2025-12-03,248.88
RET-50443,ORD-15842,2025-12-08,64.91
RET-50444,ORD-17695,2026-01-02,345.5
RET-50445,ORD-12899,2025-12-17,38.03
RET-50446,ORD-10084,2025-12-09,169.27
RET-50447,ORD-10120,2025-12-17,407.57
RET-50448,ORD-14689,2025-12-10,488.37
RET-50449,ORD-12667,2025-12-28,332.79
RET-50450,ORD-11869,2025-11-22,368.47
RET-50451,ORD-13793,2025-11-30,374.66
RET-50452,ORD-11421,2025-12-06,263.47
RET-50453,ORD-11637,2025-11-17,93.16
RET-50454,ORD-12223,2025-11-17,136.11
RET-50455,ORD-13470,2026-01-01,29.19
RET-50456,ORD-10738,2025-12-26,230.78
RET-50457,ORD-13642,2025-12-24,244.67
RET-50458,ORD-16767,2026-01-08,131.5
RET-50459,ORD-13486,2025-12-18,190.36
RET-50460,ORD-15398,2026-01-22,209.35
RET-50461,ORD-11201,2025-11-18,31.8
RET-50462,ORD-17023,2025-12-23,400.48
RET-50463,ORD-11826,2025-12-14,40.14
RET-50464,ORD-15515,2025-11-22,392.42
RET-50465,ORD-10911,2025-12-13,148.67
RET-50466,ORD-11684,2026-01-01,83.61
RET-50467,ORD-17105,2025-11-25,52.16
RET-50468,ORD-17258,2026-01-12,365.78
RET-50469,ORD-11623,2026-01-04,479.66
RET-50470,ORD-16443,2025-11-19,35.59
RET-50471,ORD-13361,2025-12-16,150.53
RET-50472,ORD-10939,2025-12-09,296.73
RET-50473,ORD-10101,2025-11-23,325.48
RET-50474,ORD-15266,2025-12-08,159.62
RET-50475,ORD-17674,2025-12-07,268.46
RET-50476,ORD-16492,2025-11-23,217.19
RET-50477,ORD-15056,2025-12-29,230.1
RET-50478,ORD-12121,2025-12-09,262.5
RET-50479,ORD-12319,2025-12-24,217.29
RET-50480,ORD-15837,2026-01-11,217.25
RET-50481,ORD-10763,2025-12-24,377.09
RET-50482,ORD-17905,2025-12-20,496.2
RET-50483,ORD-13565,2025-12-12,368.0
RET-50484,ORD-12454,2026-01-14,298.62
RET-50485,ORD-11124,2025-12-20,334.52
RET-50486,ORD-17689,2025-12-24,422.16
RET-50487,ORD-11638,2025-12-31,496.39
RET-50488,ORD-15860,2025-11-16,238.59
RET-50489,ORD-10812,2025-12-02,79.84
RET-50490,ORD-13187,2026-01-19,189.82
RET-50491,ORD-12858,2025-12-12,37.29
RET-50492,ORD-12261,2025-12-05,308.92
RET-50493,ORD-17372,2025-11-15,67.76
RET-50494,ORD-16693,2025-12-12,405.54
RET-50495,ORD-12356,2025-12-28,453.18
RET-50496,ORD-10952,2025-11-22,104.18
RET-50497,ORD-17498,2026-01-09,122.17
RET-50498,ORD-16134,2025-12-20,28.65
RET-50499,ORD-11610,2026-01-18,442.44
RET-50500,ORD-11463,2025-12-13,335.77
RET-50501,ORD-13800,2025-12-29,162.25
RET-50502,ORD-13849,2026-01-10,52.86
RET-50503,ORD-17329,2026-01-02,295.28
RET-50504,ORD-13181,2025-12-10,158.81
RET-50505,ORD-14287,2025-12-17,296.95
RET-50506,ORD-12965,2025-12-02,356.56
RET-50507,ORD-13904,2026-01-20,425.22
RET-50508,ORD-17790,2025-11-11,283.49
RET-50509,ORD-13442,2025-12-28,121.59
RET-50510,ORD-17326,2025-11-30,122.99
RET-50511,ORD-17525,2025-12-20,314.09
RET-50512,ORD-16160,2025-12-04,94.3
RET-50513,ORD-10259,2026-01-05,66.64
RET-50514,ORD-13456,2025-12-07,260.17
RET-50515,ORD-17034,2026-01-02,233.95
RET-50516,ORD-15673,2025-12-27,170.8
RET-50517,ORD-11707,2025-11-25,123.7
RET-50518,ORD-16472,2025-12-17,330.81
RET-50519,ORD-12056,2025-11-22,241.9
RET-50520,ORD-14951,2025-12-25,44.61
RET-50521,ORD-12394,2026-01-03,447.25
RET-50522,ORD-11475,2026-01-16,340.44
RET-50523,ORD-15109,2025-11-29,483.81
RET-50524,ORD-17984,2025-12-27,230.56
RET-50525,ORD-10368,2025-11-21,113.98
RET-50526,ORD-16707,2025-12-09,281.64
RET-50527,ORD-12272,2025-12-30,254.08
RET-50528,ORD-17208,2025-12-06,203.92
RET-50529,ORD-13510,2026-01-19,180.93
RET-50530,ORD-16626,2025-12-16,407.76
RET-50531,ORD-10569,2026-01-05,187.16
RET-50532,ORD-13877,2025-12-19,442.08
RET-50533,ORD-12685,2026-01-08,29.28
RET-50534,ORD-17031,2025-12-07,156.46
RET-50535,ORD-12786,2025-11-21,481.1
RET-50536,ORD-10819,2026-01-11,180.89
RET-50537,ORD-14191,2025-12-24,438.97
RET-50538,ORD-14509,2025-12-03,471.91
RET-50539,ORD-13615,2025-12-25,61.77
RET-50540,ORD-10161,2025-12-22,323.51
RET-50541,ORD-10708,2026-01-09,142.23
RET-50542,ORD-16847,2025-11-29,235.45
RET-50543,ORD-16932,2025-12-24,225.01
RET-50544,ORD-14050,2025-11-09,468.53
RET-50545,ORD-15076,2025-12-08,314.81
RET-50546,ORD-15042,2025-12-01,112.17
RET-50547,ORD-14625,2026-01-03,347.62
RET-50548,ORD-11546,2025-12-15,406.88
RET-50549,ORD-11412,2025-12-18,149.48
RET-50550,ORD-12455,2025-12-26,86.81
RET-50551,ORD-15712,2025-12-24,237.38
RET-50552,ORD-11497,2025-12-22,242.48
RET-50553,ORD-10337,2025-11-19,357.76
RET-50554,ORD-17227,2026-01-16,72.81
RET-50555,ORD-11381,2025-11-22,207.72
RET-50556,ORD-12351,2026-01-03,458.38
RET-50557,ORD-14590,2025-12-25,296.03
RET-50558,ORD-11795,2026-01-17,60.7
RET-50559,ORD-13647,2025-12-17,226.39
RET-50560,ORD-12520,2026-01-12,352.42
RET-50561,ORD-12184,2025-11-26,333.52
RET-50562,ORD-16320,2026-01-08,316.69
RET-50563,ORD-12189,2025-11-28,339.19
RET-50564,ORD-10637,2026-01-17,136.39
RET-50565,ORD-16296,2025-12-21,188.09
RET-50566,ORD-14064,2025-11-19,435.47
RET-50567,ORD-11794,2026-01-09,40.0
RET-50568,ORD-12829,2025-11-21,34.0
RET-50569,ORD-13509,2025-12-12,49.95
RET-50570,ORD-16397,2026-01-10,178.17
RET-50571,ORD-12746,2025-12-20,297.58
RET-50572,ORD-16521,2025-11-26,121.66
RET-50573,ORD-11608,2025-12-29,132.18
RET-50574,ORD-14104,2025-11-20,162.05
RET-50575,ORD-16749,2025-11-25,215.79
RET-50576,ORD-13184,2025-12-01,267.2
RET-50577,ORD-14690,2025-11-28,197.19
RET-50578,ORD-12093,2025-12-19,271.2
RET-50579,ORD-13675,2025-12-08,154.9
RET-50580,ORD-14671,2026-01-07,442.05
RET-50581,ORD-16232,2026-01-04,285.97
RET-50582,ORD-10088,2026-01-04,445.86
RET-50583,ORD-11355,2025-12-18,439.24
RET-50584,ORD-12940,2025-12-19,147.36
RET-50585,ORD-17161,2026-01-03,217.25
RET-50586,ORD-12403,2026-01-02,169.38
RET-50587,ORD-16330,2025-12-14,38.03
RET-50588,ORD-14391,2025-12-13,279.81
RET-50589,ORD-13028,2025-12-06,342.31
RET-50590,ORD-16105,2025-11-06,105.69
RET-50591,ORD-11846,2025-12-12,78.32
RET-50592,ORD-13100,2025-11-25,64.46
RET-50593,ORD-16898,2025-12-28,173.63
RET-50594,ORD-16234,2025-12-24,201.78
RET-50595,ORD-11120,2026-01-08,446.6
RET-50596,ORD-14582,2025-11-14,395.31
RET-50597,ORD-14651,2025-12-10,364.38
RET-50598,ORD-12300,2026-01-19,405.24
RET-50599,ORD-15637,2025-11-23,423.37
RET-50600,ORD-13830,2025-12-13,202.88
RET-50601,ORD-11416,2025-11-27,38.88
RET-50602,ORD-11620,2026-01-20,243.3
RET-50603,ORD-14224,2025-12-05,299.9
RET-50604,ORD-13554,2025-11-27,89.16
RET-50605,ORD-16012,2025-12-26,489.89
RET-50606,ORD-15784,2026-01-16,28.12
RET-50607,ORD-10517,2026-01-06,409.07
RET-50608,ORD-15348,2025-12-31,235.97
RET-50609,ORD-10099,2025-12-06,71.79
RET-50610,ORD-17842,2026-01-11,52.28
RET-50611,ORD-10026,2025-11-27,115.84
RET-50612,ORD-14879,2025-12-28,415.52
RET-50613,ORD-12776,2025-11-27,41.07
RET-50614,ORD-11860,2025-11-15,392.69
RET-50615,ORD-14103,2025-11-22,103.83
RET-50616,ORD-17163,2026-01-07,355.67
RET-50617,ORD-12762,2026-01-02,322.84
RET-50618,ORD-15126,2025-12-04,282.28
RET-50619,ORD-17255,2025-12-05,285.12
RET-50620,ORD-12563,2025-12-09,54.99
RET-50621,ORD-13946,2026-01-13,337.62
RET-50622,ORD-17730,2025-12-15,273.18
RET-50623,ORD-12194,2026-01-01,73.27
RET-50624,ORD-11428,2025-12-18,326.78
RET-50625,ORD-10748,2025-12-11,455.11
RET-50626,ORD-13201,2025-12-28,261.5
RET-50627,ORD-15948,2025-12-01,346.52
RET-50628,ORD-12281,2026-01-06,193.69
RET-50629,ORD-12631,2025-11-25,357.85
RET-50630,ORD-16391,2025-11-19,218.56
RET-50631,ORD-14833,2025-12-23,94.77
RET-50632,ORD-14943,2026-01-05,194.36
RET-50633,ORD-10131,2025-12-30,126.61
RET-50634,ORD-16842,2025-12-17,78.15
RET-50635,ORD-16537,2026-01-06,446.37
RET-50636,ORD-10266,2026-01-07,354.57
RET-50637,ORD-14764,2025-12-19,278.43
RET-50638,ORD-16398,2025-11-08,231.49
RET-50639,ORD-11805,2025-11-19,391.83
RET-50640,ORD-13907,2026-01-18,168.06
RET-50641,ORD-14371,2025-11-15,205.62
RET-50642,ORD-10636,2025-12-04,275.66
RET-50643,ORD-12145,2025-12-14,414.39
RET-50644,ORD-15504,2025-11-26,168.91
RET-50645,ORD-13500,2025-12-21,157.53
RET-50646,ORD-12496,2025-12-18,297.09
RET-50647,ORD-14003,2025-11-24,93.87
RET-50648,ORD-16933,2025-12-23,81.8
RET-50649,ORD-15304,2026-01-13,227.76
RET-50650,ORD-15202,2026-01-15,328.53
RET-50651,ORD-13363,2025-11-29,146.75
RET-50652,ORD-16037,2026-01-12,439.37
RET-50653,ORD-10768,2026-01-03,184.2
RET-50654,ORD-12405,2025-12-17,310.77
RET-50655,ORD-11819,2026-01-10,203.33
RET-50656,ORD-13732,2025-12-30,234.42
RET-50657,ORD-14138,2025-12-04,339.23
RET-50658,ORD-17833,2025-12-13,440.75
RET-50659,ORD-17426,2026-01-20,68.3
RET-50660,ORD-14280,2025-11-21,98.08
RET-50661,ORD-12259,2025-12-25,228.61
RET-50662,ORD-11738,2026-01-16,196.52
RET-50663,ORD-13744,2025-12-30,23.3
RET-50664,ORD-10419,2025-11-18,381.14
RET-50665,ORD-13245,2025-11-26,102.41
RET-50666,ORD-15961,2025-12-21,474.63
RET-50667,ORD-13073,2025-12-31,150.13
RET-50668,ORD-10674,2026-01-19,216.99
RET-50669,ORD-14441,2025-12-19,418.7
RET-50670,ORD-16164,2025-12-24,142.24
RET-50671,ORD-13697,2025-12-20,340.58
RET-50672,ORD-16907,2025-11-17,404.92
RET-50673,ORD-15339,2026-01-09,22.97
RET-50674,ORD-17889,2026-01-09,212.07
RET-50675,ORD-17013,2025-11-27,111.93
RET-50676,ORD-12878,2025-12-30,303.74
RET-50677,ORD-17196,2025-11-29,82.92
RET-50678,ORD-13404,2025-12-11,379.13
RET-50679,ORD-12100,2025-12-03,459.24
RET-50680,ORD-17340,2025-12-12,473.14
RET-50681,ORD-13392,2026-01-12,446.3
RET-50682,ORD-16955,2026-01-13,192.72
RET-50683,ORD-13828,2025-12-19,423.64
RET-50684,ORD-11076,2025-12-17,204.48
RET-50685,ORD-15565,2025-12-17,31.83
RET-50686,ORD-17183,2025-12-30,390.19
RET-50687,ORD-13176,2025-12-29,338.83
RET-50688,ORD-16185,2025-12-23,405.29
RET-50689,ORD-11915,2025-11-21,366.59
RET-50690,ORD-13310,2026-01-07,366.91
RET-50691,ORD-14533,2025-12-06,167.08
RET-50692,ORD-17574,2026-01-07,24.01
RET-50693,ORD-16628,2025-12-20,286.82
RET-50694,ORD-17383,2025-11-26,289.35
RET-50695,ORD-17902,2025-12-27,149.18
RET-50696,ORD-16407,2025-11-23,171.0
RET-50697,ORD-10550,2026-01-15,269.68
RET-50698,ORD-13012,2025-12-17,167.25
RET-50699,ORD-12432,2025-11-30,492.33
RET-50700,ORD-15685,2025-11-28,384.31
RET-50701,ORD-10713,2025-11-22,217.68
RET-50702,ORD-14255,2025-12-12,335.89
RET-50703,ORD-13053,2025-11-27,157.98
RET-50704,ORD-16688,2025-12-08,280.87
RET-50705,ORD-14239,2025-11-27,179.05
RET-50706,ORD-16115,2025-11-23,357.15
RET-50707,ORD-14988,2025-11-21,371.0
RET-50708,ORD-14679,2025-12-10,323.06
RET-50709,ORD-10274,2025-12-15,265.44
RET-50710,ORD-17687,2025-12-21,169.62
RET-50711,ORD-10489,2025-12-01,447.33
RET-50712,ORD-11221,2025-12-28,92.51
RET-50713,ORD-13709,2025-12-17,482.41
RET-50714,ORD-13894,2025-12-22,371.12
RET-50715,ORD-17573,2025-12-01,378.23
RET-50716,ORD-15699,2026-01-02,160.28
RET-50717,ORD-11367,2025-12-12,456.34
RET-50718,ORD-14725,2025-12-30,20.11
RET-50719,ORD-16906,2026-01-07,130.87
RET-50720,ORD-10901,2025-12-12,32.74
RET-50721,ORD-10090,2025-12-20,77.41
RET-50722,ORD-16365,2025-11-28,299.43
RET-50723,ORD-14235,2025-12-06,171.57
RET-50724,ORD-12523,2025-11-16,192.18
RET-50725,ORD-12740,2025-12-23,195.53
RET-50726,ORD-10335,2025-12-07,39.55
RET-50727,ORD-15713,2025-12-07,473.94
RET-50728,ORD-13722,2026-01-18,469.03
RET-50729,ORD-15323,2025-12-08,499.42
RET-50730,ORD-16891,2026-01-02,452.36
RET-50731,ORD-16861,2025-12-21,456.32
RET-50732,ORD-14604,2026-01-04,380.61
RET-50733,ORD-13154,2025-12-09,232.42
RET-50734,ORD-10167,2025-12-02,109.53
RET-50735,ORD-12376,2025-11-12,167.03
RET-50736,ORD-17997,2025-11-19,238.56
RET-50737,ORD-11934,2025-11-22,344.7
RET-50738,ORD-12976,2025-11-21,422.72
RET-50739,ORD-13374,2026-01-09,411.17
RET-50740,ORD-16167,2026-01-02,493.55
RET-50741,ORD-10272,2025-12-13,436.19
RET-50742,ORD-12764,2026-01-16,84.45
RET-50743,ORD-17368,2025-11-11,110.76
RET-50744,ORD-10299,2025-12-13,60.97
RET-50745,ORD-11866,2025-12-26,40.72
RET-50746,ORD-15782,2025-11-19,306.1
RET-50747,ORD-12031,2025-12-26,291.36
RET-50748,ORD-13638,2026-01-07,159.9
RET-50749,ORD-12187,2025-12-18,387.71
RET-50750,ORD-17494,2026-01-15,433.33
RET-50751,ORD-13480,2026-01-09,93.77
RET-50752,ORD-14850,2026-01-19,491.0
RET-50753,ORD-14171,2026-01-05,493.92
RET-50754,ORD-11730,2026-01-11,167.0
RET-50755,ORD-10221,2025-12-27,292.79
RET-50756,ORD-13246,2025-12-03,260.05
RET-50757,ORD-15280,2025-11-14,494.3
RET-50758,ORD-13604,2026-01-10,124.98
RET-50759,ORD-15454,2025-11-29,357.94
RET-50760,ORD-11728,2025-12-24,410.71
RET-50761,ORD-10182,2025-11-22,463.85
RET-50762,ORD-16696,2025-12-12,337.69
RET-50763,ORD-13314,2025-11-08,124.48
RET-50764,ORD-13858,2025-11-28,213.54
RET-50765,ORD-15741,2026-01-19,293.36
RET-50766,ORD-16483,2026-01-17,24.82
RET-50767,ORD-17271,2025-12-28,482.68
RET-50768,ORD-17411,2026-01-03,234.41
RET-50769,ORD-10985,2026-01-07,257.84
RET-50770,ORD-14489,2026-01-07,290.67
RET-50771,ORD-17643,2026-01-15,146.09
RET-50772,ORD-11111,2026-01-08,127.73
RET-50773,ORD-11499,2025-12-18,434.4
RET-50774,ORD-16020,2025-12-16,220.63
RET-50775,ORD-13445,2025-12-19,331.76
RET-50776,ORD-17273,2026-01-19,31.25
RET-50777,ORD-17025,2026-01-05,256.8
RET-50778,ORD-17464,2026-01-02,199.25
RET-50779,ORD-14707,2026-01-01,113.94
RET-50780,ORD-15262,2025-12-17,287.69
RET-50781,ORD-12303,2025-12-06,160.87
RET-50782,ORD-16357,2025-11-29,239.94
RET-50783,ORD-10665,2025-12-27,93.37
RET-50784,ORD-15032,2025-12-10,290.92
RET-50785,ORD-10132,2025-12-05,77.54
RET-50786,ORD-16316,2025-11-26,367.3
RET-50787,ORD-14193,2026-01-02,370.52
RET-50788,ORD-13703,2026-01-07,427.09
RET-50789,ORD-14162,2026-01-04,283.46
RET-50790,ORD-14153,2025-11-28,191.17
RET-50791,ORD-13529,2026-01-09,231.08
RET-50792,ORD-12695,2025-12-21,269.14
RET-50793,ORD-11786,2025-12-29,325.6
RET-50794,ORD-14115,2025-12-26,183.66
RET-50795,ORD-16225,2025-11-20,321.54
RET-50796,ORD-12699,2025-11-23,391.0
RET-50797,ORD-15539,2026-01-09,244.29
RET-50798,ORD-14897,2026-01-12,163.03
RET-50799,ORD-16621,2025-12-23,215.06
RET-50800,ORD-16770,2025-12-25,74.16
RET-50801,ORD-10382,2025-11-17,321.89
RET-50802,ORD-13172,2025-12-10,96.56
RET-50803,ORD-13856,2025-12-11,190.24
RET-50804,ORD-11681,2025-12-01,488.29
RET-50805,ORD-14691,2025-12-07,191.45
RET-50806,ORD-13397,2026-01-06,425.54
RET-50807,ORD-11674,2025-12-19,399.21
RET-50808,ORD-12495,2025-12-20,256.32
RET-50809,ORD-15568,2026-01-08,421.46
RET-50810,ORD-16661,2025-12-29,232.09
RET-50811,ORD-11385,2026-01-19,176.09
RET-50812,ORD-15704,2025-11-23,459.34
RET-50813,ORD-14219,2025-12-25,141.11
RET-50814,ORD-15681,2025-11-24,257.3
RET-50815,ORD-15061,2025-12-28,462.87
RET-50816,ORD-17114,2025-12-01,268.22
RET-50817,ORD-16945,2026-01-11,386.38
RET-50818,ORD-14126,2025-11-24,346.22
RET-50819,ORD-16192,2025-12-02,395.72
RET-50820,ORD-13275,2025-12-08,414.27
RET-50821,ORD-10197,2026-01-13,450.61
RET-50822,ORD-16912,2025-11-16,116.27
RET-50823,ORD-12579,2025-12-09,330.95
RET-50824,ORD-16543,2025-12-17,148.93
RET-50825,ORD-12643,2025-11-11,329.19
RET-50826,ORD-16948,2026-01-02,443.6
RET-50827,ORD-10179,2025-12-23,86.01
RET-50828,ORD-15494,2026-01-03,247.73
RET-50829,ORD-15216,2026-01-12,233.4
RET-50830,ORD-12479,2026-01-08,401.22
RET-50831,ORD-14677,2025-12-10,481.48
RET-50832,ORD-11130,2025-12-10,367.24
RET-50833,ORD-11138,2025-11-23,250.68
RET-50834,ORD-16786,2026-01-03,470.59
RET-50835,ORD-10966,2025-11-25,365.14
RET-50836,ORD-15689,2025-11-26,330.05
RET-50837,ORD-13730,2025-12-26,92.23
RET-50838,ORD-10480,2026-01-17,322.11
RET-50839,ORD-12149,2026-01-01,417.56
RET-50840,ORD-15307,2025-11-26,206.82
RET-50841,ORD-17016,2026-01-08,135.85
RET-50842,ORD-14595,2025-12-18,329.7
RET-50843,ORD-13461,2025-12-28,94.98
RET-50844,ORD-16266,2025-12-15,491.08
RET-50845,ORD-15735,2026-01-16,347.68
RET-50846,ORD-16265,2025-12-29,260.42
RET-50847,ORD-14465,2025-11-24,210.08
RET-50848,ORD-17080,2025-11-08,181.09
RET-50849,ORD-15593,2025-12-01,486.83
RET-50850,ORD-15925,2025-12-13,364.43
RET-50851,ORD-13627,2025-12-10,437.92
RET-50852,ORD-10243,2026-01-04,197.68
RET-50853,ORD-13335,2025-12-11,379.99
RET-50854,ORD-11687,2026-01-10,253.79
RET-50855,ORD-11530,2026-01-04,169.43
RET-50856,ORD-16872,2025-12-28,317.6
RET-50857,ORD-10501,2025-11-18,277.33
RET-50858,ORD-16246,2025-12-03,100.06
RET-50859,ORD-10571,2026-01-04,396.15
RET-50860,ORD-13294,2025-12-16,484.67
RET-50861,ORD-11334,2026-01-06,487.9
RET-50862,ORD-14733,2025-12-06,465.83
RET-50863,ORD-17626,2025-12-07,447.05
RET-50864,ORD-17881,2025-12-15,239.47
RET-50865,ORD-17342,2025-12-14,353.05
RET-50866,ORD-13887,2025-11-22,325.0
RET-50867,ORD-11570,2026-01-14,301.57
RET-50868,ORD-17729,2025-12-13,280.35
RET-50869,ORD-16632,2025-12-14,339.57
RET-50870,ORD-14753,2025-11-18,264.27
RET-50871,ORD-14762,2025-12-24,382.19
RET-50872,ORD-11452,2025-12-17,437.07
RET-50873,ORD-16281,2025-11-18,290.07
RET-50874,ORD-16856,2025-12-13,321.42
RET-50875,ORD-14169,2026-01-01,66.39
RET-50876,ORD-16875,2025-12-23,228.65
RET-50877,ORD-15043,2025-11-29,340.01
RET-50878,ORD-15512,2026-01-05,436.5
RET-50879,ORD-14641,2025-12-21,170.2
RET-50880,ORD-16687,2025-11-27,188.82
RET-50881,ORD-14395,2025-12-19,424.24
RET-50882,ORD-17622,2025-12-16,95.47
RET-50883,ORD-11308,2025-11-17,182.94
RET-50884,ORD-14018,2025-12-28,162.7
RET-50885,ORD-10983,2025-12-08,56.07
RET-50886,ORD-14602,2025-12-31,456.44
RET-50887,ORD-11260,2025-11-15,149.12
RET-50888,ORD-13429,2026-01-05,301.73
RET-50889,ORD-15754,2025-11-22,456.89
RET-50890,ORD-12644,2025-12-08,43.13
RET-50891,ORD-17911,2025-12-16,218.2
RET-50892,ORD-17238,2025-11-09,337.71
RET-50893,ORD-16303,2025-11-27,393.4
RET-50894,ORD-11671,2025-12-29,441.43
RET-50895,ORD-16329,2025-12-09,45.3
RET-50896,ORD-16588,2025-12-18,111.71
RET-50897,ORD-11911,2025-12-12,440.79
RET-50898,ORD-10740,2025-12-20,242.09
RET-50899,ORD-13748,2025-12-14,213.16
RET-50900,ORD-16041,2025-11-29,81.01
RET-50901,ORD-17490,2025-12-16,72.49
RET-50902,ORD-10049,2025-12-14,108.73
RET-50903,ORD-14373,2026-01-11,210.94
RET-50904,ORD-13464,2026-01-07,106.09
RET-50905,ORD-16736,2025-12-27,473.01
RET-50906,ORD-16803,2025-12-25,242.89
RET-50907,ORD-12522,2025-12-27,163.71
RET-50908,ORD-15003,2025-11-12,183.2
RET-50909,ORD-11405,2025-11-30,247.82
RET-50910,ORD-13319,2025-12-12,390.95
RET-50911,ORD-14811,2026-01-09,429.89
RET-50912,ORD-12391,2025-12-14,100.09
RET-50913,ORD-11292,2026-01-01,292.42
RET-50914,ORD-10247,2026-01-03,483.99
RET-50915,ORD-11689,2026-01-08,387.11
RET-50916,ORD-15881,2025-11-26,320.87
RET-50917,ORD-15697,2025-12-21,214.63
RET-50918,ORD-14844,2025-11-21,105.97
RET-50919,ORD-14387,2025-12-11,43.37
RET-50920,ORD-15627,2026-01-17,184.35
RET-50921,ORD-17812,2026-01-06,69.63
RET-50922,ORD-15446,2025-12-05,186.95
RET-50923,ORD-17966,2025-12-31,151.95
RET-50924,ORD-17243,2025-12-27,275.33
RET-50925,ORD-15526,2025-12-30,326.7
RET-50926,ORD-11944,2025-12-24,398.54
RET-50927,ORD-17844,2025-12-25,413.95
RET-50928,ORD-12677,2025-11-22,47.88
RET-50929,ORD-12477,2025-12-05,399.44
RET-50930,ORD-15628,2025-11-24,282.31
RET-50931,ORD-15240,2025-12-25,489.94
RET-50932,ORD-14927,2025-11-21,128.95
RET-50933,ORD-15671,2025-12-23,157.34
RET-50934,ORD-10157,2025-12-27,385.58
RET-50935,ORD-10925,2026-01-01,30.79
RET-50936,ORD-12312,2025-12-16,256.9
RET-50937,ORD-12939,2025-11-26,40.36
RET-50938,ORD-16349,2026-01-11,360.67
RET-50939,ORD-14633,2025-12-10,433.48
RET-50940,ORD-15001,2025-12-27,247.25
RET-50941,ORD-13428,2025-12-23,434.93
RET-50942,ORD-13683,2025-11-13,133.73
RET-50943,ORD-10219,2025-11-12,427.63
RET-50944,ORD-13116,2025-12-17,374.59
RET-50945,ORD-14905,2025-11-22,97.61
RET-50946,ORD-11471,2025-11-26,374.46
RET-50947,ORD-10520,2026-01-16,305.18
RET-50948,ORD-15053,2025-12-15,60.78
RET-50949,ORD-12785,2025-12-23,136.15
RET-50950,ORD-16713,2026-01-11,415.4
RET-50951,ORD-14412,2025-12-20,341.81
RET-50952,ORD-13597,2026-01-03,285.28
RET-50953,ORD-11555,2025-12-03,121.78
RET-50954,ORD-10016,2025-12-09,166.04
RET-50955,ORD-13013,2025-12-12,189.42
RET-50956,ORD-12117,2025-11-25,315.34
RET-50957,ORD-14974,2026-01-17,141.04
RET-50958,ORD-11330,2026-01-07,286.57
RET-50959,ORD-17852,2025-12-23,399.32
