deal_id,rep_id,credit_pct
D00001,R039,0.4
D00001,R023,0.6
D00002,R046,1.0
D00003,R012,1.0
D00004,R025,1.0
D00005,R032,1.0
D00006,R003,1.0
D00007,R043,1.0
D00008,R026,1.0
D00009,R018,1.0
D00010,R020,0.6
D00010,R017,0.4
D00011,R047,0.5
D00011,R016,0.5
D00012,R014,1.0
D00013,R032,1.0
D00014,R039,0.5
D00014,R040,0.5
D00015,R037,1.0
D00016,R028,1.0
D00017,R015,1.0
D00018,R007,1.0
D00019,R050,1.0
D00020,R040,0.3
D00020,R047,0.7
D00021,R019,1.0
D00022,R006,1.0
D00023,R044,1.0
D00024,R012,0.6
D00024,R027,0.4
D00025,R021,1.0
D00026,R034,1.0
D00027,R043,0.6
D00027,R014,0.4
D00028,R005,1.0
D00029,R036,1.0
D00030,R021,1.0
D00031,R036,1.0
D00032,R025,1.0
D00033,R011,1.0
D00034,R018,1.0
D00035,R028,1.0
D00036,R017,1.0
D00037,R030,1.0
D00038,R017,1.0
D00039,R029,1.0
D00040,R024,0.3
D00040,R046,0.7
D00041,R029,1.0
D00042,R033,0.4
D00042,R002,0.6
D00043,R003,1.0
D00044,R004,1.0
D00045,R003,1.0
D00046,R035,0.5
D00046,R021,0.5
D00047,R044,1.0
D00048,R026,1.0
D00049,R040,1.0
D00050,R013,0.5
D00050,R018,0.5
D00051,R024,0.3
D00051,R008,0.7
D00052,R046,0.6
D00052,R010,0.4
D00053,R032,1.0
D00054,R029,0.7
D00054,R043,0.3
D00055,R039,1.0
D00056,R013,1.0
D00057,R050,1.0
D00058,R040,0.6
D00058,R016,0.4
D00059,R018,1.0
D00060,R009,1.0
D00061,R016,0.6
D00061,R008,0.4
D00062,R026,1.0
D00063,R001,1.0
D00064,R007,0.5
D00064,R032,0.5
D00065,R030,0.3
D00065,R034,0.7
D00066,R030,1.0
D00067,R044,1.0
D00068,R020,1.0
D00069,R038,1.0
D00070,R001,1.0
D00071,R005,0.6
D00071,R009,0.4
D00072,R010,1.0
D00073,R046,1.0
D00074,R044,1.0
D00075,R037,1.0
D00076,R046,0.4
D00076,R011,0.6
D00077,R049,1.0
D00078,R036,1.0
D00079,R031,0.4
D00079,R047,0.6
D00080,R019,1.0
D00081,R007,0.5
D00081,R048,0.5
D00082,R038,0.5
D00082,R014,0.5
D00083,R027,1.0
D00084,R013,0.4
D00084,R033,0.6
D00085,R013,1.0
D00086,R039,0.5
D00086,R050,0.5
D00087,R007,1.0
D00088,R028,1.0
D00089,R028,1.0
D00090,R043,1.0
D00091,R019,0.4
D00091,R011,0.6
D00092,R045,0.6
D00092,R013,0.4
D00093,R021,1.0
D00094,R013,1.0
D00095,R017,1.0
D00096,R009,1.0
D00097,R026,0.3
D00097,R022,0.7
D00098,R048,1.0
D00099,R048,0.3
D00099,R013,0.7
D00100,R046,1.0
D00101,R031,1.0
D00102,R010,1.0
D00103,R024,1.0
D00104,R003,1.0
D00105,R038,0.5
D00105,R022,0.5
D00106,R050,0.5
D00106,R004,0.5
D00107,R008,1.0
D00108,R020,1.0
D00109,R024,0.3
D00109,R048,0.7
D00110,R034,1.0
D00111,R003,1.0
D00112,R050,1.0
D00113,R048,1.0
D00114,R029,1.0
D00115,R021,0.4
D00115,R023,0.6
D00116,R034,1.0
D00117,R034,1.0
D00118,R039,0.4
D00118,R007,0.6
D00119,R015,1.0
D00120,R046,1.0
D00121,R048,1.0
D00122,R017,1.0
D00123,R002,1.0
D00124,R023,1.0
D00125,R028,1.0
D00126,R013,1.0
D00127,R049,1.0
D00128,R025,1.0
D00129,R015,1.0
D00130,R011,1.0
D00131,R001,0.3
D00131,R008,0.7
D00132,R020,1.0
D00133,R010,0.7
D00133,R047,0.3
D00134,R007,1.0
D00135,R014,1.0
D00136,R042,1.0
D00137,R026,0.6
D00137,R050,0.4
D00138,R037,1.0
D00139,R016,1.0
D00140,R034,1.0
D00141,R042,1.0
D00142,R041,0.4
D00142,R045,0.6
D00143,R027,1.0
D00144,R003,1.0
D00145,R002,1.0
D00146,R008,1.0
D00147,R041,1.0
D00148,R013,1.0
D00149,R024,0.4
D00149,R038,0.6
D00150,R009,1.0
D00151,R042,1.0
D00152,R033,0.6
D00152,R049,0.4
D00153,R012,1.0
D00154,R015,0.5
D00154,R042,0.5
D00155,R003,1.0
D00156,R025,1.0
D00157,R042,1.0
D00158,R027,1.0
D00159,R004,1.0
D00160,R033,0.4
D00160,R024,0.6
D00161,R011,1.0
D00162,R010,0.3
D00162,R012,0.7
D00163,R007,0.5
D00163,R017,0.5
D00164,R018,1.0
D00165,R031,0.5
D00165,R005,0.5
D00166,R031,1.0
D00167,R043,1.0
D00168,R050,1.0
D00169,R048,1.0
D00170,R049,1.0
D00171,R020,0.6
D00171,R016,0.4
D00172,R044,1.0
D00173,R018,1.0
D00174,R047,1.0
D00175,R023,1.0
D00176,R028,1.0
D00177,R005,1.0
D00178,R011,1.0
D00179,R042,1.0
D00180,R003,0.7
D00180,R030,0.3
D00181,R035,1.0
D00182,R002,1.0
D00183,R024,1.0
D00184,R044,1.0
D00185,R009,1.0
D00186,R049,1.0
D00187,R030,1.0
D00188,R041,1.0
D00189,R031,1.0
D00190,R006,0.7
D00190,R016,0.3
D00191,R027,1.0
D00192,R035,1.0
D00193,R031,0.5
D00193,R011,0.5
D00194,R018,1.0
D00195,R048,1.0
D00196,R005,0.4
D00196,R023,0.6
D00197,R027,1.0
D00198,R048,1.0
D00199,R046,1.0
D00200,R006,1.0
D00201,R027,1.0
D00202,R023,1.0
D00203,R010,1.0
D00204,R044,0.7
D00204,R042,0.3
D00205,R040,1.0
D00206,R028,1.0
D00207,R025,0.5
D00207,R020,0.5
D00208,R039,0.4
D00208,R047,0.6
D00209,R008,1.0
D00210,R049,0.4
D00210,R048,0.6
D00211,R008,1.0
D00212,R010,1.0
D00213,R032,1.0
D00214,R044,1.0
D00215,R012,0.6
D00215,R039,0.4
D00216,R017,1.0
D00217,R034,0.7
D00217,R009,0.3
D00218,R006,1.0
D00219,R026,1.0
D00220,R025,1.0
D00221,R030,1.0
D00222,R050,1.0
D00223,R004,1.0
D00224,R022,1.0
D00225,R018,1.0
D00226,R019,1.0
D00227,R037,1.0
D00228,R007,0.3
D00228,R045,0.7
D00229,R048,1.0
D00230,R010,0.6
D00230,R039,0.4
D00231,R018,1.0
D00232,R008,0.5
D00232,R028,0.5
D00233,R025,1.0
D00234,R038,0.4
D00234,R012,0.6
D00235,R024,1.0
D00236,R013,1.0
D00237,R007,1.0
D00238,R012,1.0
D00239,R033,1.0
D00240,R045,1.0
D00241,R005,1.0
D00242,R021,1.0
D00243,R006,1.0
D00244,R050,1.0
D00245,R021,1.0
D00246,R018,1.0
D00247,R010,0.6
D00247,R042,0.4
D00248,R009,0.4
D00248,R014,0.6
D00249,R034,1.0
D00250,R012,1.0
D00251,R022,1.0
D00252,R039,1.0
D00253,R001,1.0
D00254,R011,1.0
D00255,R020,1.0
D00256,R010,1.0
D00257,R033,1.0
D00258,R021,1.0
D00259,R038,1.0
D00260,R010,1.0
D00261,R046,1.0
D00262,R013,1.0
D00263,R012,1.0
D00264,R009,1.0
D00265,R046,1.0
D00266,R003,1.0
D00267,R038,1.0
D00268,R037,1.0
D00269,R038,1.0
D00270,R006,1.0
D00271,R030,1.0
D00272,R013,1.0
D00273,R010,1.0
D00274,R046,0.5
D00274,R024,0.5
D00275,R021,1.0
D00276,R015,1.0
D00277,R045,1.0
D00278,R031,1.0
D00279,R012,1.0
D00280,R003,0.4
D00280,R021,0.6
D00281,R038,1.0
D00282,R044,1.0
D00283,R027,1.0
D00284,R002,1.0
D00285,R038,1.0
D00286,R033,0.4
D00286,R018,0.6
D00287,R049,0.4
D00287,R046,0.6
D00288,R011,1.0
D00289,R007,1.0
D00290,R007,1.0
D00291,R032,1.0
D00292,R036,1.0
D00293,R009,1.0
D00294,R013,1.0
D00295,R043,1.0
D00296,R011,1.0
D00297,R029,0.4
D00297,R031,0.6
D00298,R035,1.0
D00299,R035,1.0
D00300,R005,1.0
D00301,R012,1.0
D00302,R024,1.0
D00303,R025,1.0
D00304,R004,1.0
D00305,R025,0.5
D00305,R009,0.5
D00306,R001,0.4
D00306,R039,0.6
D00307,R029,1.0
D00308,R048,1.0
D00309,R033,1.0
D00310,R046,1.0
D00311,R050,1.0
D00312,R014,1.0
D00313,R027,1.0
D00314,R011,1.0
D00315,R022,1.0
D00316,R040,1.0
D00317,R029,1.0
D00318,R038,1.0
D00319,R010,0.7
D00319,R039,0.3
D00320,R016,0.3
D00320,R034,0.7
D00321,R003,0.5
D00321,R002,0.5
D00322,R031,1.0
D00323,R023,1.0
D00324,R001,1.0
D00325,R008,1.0
D00326,R030,1.0
D00327,R024,0.4
D00327,R018,0.6
D00328,R022,1.0
D00329,R031,1.0
D00330,R006,1.0
D00331,R003,1.0
D00332,R009,1.0
D00333,R047,1.0
D00334,R001,0.3
D00334,R049,0.7
D00335,R043,1.0
D00336,R031,1.0
D00337,R037,1.0
D00338,R024,0.4
D00338,R037,0.6
D00339,R011,1.0
D00340,R048,1.0
D00341,R019,1.0
D00342,R047,1.0
D00343,R008,1.0
D00344,R004,1.0
D00345,R017,1.0
D00346,R023,0.4
D00346,R045,0.6
D00347,R008,0.4
D00347,R003,0.6
D00348,R023,0.6
D00348,R027,0.4
D00349,R031,0.5
D00349,R033,0.5
D00350,R013,1.0
D00351,R020,1.0
D00352,R030,1.0
D00353,R022,1.0
D00354,R002,1.0
D00355,R040,1.0
D00356,R003,0.3
D00356,R018,0.7
D00357,R023,1.0
D00358,R017,1.0
D00359,R007,1.0
D00360,R026,1.0
D00361,R026,1.0
D00362,R043,1.0
D00363,R020,1.0
D00364,R016,1.0
D00365,R035,1.0
D00366,R018,1.0
D00367,R019,0.5
D00367,R046,0.5
D00368,R025,0.4
D00368,R012,0.6
D00369,R041,1.0
D00370,R031,1.0
D00371,R018,0.3
D00371,R009,0.7
D00372,R047,1.0
D00373,R002,0.7
D00373,R003,0.3
D00374,R019,0.6
D00374,R017,0.4
D00375,R002,1.0
D00376,R038,1.0
D00377,R027,1.0
D00378,R043,1.0
D00379,R041,0.4
D00379,R050,0.6
D00380,R033,1.0
D00381,R039,1.0
D00382,R005,1.0
D00383,R023,1.0
D00384,R044,1.0
D00385,R017,1.0
D00386,R026,1.0
D00387,R021,1.0
D00388,R040,1.0
D00389,R027,0.4
D00389,R013,0.6
D00390,R029,1.0
D00391,R003,1.0
D00392,R026,0.4
D00392,R047,0.6
D00393,R017,0.6
D00393,R037,0.4
D00394,R006,1.0
D00395,R023,1.0
D00396,R005,1.0
D00397,R016,1.0
D00398,R010,1.0
D00399,R004,1.0
D00400,R033,1.0
D00401,R044,0.5
D00401,R027,0.5
D00402,R019,1.0
D00403,R020,1.0
D00404,R020,1.0
D00405,R019,0.6
D00405,R046,0.4
D00406,R022,0.5
D00406,R050,0.5
D00407,R029,1.0
D00408,R038,1.0
D00409,R032,1.0
D00410,R044,1.0
D00411,R044,1.0
D00412,R017,0.4
D00412,R045,0.6
D00413,R015,1.0
D00414,R036,0.7
D00414,R002,0.3
D00415,R001,1.0
D00416,R048,1.0
D00417,R022,1.0
D00418,R030,1.0
D00419,R020,1.0
D00420,R009,1.0
D00421,R002,1.0
D00422,R014,1.0
D00423,R029,1.0
D00424,R042,1.0
D00425,R044,1.0
D00426,R009,1.0
D00427,R037,0.5
D00427,R005,0.5
D00428,R043,1.0
D00429,R028,0.5
D00429,R025,0.5
D00430,R042,1.0
D00431,R024,1.0
D00432,R014,1.0
D00433,R024,1.0
D00434,R019,1.0
D00435,R007,0.4
D00435,R009,0.6
D00436,R039,0.7
D00436,R003,0.3
D00437,R030,1.0
D00438,R018,0.4
D00438,R013,0.6
D00439,R028,1.0
D00440,R040,1.0
D00441,R013,1.0
D00442,R047,0.4
D00442,R027,0.6
D00443,R012,0.3
D00443,R004,0.7
D00444,R010,1.0
D00445,R005,1.0
D00446,R035,1.0
D00447,R036,1.0
D00448,R048,0.3
D00448,R038,0.7
D00449,R011,0.5
D00449,R025,0.5
D00450,R021,1.0
D00451,R030,1.0
D00452,R040,1.0
D00453,R006,1.0
D00454,R034,1.0
D00455,R037,1.0
D00456,R017,0.6
D00456,R027,0.4
D00457,R008,1.0
D00458,R019,1.0
D00459,R006,0.7
D00459,R039,0.3
D00460,R031,1.0
D00461,R021,1.0
D00462,R027,1.0
D00463,R025,0.5
D00463,R042,0.5
D00464,R048,1.0
D00465,R027,1.0
D00466,R006,1.0
D00467,R008,1.0
D00468,R009,1.0
D00469,R046,1.0
D00470,R042,1.0
D00471,R035,0.7
D00471,R040,0.3
D00472,R026,1.0
D00473,R022,0.6
D00473,R019,0.4
D00474,R016,1.0
D00475,R028,0.4
D00475,R014,0.6
D00476,R014,1.0
D00477,R002,1.0
D00478,R026,1.0
D00479,R005,1.0
D00480,R028,1.0
D00481,R031,1.0
D00482,R047,1.0
D00483,R010,1.0
D00484,R009,0.7
D00484,R045,0.3
D00485,R015,1.0
D00486,R005,1.0
D00487,R021,1.0
D00488,R002,1.0
D00489,R034,1.0
D00490,R025,1.0
D00491,R010,1.0
D00492,R044,1.0
D00493,R029,0.5
D00493,R015,0.5
D00494,R025,1.0
D00495,R032,0.6
D00495,R011,0.4
D00496,R036,1.0
D00497,R029,1.0
D00498,R037,1.0
D00499,R050,1.0
D00500,R023,1.0
D00501,R006,1.0
D00502,R020,1.0
D00503,R045,1.0
D00504,R031,1.0
D00505,R030,1.0
D00506,R038,1.0
D00507,R008,1.0
D00508,R012,1.0
D00509,R048,1.0
D00510,R044,1.0
D00511,R020,1.0
D00512,R020,0.5
D00512,R045,0.5
D00513,R033,0.3
D00513,R013,0.7
D00514,R044,0.5
D00514,R025,0.5
D00515,R028,1.0
D00516,R041,0.3
D00516,R037,0.7
D00517,R020,1.0
D00518,R001,0.3
D00518,R015,0.7
D00519,R027,1.0
D00520,R029,1.0
D00521,R039,0.7
D00521,R010,0.3
D00522,R012,1.0
D00523,R042,1.0
D00524,R044,0.5
D00524,R032,0.5
D00525,R016,1.0
D00526,R048,1.0
D00527,R050,1.0
D00528,R003,0.5
D00528,R027,0.5
D00529,R006,1.0
D00530,R032,1.0
D00531,R035,1.0
D00532,R042,1.0
D00533,R043,1.0
D00534,R034,0.4
D00534,R004,0.6
D00535,R013,0.3
D00535,R037,0.7
D00536,R003,0.5
D00536,R035,0.5
D00537,R028,1.0
D00538,R030,1.0
D00539,R034,1.0
D00540,R037,1.0
D00541,R037,1.0
D00542,R042,0.3
D00542,R014,0.7
D00543,R040,1.0
D00544,R022,1.0
D00545,R012,1.0
D00546,R020,1.0
D00547,R038,1.0
D00548,R038,1.0
D00549,R016,1.0
D00550,R021,0.5
D00550,R032,0.5
D00551,R013,1.0
D00552,R011,0.4
D00552,R001,0.6
D00553,R028,0.5
D00553,R027,0.5
D00554,R048,1.0
D00555,R007,0.4
D00555,R031,0.6
D00556,R049,1.0
D00557,R032,1.0
D00558,R008,1.0
D00559,R049,1.0
D00560,R036,1.0
D00561,R023,1.0
D00562,R002,0.3
D00562,R009,0.7
D00563,R030,1.0
D00564,R030,1.0
D00565,R011,0.7
D00565,R025,0.3
D00566,R013,1.0
D00567,R050,1.0
D00568,R015,0.3
D00568,R048,0.7
D00569,R039,1.0
D00570,R046,1.0
D00571,R001,1.0
D00572,R049,1.0
D00573,R028,1.0
D00574,R010,1.0
D00575,R047,1.0
D00576,R036,1.0
D00577,R014,1.0
D00578,R013,1.0
D00579,R031,1.0
D00580,R028,0.6
D00580,R011,0.4
D00581,R042,0.4
D00581,R012,0.6
D00582,R039,1.0
D00583,R006,1.0
D00584,R045,0.5
D00584,R035,0.5
D00585,R017,1.0
D00586,R020,1.0
D00587,R016,1.0
D00588,R031,1.0
D00589,R013,0.5
D00589,R032,0.5
D00590,R032,1.0
D00591,R047,1.0
D00592,R049,0.7
D00592,R013,0.3
D00593,R033,1.0
D00594,R031,1.0
D00595,R011,1.0
D00596,R013,1.0
D00597,R021,1.0
D00598,R001,1.0
D00599,R044,1.0
D00600,R031,1.0
D00601,R033,1.0
D00602,R011,1.0
D00603,R044,0.4
D00603,R023,0.6
D00604,R020,0.3
D00604,R009,0.7
D00605,R048,1.0
D00606,R033,1.0
D00607,R010,1.0
D00608,R036,1.0
D00609,R008,1.0
D00610,R009,1.0
D00611,R010,1.0
D00612,R035,1.0
D00613,R005,1.0
D00614,R043,1.0
D00615,R016,1.0
D00616,R042,0.3
D00616,R044,0.7
D00617,R030,1.0
D00618,R007,1.0
D00619,R003,1.0
D00620,R049,0.5
D00620,R034,0.5
D00621,R004,1.0
D00622,R050,1.0
D00623,R034,1.0
D00624,R001,0.7
D00624,R026,0.3
D00625,R005,1.0
D00626,R044,1.0
D00627,R002,0.5
D00627,R021,0.5
D00628,R008,1.0
D00629,R039,0.4
D00629,R047,0.6
D00630,R004,1.0
D00631,R005,1.0
D00632,R030,1.0
D00633,R001,1.0
D00634,R041,0.4
D00634,R040,0.6
D00635,R033,1.0
D00636,R022,1.0
D00637,R009,1.0
D00638,R018,0.7
D00638,R047,0.3
D00639,R028,1.0
D00640,R041,1.0
D00641,R028,1.0
D00642,R041,1.0
D00643,R003,1.0
D00644,R024,0.7
D00644,R039,0.3
D00645,R048,1.0
D00646,R033,1.0
D00647,R025,1.0
D00648,R034,1.0
D00649,R010,1.0
D00650,R005,1.0
D00651,R029,1.0
D00652,R038,1.0
D00653,R048,0.4
D00653,R036,0.6
D00654,R002,1.0
D00655,R004,0.3
D00655,R032,0.7
D00656,R037,0.7
D00656,R005,0.3
D00657,R022,1.0
D00658,R041,1.0
D00659,R043,1.0
D00660,R014,1.0
D00661,R018,1.0
D00662,R027,1.0
D00663,R006,1.0
D00664,R030,1.0
D00665,R006,1.0
D00666,R018,1.0
D00667,R034,1.0
D00668,R030,1.0
D00669,R033,0.4
D00669,R002,0.6
D00670,R026,1.0
D00671,R001,1.0
D00672,R015,1.0
D00673,R011,0.4
D00673,R023,0.6
D00674,R035,1.0
D00675,R002,1.0
D00676,R006,1.0
D00677,R042,1.0
D00678,R041,0.5
D00678,R005,0.5
D00679,R026,1.0
D00680,R015,1.0
D00681,R003,0.4
D00681,R034,0.6
D00682,R027,1.0
D00683,R044,1.0
D00684,R028,1.0
D00685,R029,0.3
D00685,R031,0.7
D00686,R003,1.0
D00687,R044,1.0
D00688,R017,1.0
D00689,R001,0.3
D00689,R047,0.7
D00690,R040,1.0
D00691,R040,1.0
D00692,R040,1.0
D00693,R049,1.0
D00694,R021,1.0
D00695,R046,1.0
D00696,R036,1.0
D00697,R038,0.7
D00697,R025,0.3
D00698,R043,1.0
D00699,R007,1.0
D00700,R020,1.0
D00701,R001,1.0
D00702,R025,1.0
D00703,R048,1.0
D00704,R046,1.0
D00705,R028,1.0
D00706,R006,1.0
D00707,R006,1.0
D00708,R003,1.0
D00709,R036,1.0
D00710,R008,1.0
D00711,R045,0.4
D00711,R024,0.6
D00712,R043,1.0
D00713,R028,1.0
D00714,R040,1.0
D00715,R026,1.0
D00716,R010,1.0
D00717,R025,1.0
D00718,R008,1.0
D00719,R020,1.0
D00720,R004,1.0
D00721,R037,1.0
D00722,R025,0.4
D00722,R017,0.6
D00723,R003,1.0
D00724,R044,1.0
D00725,R015,0.4
D00725,R047,0.6
D00726,R013,1.0
D00727,R012,1.0
D00728,R045,1.0
D00729,R008,1.0
D00730,R014,1.0
D00731,R029,1.0
D00732,R010,0.5
D00732,R022,0.5
D00733,R042,1.0
D00734,R041,0.6
D00734,R040,0.4
D00735,R038,1.0
D00736,R020,1.0
D00737,R011,1.0
D00738,R005,1.0
D00739,R003,1.0
D00740,R034,1.0
D00741,R007,1.0
D00742,R031,1.0
D00743,R044,0.7
D00743,R003,0.3
D00744,R022,1.0
D00745,R010,0.4
D00745,R032,0.6
D00746,R031,1.0
D00747,R028,1.0
D00748,R003,1.0
D00749,R013,1.0
D00750,R008,1.0
D00751,R037,1.0
D00752,R038,1.0
D00753,R041,1.0
D00754,R026,1.0
D00755,R040,1.0
D00756,R038,1.0
D00757,R029,1.0
D00758,R037,1.0
D00759,R010,1.0
D00760,R036,1.0
D00761,R011,1.0
D00762,R038,0.3
D00762,R014,0.7
D00763,R050,0.5
D00763,R005,0.5
D00764,R040,1.0
D00765,R017,1.0
D00766,R049,0.7
D00766,R025,0.3
D00767,R038,1.0
D00768,R005,1.0
D00769,R027,1.0
D00770,R018,1.0
D00771,R002,1.0
D00772,R033,1.0
D00773,R001,1.0
D00774,R002,1.0
D00775,R047,1.0
D00776,R029,1.0
D00777,R022,1.0
D00778,R039,1.0
D00779,R037,1.0
D00780,R047,1.0
D00781,R021,1.0
D00782,R035,1.0
D00783,R035,1.0
D00784,R048,1.0
D00785,R012,1.0
D00786,R019,1.0
D00787,R041,1.0
D00788,R024,1.0
D00789,R048,1.0
D00790,R032,1.0
D00791,R006,0.7
D00791,R001,0.3
D00792,R021,1.0
D00793,R046,1.0
D00794,R002,1.0
D00795,R013,1.0
D00796,R027,0.5
D00796,R020,0.5
D00797,R008,1.0
D00798,R036,1.0
D00799,R041,1.0
D00800,R026,1.0
D00801,R020,1.0
D00802,R034,1.0
D00803,R018,0.3
D00803,R028,0.7
D00804,R046,0.6
D00804,R029,0.4
D00805,R025,1.0
D00806,R018,0.4
D00806,R004,0.6
D00807,R031,0.7
D00807,R045,0.3
D00808,R044,1.0
D00809,R022,1.0
D00810,R004,1.0
D00811,R006,1.0
D00812,R035,1.0
D00813,R025,1.0
D00814,R048,0.6
D00814,R004,0.4
D00815,R007,1.0
D00816,R033,0.5
D00816,R012,0.5
D00817,R012,1.0
D00818,R050,1.0
D00819,R005,1.0
D00820,R005,1.0
D00821,R036,1.0
D00822,R027,1.0
D00823,R009,1.0
D00824,R047,0.4
D00824,R013,0.6
D00825,R037,1.0
D00826,R010,1.0
D00827,R048,1.0
D00828,R046,1.0
D00829,R028,1.0
D00830,R043,1.0
D00831,R038,1.0
D00832,R013,1.0
D00833,R036,1.0
D00834,R023,1.0
D00835,R048,1.0
D00836,R036,1.0
D00837,R040,1.0
D00838,R010,1.0
D00839,R009,1.0
D00840,R029,1.0
D00841,R014,1.0
D00842,R047,1.0
D00843,R009,1.0
D00844,R010,1.0
D00845,R032,1.0
D00846,R033,1.0
D00847,R005,1.0
D00848,R026,1.0
D00849,R026,1.0
D00850,R044,1.0
D00851,R040,1.0
D00852,R008,1.0
D00853,R046,0.3
D00853,R026,0.7
D00854,R026,1.0
D00855,R036,1.0
D00856,R002,1.0
D00857,R002,1.0
D00858,R013,1.0
D00859,R030,1.0
D00860,R023,1.0
D00861,R044,1.0
D00862,R001,1.0
D00863,R049,1.0
D00864,R040,1.0
D00865,R033,1.0
D00866,R035,0.7
D00866,R006,0.3
D00867,R025,1.0
D00868,R037,1.0
D00869,R026,1.0
D00870,R006,1.0
D00871,R031,1.0
D00872,R004,0.5
D00872,R019,0.5
D00873,R029,1.0
D00874,R034,1.0
D00875,R010,1.0
D00876,R011,1.0
D00877,R028,0.5
D00877,R037,0.5
D00878,R009,1.0
D00879,R044,1.0
D00880,R042,0.7
D00880,R013,0.3
D00881,R010,0.5
D00881,R018,0.5
D00882,R027,1.0
D00883,R004,1.0
D00884,R014,1.0
D00885,R041,1.0
D00886,R041,1.0
D00887,R024,1.0
D00888,R003,1.0
D00889,R036,0.7
D00889,R007,0.3
D00890,R046,0.4
D00890,R050,0.6
D00891,R004,1.0
D00892,R030,1.0
D00893,R030,1.0
D00894,R036,1.0
D00895,R007,1.0
D00896,R032,1.0
D00897,R041,1.0
D00898,R040,0.7
D00898,R027,0.3
D00899,R011,1.0
D00900,R003,0.7
D00900,R006,0.3
D00901,R024,0.6
D00901,R004,0.4
D00902,R026,1.0
D00903,R007,1.0
D00904,R037,0.7
D00904,R026,0.3
D00905,R004,1.0
D00906,R003,1.0
D00907,R016,1.0
D00908,R028,1.0
D00909,R006,0.5
D00909,R023,0.5
D00910,R026,1.0
D00911,R030,1.0
D00912,R045,1.0
D00913,R012,1.0
D00914,R016,1.0
D00915,R011,0.5
D00915,R019,0.5
D00916,R038,1.0
D00917,R039,1.0
D00918,R014,0.5
D00918,R020,0.5
D00919,R019,1.0
D00920,R038,0.6
D00920,R027,0.4
D00921,R026,1.0
D00922,R010,0.3
D00922,R020,0.7
D00923,R012,1.0
D00924,R016,1.0
D00925,R029,0.4
D00925,R015,0.6
D00926,R016,1.0
D00927,R046,0.3
D00927,R024,0.7
D00928,R043,1.0
D00929,R033,0.6
D00929,R008,0.4
D00930,R042,1.0
D00931,R021,1.0
D00932,R008,1.0
D00933,R012,1.0
D00934,R003,1.0
D00935,R012,1.0
D00936,R032,0.6
D00936,R014,0.4
D00937,R015,1.0
D00938,R027,1.0
D00939,R014,0.6
D00939,R043,0.4
D00940,R023,1.0
D00941,R024,1.0
D00942,R010,0.5
D00942,R027,0.5
D00943,R006,1.0
D00944,R022,1.0
D00945,R005,1.0
D00946,R037,1.0
D00947,R012,1.0
D00948,R033,0.3
D00948,R034,0.7
D00949,R019,1.0
D00950,R002,1.0
D00951,R014,1.0
D00952,R015,1.0
D00953,R034,1.0
D00954,R037,1.0
D00955,R013,0.6
D00955,R034,0.4
D00956,R028,0.6
D00956,R015,0.4
D00957,R019,0.7
D00957,R010,0.3
D00958,R025,1.0
D00959,R034,1.0
D00960,R034,1.0
D00961,R033,1.0
D00962,R037,1.0
D00963,R022,1.0
D00964,R032,1.0
D00965,R035,1.0
D00966,R006,1.0
D00967,R034,1.0
D00968,R007,1.0
D00969,R011,1.0
D00970,R006,1.0
D00971,R010,1.0
D00972,R017,0.7
D00972,R018,0.3
D00973,R012,0.4
D00973,R001,0.6
D00974,R014,1.0
D00975,R046,0.6
D00975,R042,0.4
D00976,R007,0.7
D00976,R044,0.3
D00977,R029,1.0
D00978,R035,1.0
D00979,R029,0.5
D00979,R044,0.5
D00980,R016,0.3
D00980,R014,0.7
D00981,R006,1.0
D00982,R004,1.0
D00983,R039,1.0
D00984,R015,1.0
D00985,R024,1.0
D00986,R020,1.0
D00987,R027,0.7
D00987,R017,0.3
D00988,R015,1.0
D00989,R022,1.0
D00990,R013,1.0
D00991,R010,1.0
D00992,R008,1.0
D00993,R031,1.0
D00994,R013,1.0
D00995,R046,0.4
D00995,R037,0.6
D00996,R007,1.0
D00997,R011,1.0
D00998,R004,0.4
D00998,R044,0.6
D00999,R027,1.0
D01000,R025,1.0
D01001,R050,1.0
D01002,R026,1.0
D01003,R014,1.0
D01004,R036,0.5
D01004,R022,0.5
D01005,R022,1.0
D01006,R014,1.0
D01007,R046,0.3
D01007,R016,0.7
D01008,R035,1.0
D01009,R001,1.0
D01010,R010,1.0
D01011,R038,1.0
D01012,R024,1.0
D01013,R030,1.0
D01014,R035,1.0
D01015,R001,1.0
D01016,R028,1.0
D01017,R036,1.0
D01018,R021,1.0
D01019,R015,0.7
D01019,R042,0.3
D01020,R007,1.0
D01021,R044,0.3
D01021,R020,0.7
D01022,R033,1.0
D01023,R039,1.0
D01024,R007,1.0
D01025,R032,1.0
D01026,R045,1.0
D01027,R006,1.0
D01028,R032,1.0
D01029,R030,1.0
D01030,R035,1.0
D01031,R030,1.0
D01032,R043,1.0
D01033,R050,1.0
D01034,R014,1.0
D01035,R026,1.0
D01036,R015,0.4
D01036,R030,0.6
D01037,R035,1.0
D01038,R007,1.0
D01039,R017,1.0
D01040,R047,1.0
D01041,R014,1.0
D01042,R011,1.0
D01043,R038,1.0
D01044,R032,1.0
D01045,R032,1.0
D01046,R030,1.0
D01047,R030,1.0
D01048,R012,1.0
D01049,R012,0.6
D01049,R019,0.4
D01050,R008,0.3
D01050,R013,0.7
D01051,R019,1.0
D01052,R002,1.0
D01053,R016,1.0
D01054,R024,1.0
D01055,R046,1.0
D01056,R016,0.4
D01056,R047,0.6
D01057,R043,1.0
D01058,R018,1.0
D01059,R024,0.7
D01059,R034,0.3
D01060,R003,1.0
D01061,R039,1.0
D01062,R012,1.0
D01063,R010,1.0
D01064,R031,1.0
D01065,R044,1.0
D01066,R022,0.6
D01066,R001,0.4
D01067,R027,0.5
D01067,R010,0.5
D01068,R045,1.0
D01069,R013,1.0
D01070,R013,1.0
D01071,R008,1.0
D01072,R028,1.0
D01073,R028,1.0
D01074,R009,1.0
D01075,R047,1.0
D01076,R014,1.0
D01077,R023,1.0
D01078,R025,1.0
D01079,R009,1.0
D01080,R047,1.0
D01081,R047,1.0
D01082,R018,1.0
D01083,R035,0.7
D01083,R028,0.3
D01084,R031,1.0
D01085,R023,1.0
D01086,R042,1.0
D01087,R047,1.0
D01088,R039,1.0
D01089,R016,1.0
D01090,R003,0.6
D01090,R049,0.4
D01091,R011,0.4
D01091,R044,0.6
D01092,R002,1.0
D01093,R043,1.0
D01094,R047,1.0
D01095,R025,1.0
D01096,R005,1.0
D01097,R001,1.0
D01098,R016,1.0
D01099,R021,1.0
D01100,R038,0.6
D01100,R031,0.4
D01101,R009,1.0
D01102,R010,0.4
D01102,R034,0.6
D01103,R034,1.0
D01104,R044,1.0
D01105,R029,1.0
D01106,R034,1.0
D01107,R018,1.0
D01108,R009,1.0
D01109,R001,1.0
D01110,R004,1.0
D01111,R046,0.5
D01111,R002,0.5
D01112,R006,1.0
D01113,R005,0.3
D01113,R008,0.7
D01114,R012,1.0
D01115,R046,0.6
D01115,R031,0.4
D01116,R022,1.0
D01117,R007,1.0
D01118,R024,1.0
D01119,R006,1.0
D01120,R013,1.0
D01121,R031,0.7
D01121,R033,0.3
D01122,R045,1.0
D01123,R003,1.0
D01124,R025,1.0
D01125,R043,1.0
D01126,R036,1.0
D01127,R016,1.0
D01128,R006,1.0
D01129,R031,1.0
D01130,R034,0.6
D01130,R012,0.4
D01131,R028,0.4
D01131,R037,0.6
D01132,R032,1.0
D01133,R015,1.0
D01134,R013,1.0
D01135,R020,1.0
D01136,R017,0.7
D01136,R003,0.3
D01137,R031,1.0
D01138,R022,1.0
D01139,R013,1.0
D01140,R035,1.0
D01141,R017,1.0
D01142,R015,1.0
D01143,R034,1.0
D01144,R033,1.0
D01145,R030,0.6
D01145,R033,0.4
D01146,R046,1.0
D01147,R048,1.0
D01148,R016,1.0
D01149,R030,1.0
D01150,R037,0.4
D01150,R035,0.6
D01151,R012,1.0
D01152,R005,1.0
D01153,R029,1.0
D01154,R022,1.0
D01155,R035,1.0
D01156,R020,1.0
D01157,R018,1.0
D01158,R014,0.3
D01158,R037,0.7
D01159,R048,1.0
D01160,R018,1.0
D01161,R001,1.0
D01162,R041,1.0
D01163,R023,1.0
D01164,R005,1.0
D01165,R008,1.0
D01166,R037,1.0
D01167,R018,0.7
D01167,R030,0.3
D01168,R047,0.3
D01168,R009,0.7
D01169,R004,1.0
D01170,R006,0.7
D01170,R041,0.3
D01171,R026,1.0
D01172,R032,1.0
D01173,R035,0.3
D01173,R029,0.7
D01174,R001,1.0
D01175,R019,1.0
D01176,R008,1.0
D01177,R034,1.0
D01178,R013,1.0
D01179,R013,1.0
D01180,R032,1.0
D01181,R021,1.0
D01182,R027,0.5
D01182,R050,0.5
D01183,R008,1.0
D01184,R023,1.0
D01185,R015,1.0
D01186,R048,1.0
D01187,R026,1.0
D01188,R015,1.0
D01189,R049,1.0
D01190,R028,1.0
D01191,R034,1.0
D01192,R018,1.0
D01193,R016,0.4
D01193,R047,0.6
D01194,R009,0.6
D01194,R014,0.4
D01195,R010,1.0
D01196,R008,1.0
D01197,R017,1.0
D01198,R043,1.0
D01199,R017,1.0
D01200,R029,1.0
D01201,R022,1.0
D01202,R029,1.0
D01203,R029,1.0
D01204,R045,1.0
D01205,R003,1.0
D01206,R003,1.0
D01207,R032,1.0
D01208,R031,0.7
D01208,R033,0.3
D01209,R031,1.0
D01210,R039,0.7
D01210,R009,0.3
D01211,R006,0.3
D01211,R014,0.7
D01212,R029,1.0
D01213,R040,0.7
D01213,R012,0.3
D01214,R022,1.0
D01215,R045,1.0
D01216,R015,1.0
D01217,R007,1.0
D01218,R027,1.0
D01219,R013,1.0
D01220,R031,0.7
D01220,R026,0.3
D01221,R029,1.0
D01222,R019,0.6
D01222,R030,0.4
D01223,R004,1.0
D01224,R039,1.0
D01225,R027,1.0
D01226,R007,0.7
D01226,R042,0.3
D01227,R038,1.0
D01228,R021,1.0
D01229,R031,0.5
D01229,R035,0.5
D01230,R042,1.0
D01231,R005,1.0
D01232,R004,1.0
D01233,R033,1.0
D01234,R014,1.0
D01235,R008,1.0
D01236,R046,1.0
D01237,R040,1.0
D01238,R010,1.0
D01239,R002,0.6
D01239,R006,0.4
D01240,R025,1.0
D01241,R003,1.0
D01242,R047,1.0
D01243,R031,1.0
D01244,R044,1.0
D01245,R002,1.0
D01246,R005,1.0
D01247,R044,1.0
D01248,R041,0.7
D01248,R034,0.3
D01249,R039,1.0
D01250,R026,1.0
D01251,R021,1.0
D01252,R026,1.0
D01253,R004,1.0
D01254,R034,1.0
D01255,R016,1.0
D01256,R035,1.0
D01257,R019,1.0
D01258,R027,1.0
D01259,R017,1.0
D01260,R044,1.0
D01261,R019,1.0
D01262,R024,1.0
D01263,R006,0.6
D01263,R002,0.4
D01264,R042,1.0
D01265,R026,1.0
D01266,R002,1.0
D01267,R017,1.0
D01268,R010,1.0
D01269,R008,1.0
D01270,R009,1.0
D01271,R012,0.6
D01271,R003,0.4
D01272,R043,1.0
D01273,R049,0.3
D01273,R002,0.7
D01274,R043,0.6
D01274,R003,0.4
D01275,R007,1.0
D01276,R024,1.0
D01277,R015,1.0
D01278,R027,1.0
D01279,R040,1.0
D01280,R024,1.0
D01281,R029,1.0
D01282,R044,1.0
D01283,R016,1.0
D01284,R012,0.4
D01284,R035,0.6
D01285,R041,1.0
D01286,R014,1.0
D01287,R033,1.0
D01288,R003,1.0
D01289,R004,1.0
D01290,R008,1.0
D01291,R013,0.6
D01291,R041,0.4
D01292,R027,1.0
D01293,R049,1.0
D01294,R009,1.0
D01295,R042,1.0
D01296,R003,1.0
D01297,R006,1.0
D01298,R029,1.0
D01299,R044,0.3
D01299,R028,0.7
D01300,R025,1.0
D01301,R043,1.0
D01302,R036,1.0
D01303,R003,1.0
D01304,R048,1.0
D01305,R044,0.5
D01305,R006,0.5
D01306,R019,1.0
D01307,R007,1.0
D01308,R046,1.0
D01309,R023,1.0
D01310,R027,1.0
D01311,R014,0.4
D01311,R043,0.6
D01312,R002,1.0
D01313,R029,1.0
D01314,R021,1.0
D01315,R044,0.5
D01315,R007,0.5
D01316,R001,1.0
D01317,R041,0.3
D01317,R004,0.7
D01318,R002,1.0
D01319,R005,1.0
D01320,R013,1.0
D01321,R006,1.0
D01322,R019,0.5
D01322,R007,0.5
D01323,R043,1.0
D01324,R022,0.5
D01324,R019,0.5
D01325,R020,1.0
D01326,R048,0.4
D01326,R007,0.6
D01327,R003,0.4
D01327,R035,0.6
D01328,R016,0.3
D01328,R001,0.7
D01329,R015,1.0
D01330,R037,0.3
D01330,R048,0.7
D01331,R023,1.0
D01332,R008,1.0
D01333,R033,1.0
D01334,R037,0.5
D01334,R014,0.5
D01335,R023,1.0
D01336,R001,1.0
D01337,R018,1.0
D01338,R031,1.0
D01339,R050,1.0
D01340,R022,0.7
D01340,R019,0.3
D01341,R027,1.0
D01342,R034,1.0
D01343,R014,1.0
D01344,R007,0.7
D01344,R022,0.3
D01345,R023,1.0
D01346,R026,1.0
D01347,R008,0.5
D01347,R002,0.5
D01348,R038,0.6
D01348,R030,0.4
D01349,R027,1.0
D01350,R010,1.0
D01351,R029,1.0
D01352,R025,1.0
D01353,R046,1.0
D01354,R018,1.0
D01355,R042,0.5
D01355,R002,0.5
D01356,R005,1.0
D01357,R049,1.0
D01358,R011,0.7
D01358,R047,0.3
D01359,R025,0.5
D01359,R045,0.5
D01360,R036,1.0
D01361,R042,1.0
D01362,R002,1.0
D01363,R002,0.4
D01363,R034,0.6
D01364,R039,1.0
D01365,R020,1.0
D01366,R026,1.0
D01367,R036,1.0
D01368,R007,1.0
D01369,R014,1.0
D01370,R027,1.0
D01371,R035,1.0
D01372,R008,1.0
D01373,R035,1.0
D01374,R025,1.0
D01375,R044,1.0
D01376,R043,1.0
D01377,R022,1.0
D01378,R038,1.0
D01379,R008,1.0
D01380,R045,1.0
D01381,R048,1.0
D01382,R039,1.0
D01383,R014,1.0
D01384,R026,1.0
D01385,R027,1.0
D01386,R022,1.0
D01387,R045,1.0
D01388,R015,1.0
D01389,R015,0.3
D01389,R034,0.7
D01390,R044,1.0
D01391,R007,0.4
D01391,R032,0.6
D01392,R031,1.0
D01393,R040,0.3
D01393,R008,0.7
D01394,R027,1.0
D01395,R037,1.0
D01396,R011,0.3
D01396,R048,0.7
D01397,R023,1.0
D01398,R044,0.7
D01398,R033,0.3
D01399,R002,0.7
D01399,R021,0.3
D01400,R021,1.0
D01401,R006,1.0
D01402,R026,1.0
D01403,R025,1.0
D01404,R012,1.0
D01405,R035,1.0
D01406,R025,1.0
D01407,R024,1.0
D01408,R012,1.0
D01409,R028,1.0
D01410,R048,0.3
D01410,R050,0.7
D01411,R003,1.0
D01412,R022,1.0
D01413,R024,1.0
D01414,R045,1.0
D01415,R050,0.6
D01415,R008,0.4
D01416,R023,1.0
D01417,R019,1.0
D01418,R029,1.0
D01419,R048,0.4
D01419,R039,0.6
D01420,R038,1.0
D01421,R024,1.0
D01422,R016,1.0
D01423,R011,0.4
D01423,R002,0.6
D01424,R014,1.0
D01425,R036,1.0
D01426,R007,1.0
D01427,R045,0.3
D01427,R013,0.7
D01428,R028,1.0
D01429,R014,1.0
D01430,R004,1.0
D01431,R008,1.0
D01432,R018,1.0
D01433,R035,1.0
D01434,R045,1.0
D01435,R031,1.0
D01436,R038,0.4
D01436,R030,0.6
D01437,R024,1.0
D01438,R001,1.0
D01439,R013,1.0
D01440,R050,0.7
D01440,R005,0.3
D01441,R006,0.6
D01441,R009,0.4
D01442,R044,1.0
D01443,R006,1.0
D01444,R026,1.0
D01445,R021,0.3
D01445,R041,0.7
D01446,R022,1.0
D01447,R046,0.6
D01447,R035,0.4
D01448,R045,0.7
D01448,R039,0.3
D01449,R036,1.0
D01450,R020,0.3
D01450,R017,0.7
D01451,R004,1.0
D01452,R046,1.0
D01453,R034,1.0
D01454,R030,0.7
D01454,R017,0.3
D01455,R043,1.0
D01456,R036,1.0
D01457,R043,0.4
D01457,R022,0.6
D01458,R022,1.0
D01459,R002,1.0
D01460,R030,1.0
D01461,R048,1.0
D01462,R023,1.0
D01463,R023,1.0
D01464,R037,1.0
D01465,R049,1.0
D01466,R009,1.0
D01467,R008,1.0
D01468,R032,1.0
D01469,R032,1.0
D01470,R021,1.0
D01471,R002,1.0
D01472,R041,0.7
D01472,R005,0.3
D01473,R030,1.0
D01474,R017,0.4
D01474,R001,0.6
D01475,R031,0.5
D01475,R023,0.5
D01476,R014,0.4
D01476,R046,0.6
D01477,R040,0.4
D01477,R021,0.6
D01478,R030,1.0
D01479,R034,1.0
D01480,R024,1.0
D01481,R030,1.0
D01482,R020,1.0
D01483,R037,1.0
D01484,R004,1.0
D01485,R036,1.0
D01486,R017,0.3
D01486,R029,0.7
D01487,R028,1.0
D01488,R021,1.0
D01489,R045,0.6
D01489,R021,0.4
D01490,R015,0.6
D01490,R006,0.4
D01491,R032,1.0
D01492,R007,1.0
D01493,R025,1.0
D01494,R001,1.0
D01495,R025,0.4
D01495,R020,0.6
D01496,R032,1.0
D01497,R045,0.6
D01497,R017,0.4
D01498,R012,1.0
D01499,R011,0.3
D01499,R036,0.7
D01500,R017,0.4
D01500,R018,0.6
D01501,R011,1.0
D01502,R005,1.0
D01503,R026,1.0
D01504,R035,0.7
D01504,R012,0.3
D01505,R017,1.0
D01506,R006,1.0
D01507,R041,1.0
D01508,R014,1.0
D01509,R017,0.7
D01509,R007,0.3
D01510,R031,1.0
D01511,R019,1.0
D01512,R024,1.0
D01513,R050,1.0
D01514,R034,1.0
D01515,R018,1.0
D01516,R038,1.0
D01517,R017,1.0
D01518,R016,1.0
D01519,R029,0.7
D01519,R046,0.3
D01520,R014,1.0
D01521,R025,1.0
D01522,R039,1.0
D01523,R045,1.0
D01524,R032,1.0
D01525,R028,1.0
D01526,R009,0.5
D01526,R029,0.5
D01527,R030,1.0
D01528,R039,1.0
D01529,R029,1.0
D01530,R040,1.0
D01531,R014,0.5
D01531,R031,0.5
D01532,R003,1.0
D01533,R013,1.0
D01534,R042,1.0
D01535,R038,1.0
D01536,R027,1.0
D01537,R003,1.0
D01538,R049,0.5
D01538,R048,0.5
D01539,R002,1.0
D01540,R050,1.0
D01541,R006,0.6
D01541,R031,0.4
D01542,R012,1.0
D01543,R007,1.0
D01544,R037,1.0
D01545,R010,1.0
D01546,R049,1.0
D01547,R015,1.0
D01548,R022,1.0
D01549,R008,0.4
D01549,R001,0.6
D01550,R019,1.0
D01551,R036,1.0
D01552,R034,1.0
D01553,R040,1.0
D01554,R006,1.0
D01555,R040,0.7
D01555,R037,0.3
D01556,R017,1.0
D01557,R029,1.0
D01558,R014,1.0
D01559,R001,0.7
D01559,R005,0.3
D01560,R033,1.0
D01561,R017,1.0
D01562,R034,1.0
D01563,R020,1.0
D01564,R020,1.0
D01565,R015,1.0
D01566,R043,1.0
D01567,R007,1.0
D01568,R007,1.0
D01569,R022,1.0
D01570,R043,1.0
D01571,R037,1.0
D01572,R050,0.3
D01572,R042,0.7
D01573,R009,1.0
D01574,R023,0.5
D01574,R021,0.5
D01575,R027,1.0
D01576,R026,0.7
D01576,R018,0.3
D01577,R049,1.0
D01578,R017,1.0
D01579,R018,1.0
D01580,R017,1.0
D01581,R014,1.0
D01582,R048,1.0
D01583,R035,1.0
D01584,R050,1.0
D01585,R003,1.0
D01586,R040,1.0
D01587,R004,0.3
D01587,R011,0.7
D01588,R027,0.4
D01588,R034,0.6
D01589,R016,1.0
D01590,R050,1.0
D01591,R019,1.0
D01592,R032,1.0
D01593,R015,0.7
D01593,R050,0.3
D01594,R040,1.0
D01595,R027,1.0
D01596,R027,1.0
D01597,R036,1.0
D01598,R028,1.0
D01599,R017,0.7
D01599,R044,0.3
D01600,R012,1.0
D01601,R038,0.6
D01601,R037,0.4
D01602,R008,1.0
D01603,R047,1.0
D01604,R029,1.0
D01605,R042,1.0
D01606,R035,1.0
D01607,R023,0.7
D01607,R028,0.3
D01608,R040,1.0
D01609,R020,0.7
D01609,R032,0.3
D01610,R044,0.6
D01610,R023,0.4
D01611,R002,1.0
D01612,R047,1.0
D01613,R022,1.0
D01614,R045,1.0
D01615,R046,1.0
D01616,R046,1.0
D01617,R003,0.3
D01617,R025,0.7
D01618,R002,1.0
D01619,R048,1.0
D01620,R036,1.0
D01621,R024,0.7
D01621,R010,0.3
D01622,R040,1.0
D01623,R047,0.3
D01623,R041,0.7
D01624,R004,1.0
D01625,R022,0.4
D01625,R048,0.6
D01626,R040,1.0
D01627,R007,1.0
D01628,R001,1.0
D01629,R045,1.0
D01630,R039,0.3
D01630,R026,0.7
D01631,R048,1.0
D01632,R030,1.0
D01633,R005,1.0
D01634,R011,1.0
D01635,R006,1.0
D01636,R038,1.0
D01637,R030,0.5
D01637,R037,0.5
D01638,R022,1.0
D01639,R018,0.6
D01639,R042,0.4
D01640,R003,1.0
D01641,R033,1.0
D01642,R012,1.0
D01643,R048,1.0
D01644,R006,1.0
D01645,R002,1.0
D01646,R011,1.0
D01647,R009,1.0
D01648,R020,1.0
D01649,R022,1.0
D01650,R028,0.3
D01650,R013,0.7
D01651,R002,0.3
D01651,R050,0.7
D01652,R045,1.0
D01653,R017,0.4
D01653,R026,0.6
D01654,R023,1.0
D01655,R037,1.0
D01656,R030,1.0
D01657,R035,0.7
D01657,R033,0.3
D01658,R003,0.3
D01658,R024,0.7
D01659,R012,0.6
D01659,R039,0.4
D01660,R006,1.0
D01661,R020,0.4
D01661,R026,0.6
D01662,R014,1.0
D01663,R020,0.4
D01663,R015,0.6
D01664,R006,1.0
D01665,R045,1.0
D01666,R035,1.0
D01667,R043,1.0
D01668,R007,1.0
D01669,R002,0.4
D01669,R033,0.6
D01670,R018,0.6
D01670,R050,0.4
D01671,R001,0.7
D01671,R014,0.3
D01672,R040,1.0
D01673,R019,1.0
D01674,R022,1.0
D01675,R041,1.0
D01676,R036,1.0
D01677,R050,0.4
D01677,R049,0.6
D01678,R017,1.0
D01679,R039,1.0
D01680,R021,1.0
D01681,R037,1.0
D01682,R006,0.4
D01682,R048,0.6
D01683,R042,1.0
D01684,R036,1.0
D01685,R001,1.0
D01686,R019,1.0
D01687,R036,1.0
D01688,R020,0.5
D01688,R011,0.5
D01689,R011,0.5
D01689,R040,0.5
D01690,R028,1.0
D01691,R050,1.0
D01692,R023,0.6
D01692,R027,0.4
D01693,R047,1.0
D01694,R024,1.0
D01695,R046,0.6
D01695,R023,0.4
D01696,R042,1.0
D01697,R034,1.0
D01698,R022,1.0
D01699,R030,1.0
D01700,R029,1.0
D01701,R033,1.0
D01702,R024,1.0
D01703,R039,1.0
D01704,R003,1.0
D01705,R022,1.0
D01706,R020,0.6
D01706,R014,0.4
D01707,R033,1.0
D01708,R017,0.3
D01708,R038,0.7
D01709,R023,1.0
D01710,R023,1.0
D01711,R030,1.0
D01712,R041,1.0
D01713,R043,1.0
D01714,R002,1.0
D01715,R048,1.0
D01716,R001,0.6
D01716,R035,0.4
D01717,R005,1.0
D01718,R035,1.0
D01719,R011,1.0
D01720,R026,1.0
D01721,R035,0.7
D01721,R036,0.3
D01722,R021,1.0
D01723,R037,1.0
D01724,R014,1.0
D01725,R025,0.6
D01725,R017,0.4
D01726,R007,1.0
D01727,R036,1.0
D01728,R028,1.0
D01729,R033,1.0
D01730,R050,1.0
D01731,R041,1.0
D01732,R005,1.0
D01733,R014,0.5
D01733,R044,0.5
D01734,R030,1.0
D01735,R014,1.0
D01736,R036,1.0
D01737,R025,1.0
D01738,R013,1.0
D01739,R002,0.7
D01739,R024,0.3
D01740,R030,1.0
D01741,R002,1.0
D01742,R028,1.0
D01743,R049,0.6
D01743,R017,0.4
D01744,R018,1.0
D01745,R011,0.7
D01745,R046,0.3
D01746,R020,1.0
D01747,R030,1.0
D01748,R018,1.0
D01749,R048,1.0
D01750,R026,1.0
D01751,R021,1.0
D01752,R045,1.0
D01753,R033,0.6
D01753,R043,0.4
D01754,R023,1.0
D01755,R035,1.0
D01756,R009,1.0
D01757,R012,1.0
D01758,R019,1.0
D01759,R013,1.0
D01760,R046,1.0
D01761,R003,1.0
D01762,R013,1.0
D01763,R013,1.0
D01764,R041,0.5
D01764,R003,0.5
D01765,R027,1.0
D01766,R039,1.0
D01767,R046,1.0
D01768,R047,1.0
D01769,R048,0.4
D01769,R028,0.6
D01770,R044,1.0
D01771,R017,1.0
D01772,R048,1.0
D01773,R002,1.0
D01774,R041,1.0
D01775,R036,1.0
D01776,R013,1.0
D01777,R032,1.0
D01778,R021,1.0
D01779,R037,1.0
D01780,R019,1.0
D01781,R044,1.0
D01782,R042,1.0
D01783,R023,1.0
D01784,R049,1.0
D01785,R038,1.0
D01786,R030,1.0
D01787,R045,0.3
D01787,R038,0.7
D01788,R007,1.0
D01789,R007,1.0
D01790,R012,1.0
D01791,R001,0.6
D01791,R012,0.4
D01792,R029,0.5
D01792,R042,0.5
D01793,R024,1.0
D01794,R017,0.7
D01794,R003,0.3
D01795,R027,0.5
D01795,R047,0.5
D01796,R038,1.0
D01797,R035,1.0
D01798,R031,0.6
D01798,R048,0.4
D01799,R047,1.0
D01800,R017,0.7
D01800,R030,0.3
D01801,R048,1.0
D01802,R021,1.0
D01803,R033,1.0
D01804,R013,1.0
D01805,R039,1.0
D01806,R015,1.0
D01807,R013,1.0
D01808,R026,1.0
D01809,R032,1.0
D01810,R013,1.0
D01811,R012,1.0
D01812,R035,1.0
D01813,R049,1.0
D01814,R004,1.0
D01815,R027,1.0
D01816,R026,1.0
D01817,R019,0.6
D01817,R034,0.4
D01818,R047,1.0
D01819,R026,1.0
D01820,R011,1.0
D01821,R030,1.0
D01822,R017,1.0
D01823,R049,1.0
D01824,R004,1.0
D01825,R041,0.7
D01825,R047,0.3
D01826,R035,1.0
D01827,R048,1.0
D01828,R047,1.0
D01829,R047,1.0
D01830,R003,0.6
D01830,R048,0.4
D01831,R004,0.7
D01831,R003,0.3
D01832,R037,1.0
D01833,R035,1.0
D01834,R038,1.0
D01835,R042,1.0
D01836,R047,1.0
D01837,R025,1.0
D01838,R014,1.0
D01839,R047,0.6
D01839,R020,0.4
D01840,R009,1.0
D01841,R046,0.5
D01841,R048,0.5
D01842,R035,0.3
D01842,R034,0.7
D01843,R018,1.0
D01844,R020,1.0
D01845,R006,1.0
D01846,R049,1.0
D01847,R016,1.0
D01848,R044,1.0
D01849,R028,1.0
D01850,R011,1.0
D01851,R024,1.0
D01852,R030,1.0
D01853,R006,1.0
D01854,R029,0.3
D01854,R026,0.7
D01855,R002,1.0
D01856,R046,1.0
D01857,R027,0.6
D01857,R045,0.4
D01858,R046,1.0
D01859,R019,0.4
D01859,R039,0.6
D01860,R022,1.0
D01861,R011,1.0
D01862,R037,0.7
D01862,R025,0.3
D01863,R016,1.0
D01864,R020,1.0
D01865,R029,1.0
D01866,R036,1.0
D01867,R038,1.0
D01868,R009,1.0
D01869,R042,1.0
D01870,R035,1.0
D01871,R015,0.4
D01871,R043,0.6
D01872,R015,1.0
D01873,R033,1.0
D01874,R040,1.0
D01875,R001,1.0
D01876,R039,1.0
D01877,R047,1.0
D01878,R017,0.4
D01878,R023,0.6
D01879,R040,1.0
D01880,R005,1.0
D01881,R004,1.0
D01882,R028,1.0
D01883,R043,1.0
D01884,R026,0.3
D01884,R041,0.7
D01885,R015,1.0
D01886,R040,1.0
D01887,R001,1.0
D01888,R039,1.0
D01889,R040,1.0
D01890,R021,1.0
D01891,R008,0.7
D01891,R001,0.3
D01892,R030,1.0
D01893,R014,1.0
D01894,R044,1.0
D01895,R049,0.5
D01895,R008,0.5
D01896,R031,0.3
D01896,R049,0.7
D01897,R042,1.0
D01898,R035,1.0
D01899,R002,1.0
D01900,R012,0.4
D01900,R014,0.6
D01901,R016,1.0
D01902,R018,1.0
D01903,R038,1.0
D01904,R040,1.0
D01905,R034,1.0
D01906,R016,1.0
D01907,R021,1.0
D01908,R035,1.0
D01909,R041,1.0
D01910,R002,1.0
D01911,R030,0.4
D01911,R043,0.6
D01912,R022,0.4
D01912,R033,0.6
D01913,R044,1.0
D01914,R004,1.0
D01915,R022,1.0
D01916,R015,1.0
D01917,R012,1.0
D01918,R008,1.0
D01919,R006,1.0
D01920,R009,1.0
D01921,R010,1.0
D01922,R016,0.7
D01922,R026,0.3
D01923,R032,1.0
D01924,R024,1.0
D01925,R001,1.0
D01926,R016,1.0
D01927,R013,0.4
D01927,R048,0.6
D01928,R018,1.0
D01929,R010,1.0
D01930,R014,1.0
D01931,R004,0.3
D01931,R031,0.7
D01932,R018,1.0
D01933,R010,1.0
D01934,R034,1.0
D01935,R031,1.0
D01936,R007,1.0
D01937,R042,1.0
D01938,R002,0.5
D01938,R019,0.5
D01939,R014,1.0
D01940,R011,0.3
D01940,R007,0.7
D01941,R018,1.0
D01942,R007,0.3
D01942,R002,0.7
D01943,R027,1.0
D01944,R041,1.0
D01945,R026,1.0
D01946,R007,1.0
D01947,R019,1.0
D01948,R027,0.6
D01948,R001,0.4
D01949,R037,1.0
D01950,R021,1.0
D01951,R028,1.0
D01952,R042,0.7
D01952,R009,0.3
D01953,R030,1.0
D01954,R014,1.0
D01955,R040,1.0
D01956,R006,1.0
D01957,R034,1.0
D01958,R044,1.0
D01959,R048,1.0
D01960,R031,1.0
D01961,R045,1.0
D01962,R028,0.7
D01962,R007,0.3
D01963,R015,1.0
D01964,R011,1.0
D01965,R040,1.0
D01966,R050,1.0
D01967,R016,1.0
D01968,R045,1.0
D01969,R037,1.0
D01970,R048,1.0
D01971,R028,1.0
D01972,R005,0.4
D01972,R036,0.6
D01973,R008,1.0
D01974,R039,1.0
D01975,R040,1.0
D01976,R007,1.0
D01977,R045,1.0
D01978,R011,0.7
D01978,R004,0.3
D01979,R021,1.0
D01980,R033,1.0
D01981,R039,1.0
D01982,R035,0.3
D01982,R047,0.7
D01983,R025,1.0
D01984,R003,1.0
D01985,R040,1.0
D01986,R020,0.5
D01986,R016,0.5
D01987,R046,1.0
D01988,R018,1.0
D01989,R041,1.0
D01990,R026,1.0
D01991,R014,1.0
D01992,R038,1.0
D01993,R018,1.0
D01994,R049,1.0
D01995,R015,0.5
D01995,R048,0.5
D01996,R022,0.4
D01996,R007,0.6
D01997,R039,1.0
D01998,R035,1.0
D01999,R008,1.0
D02000,R049,1.0
D02001,R033,1.0
D02002,R019,1.0
D02003,R009,1.0
D02004,R027,0.3
D02004,R003,0.7
D02005,R002,1.0
D02006,R036,1.0
D02007,R032,0.3
D02007,R014,0.7
D02008,R020,1.0
D02009,R010,1.0
D02010,R047,1.0
D02011,R033,1.0
D02012,R002,0.6
D02012,R028,0.4
D02013,R023,1.0
D02014,R045,1.0
D02015,R033,1.0
D02016,R016,1.0
D02017,R037,1.0
D02018,R002,1.0
D02019,R020,1.0
D02020,R046,1.0
D02021,R006,1.0
D02022,R016,0.4
D02022,R050,0.6
D02023,R030,1.0
D02024,R040,1.0
D02025,R050,1.0
D02026,R046,1.0
D02027,R031,1.0
D02028,R018,0.4
D02028,R035,0.6
D02029,R041,1.0
D02030,R002,0.3
D02030,R007,0.7
D02031,R005,1.0
D02032,R041,1.0
D02033,R028,1.0
D02034,R030,1.0
D02035,R049,1.0
D02036,R036,1.0
D02037,R023,1.0
D02038,R019,1.0
D02039,R043,1.0
D02040,R043,1.0
D02041,R018,1.0
D02042,R031,1.0
D02043,R037,1.0
D02044,R035,1.0
D02045,R008,1.0
D02046,R034,0.3
D02046,R023,0.7
D02047,R018,1.0
D02048,R027,1.0
D02049,R024,1.0
D02050,R017,1.0
D02051,R025,0.4
D02051,R008,0.6
D02052,R034,1.0
D02053,R009,0.5
D02053,R026,0.5
D02054,R022,1.0
D02055,R021,1.0
D02056,R038,1.0
D02057,R024,1.0
D02058,R025,0.5
D02058,R015,0.5
D02059,R049,1.0
D02060,R018,1.0
D02061,R021,0.3
D02061,R019,0.7
D02062,R001,1.0
D02063,R050,1.0
D02064,R049,1.0
D02065,R003,0.6
D02065,R040,0.4
D02066,R040,1.0
D02067,R046,1.0
D02068,R035,1.0
D02069,R025,1.0
D02070,R030,1.0
D02071,R042,1.0
D02072,R039,1.0
D02073,R046,1.0
D02074,R006,1.0
D02075,R036,1.0
D02076,R044,0.6
D02076,R031,0.4
D02077,R043,1.0
D02078,R016,1.0
D02079,R024,1.0
D02080,R044,1.0
D02081,R021,0.6
D02081,R008,0.4
D02082,R047,1.0
D02083,R005,1.0
D02084,R029,1.0
D02085,R047,1.0
D02086,R029,1.0
D02087,R048,1.0
D02088,R005,1.0
D02089,R034,1.0
D02090,R003,1.0
D02091,R003,1.0
D02092,R042,0.5
D02092,R016,0.5
D02093,R042,1.0
D02094,R032,1.0
D02095,R035,1.0
D02096,R018,1.0
D02097,R050,1.0
D02098,R014,1.0
D02099,R039,1.0
D02100,R039,1.0
D02101,R035,1.0
D02102,R050,1.0
D02103,R024,1.0
D02104,R024,1.0
D02105,R012,1.0
D02106,R028,1.0
D02107,R029,1.0
D02108,R034,1.0
D02109,R036,1.0
D02110,R036,1.0
D02111,R013,1.0
D02112,R021,1.0
D02113,R003,0.4
D02113,R031,0.6
D02114,R023,1.0
D02115,R042,1.0
D02116,R023,0.3
D02116,R038,0.7
D02117,R029,1.0
D02118,R036,1.0
D02119,R028,1.0
D02120,R048,1.0
D02121,R027,1.0
D02122,R030,1.0
D02123,R014,1.0
D02124,R011,0.6
D02124,R034,0.4
D02125,R005,1.0
D02126,R049,1.0
D02127,R036,1.0
D02128,R032,1.0
D02129,R026,1.0
D02130,R048,0.6
D02130,R008,0.4
D02131,R049,1.0
D02132,R035,1.0
D02133,R029,1.0
D02134,R037,0.5
D02134,R013,0.5
D02135,R047,0.7
D02135,R018,0.3
D02136,R046,0.7
D02136,R002,0.3
D02137,R029,1.0
D02138,R005,1.0
D02139,R032,1.0
D02140,R018,1.0
D02141,R005,1.0
D02142,R027,0.7
D02142,R036,0.3
D02143,R046,0.3
D02143,R031,0.7
D02144,R002,1.0
D02145,R032,1.0
D02146,R008,1.0
D02147,R028,1.0
D02148,R032,1.0
D02149,R036,0.4
D02149,R034,0.6
D02150,R036,1.0
D02151,R012,1.0
D02152,R017,1.0
D02153,R037,0.7
D02153,R025,0.3
D02154,R018,0.4
D02154,R028,0.6
D02155,R035,1.0
D02156,R010,1.0
D02157,R050,0.3
D02157,R032,0.7
D02158,R022,1.0
D02159,R004,1.0
D02160,R037,1.0
D02161,R036,1.0
D02162,R034,0.7
D02162,R016,0.3
D02163,R029,1.0
D02164,R031,1.0
D02165,R045,1.0
D02166,R022,0.5
D02166,R043,0.5
D02167,R034,0.6
D02167,R042,0.4
D02168,R047,1.0
D02169,R019,1.0
D02170,R004,1.0
D02171,R047,1.0
D02172,R047,1.0
D02173,R030,1.0
D02174,R029,1.0
D02175,R008,1.0
D02176,R005,1.0
D02177,R037,0.4
D02177,R023,0.6
D02178,R012,1.0
D02179,R006,1.0
D02180,R007,1.0
D02181,R031,1.0
D02182,R040,0.3
D02182,R005,0.7
D02183,R037,1.0
D02184,R025,1.0
D02185,R013,1.0
D02186,R015,0.5
D02186,R004,0.5
D02187,R010,1.0
D02188,R033,1.0
D02189,R033,0.4
D02189,R045,0.6
D02190,R048,1.0
D02191,R017,0.6
D02191,R038,0.4
D02192,R013,1.0
D02193,R002,1.0
D02194,R027,1.0
D02195,R005,0.5
D02195,R028,0.5
D02196,R006,0.6
D02196,R035,0.4
D02197,R026,1.0
D02198,R012,1.0
D02199,R019,0.5
D02199,R006,0.5
D02200,R010,0.3
D02200,R001,0.7
D02201,R021,1.0
D02202,R031,0.3
D02202,R044,0.7
D02203,R023,1.0
D02204,R016,0.6
D02204,R049,0.4
D02205,R001,1.0
D02206,R045,0.7
D02206,R022,0.3
D02207,R046,1.0
D02208,R023,1.0
D02209,R036,1.0
D02210,R009,0.7
D02210,R031,0.3
D02211,R032,1.0
D02212,R028,1.0
D02213,R002,0.7
D02213,R009,0.3
D02214,R033,0.5
D02214,R026,0.5
D02215,R026,1.0
D02216,R047,1.0
D02217,R040,1.0
D02218,R042,1.0
D02219,R018,0.7
D02219,R019,0.3
D02220,R033,1.0
D02221,R012,1.0
D02222,R002,1.0
D02223,R001,1.0
D02224,R033,1.0
D02225,R012,1.0
D02226,R030,0.5
D02226,R016,0.5
D02227,R032,1.0
D02228,R013,1.0
D02229,R021,0.3
D02229,R028,0.7
D02230,R005,1.0
D02231,R034,1.0
D02232,R004,1.0
D02233,R044,1.0
D02234,R039,1.0
D02235,R040,1.0
D02236,R041,1.0
D02237,R001,1.0
D02238,R035,1.0
D02239,R023,0.5
D02239,R008,0.5
D02240,R001,1.0
D02241,R032,1.0
D02242,R005,1.0
D02243,R006,0.4
D02243,R008,0.6
D02244,R050,1.0
D02245,R031,1.0
D02246,R017,1.0
D02247,R019,1.0
D02248,R016,1.0
D02249,R037,1.0
D02250,R016,1.0
D02251,R010,1.0
D02252,R003,1.0
D02253,R032,1.0
D02254,R009,1.0
D02255,R011,1.0
D02256,R044,1.0
D02257,R037,1.0
D02258,R045,1.0
D02259,R001,1.0
D02260,R017,0.6
D02260,R049,0.4
D02261,R002,0.6
D02261,R022,0.4
D02262,R001,1.0
D02263,R037,1.0
D02264,R041,1.0
D02265,R020,1.0
D02266,R027,1.0
D02267,R009,1.0
D02268,R036,1.0
D02269,R007,0.3
D02269,R036,0.7
D02270,R025,1.0
D02271,R006,1.0
D02272,R034,1.0
D02273,R012,1.0
D02274,R041,1.0
D02275,R048,1.0
D02276,R015,1.0
D02277,R022,1.0
D02278,R016,1.0
D02279,R007,1.0
D02280,R048,1.0
D02281,R006,1.0
D02282,R011,1.0
D02283,R003,1.0
D02284,R007,1.0
D02285,R003,1.0
D02286,R045,1.0
D02287,R018,1.0
D02288,R038,1.0
D02289,R027,0.5
D02289,R042,0.5
D02290,R026,1.0
D02291,R045,1.0
D02292,R005,1.0
D02293,R044,1.0
D02294,R003,1.0
D02295,R013,0.4
D02295,R016,0.6
D02296,R047,1.0
D02297,R035,1.0
D02298,R039,1.0
D02299,R029,1.0
D02300,R018,1.0
D02301,R029,1.0
D02302,R001,1.0
D02303,R036,0.5
D02303,R037,0.5
D02304,R004,1.0
D02305,R027,1.0
D02306,R040,1.0
D02307,R018,1.0
D02308,R012,0.6
D02308,R003,0.4
D02309,R047,1.0
D02310,R050,1.0
D02311,R016,1.0
D02312,R046,1.0
D02313,R013,1.0
D02314,R015,1.0
D02315,R043,1.0
D02316,R007,1.0
D02317,R050,0.4
D02317,R047,0.6
D02318,R045,1.0
D02319,R025,0.5
D02319,R043,0.5
D02320,R034,1.0
D02321,R022,1.0
D02322,R029,0.4
D02322,R031,0.6
D02323,R036,1.0
D02324,R002,1.0
D02325,R036,1.0
D02326,R049,1.0
D02327,R012,1.0
D02328,R012,1.0
D02329,R020,1.0
D02330,R010,1.0
D02331,R016,1.0
D02332,R001,1.0
D02333,R028,1.0
D02334,R014,1.0
D02335,R024,1.0
D02336,R034,0.6
D02336,R010,0.4
D02337,R011,1.0
D02338,R022,1.0
D02339,R001,1.0
D02340,R039,1.0
D02341,R001,1.0
D02342,R041,0.5
D02342,R030,0.5
D02343,R035,1.0
D02344,R029,1.0
D02345,R003,1.0
D02346,R047,1.0
D02347,R011,1.0
D02348,R033,1.0
D02349,R007,0.4
D02349,R025,0.6
D02350,R037,1.0
D02351,R010,1.0
D02352,R025,1.0
D02353,R031,1.0
D02354,R025,1.0
D02355,R046,1.0
D02356,R020,0.4
D02356,R002,0.6
D02357,R003,1.0
D02358,R024,1.0
D02359,R019,1.0
D02360,R020,1.0
D02361,R001,1.0
D02362,R020,1.0
D02363,R012,1.0
D02364,R020,1.0
D02365,R010,1.0
D02366,R040,1.0
D02367,R007,1.0
D02368,R013,1.0
D02369,R046,1.0
D02370,R034,1.0
D02371,R009,0.5
D02371,R030,0.5
D02372,R040,1.0
D02373,R040,1.0
D02374,R009,1.0
D02375,R048,1.0
D02376,R025,1.0
D02377,R033,1.0
D02378,R004,1.0
D02379,R018,1.0
D02380,R048,1.0
D02381,R039,1.0
D02382,R020,0.3
D02382,R011,0.7
D02383,R039,1.0
D02384,R020,1.0
D02385,R017,0.6
D02385,R032,0.4
D02386,R042,1.0
D02387,R047,1.0
D02388,R021,0.4
D02388,R022,0.6
D02389,R039,1.0
D02390,R026,0.7
D02390,R031,0.3
D02391,R029,1.0
D02392,R041,1.0
D02393,R023,1.0
D02394,R045,0.5
D02394,R039,0.5
D02395,R019,1.0
D02396,R048,1.0
D02397,R044,1.0
D02398,R016,1.0
D02399,R025,1.0
D02400,R025,0.7
D02400,R043,0.3
D02401,R015,0.6
D02401,R033,0.4
D02402,R049,1.0
D02403,R028,1.0
D02404,R040,1.0
D02405,R025,1.0
D02406,R037,1.0
D02407,R017,0.4
D02407,R024,0.6
D02408,R036,1.0
D02409,R039,0.6
D02409,R002,0.4
D02410,R010,1.0
D02411,R015,0.5
D02411,R025,0.5
D02412,R022,1.0
D02413,R042,1.0
D02414,R027,1.0
D02415,R050,0.5
D02415,R012,0.5
D02416,R024,1.0
D02417,R044,0.3
D02417,R007,0.7
D02418,R029,1.0
D02419,R028,0.4
D02419,R022,0.6
D02420,R031,0.4
D02420,R025,0.6
D02421,R029,0.5
D02421,R014,0.5
D02422,R050,1.0
D02423,R036,1.0
D02424,R026,1.0
D02425,R013,1.0
D02426,R037,1.0
D02427,R002,1.0
D02428,R025,1.0
D02429,R016,1.0
D02430,R033,0.7
D02430,R047,0.3
D02431,R035,1.0
D02432,R042,1.0
D02433,R022,1.0
D02434,R016,1.0
D02435,R017,1.0
D02436,R025,1.0
D02437,R013,0.3
D02437,R007,0.7
D02438,R047,0.4
D02438,R026,0.6
D02439,R028,1.0
D02440,R016,0.5
D02440,R013,0.5
D02441,R028,1.0
D02442,R015,1.0
D02443,R020,1.0
D02444,R006,1.0
D02445,R014,1.0
D02446,R010,1.0
D02447,R035,1.0
D02448,R039,1.0
D02449,R017,1.0
D02450,R007,1.0
D02451,R013,1.0
D02452,R036,1.0
D02453,R023,1.0
D02454,R045,1.0
D02455,R034,1.0
D02456,R016,1.0
D02457,R002,1.0
D02458,R023,1.0
D02459,R050,0.4
D02459,R017,0.6
D02460,R043,1.0
D02461,R044,0.6
D02461,R042,0.4
D02462,R015,1.0
D02463,R044,0.7
D02463,R015,0.3
D02464,R006,1.0
D02465,R016,0.6
D02465,R004,0.4
D02466,R041,1.0
D02467,R036,1.0
D02468,R047,1.0
D02469,R041,1.0
D02470,R036,1.0
D02471,R028,1.0
D02472,R013,1.0
D02473,R020,1.0
D02474,R019,1.0
D02475,R024,1.0
D02476,R049,1.0
D02477,R020,1.0
D02478,R047,1.0
D02479,R025,1.0
D02480,R049,1.0
D02481,R026,1.0
D02482,R028,1.0
D02483,R031,1.0
D02484,R027,1.0
D02485,R008,1.0
D02486,R006,1.0
D02487,R031,1.0
D02488,R043,1.0
D02489,R028,1.0
D02490,R044,1.0
D02491,R041,1.0
D02492,R029,1.0
D02493,R049,1.0
D02494,R007,1.0
D02495,R049,1.0
D02496,R002,1.0
D02497,R019,1.0
D02498,R044,1.0
D02499,R028,1.0
D02500,R037,1.0
D02501,R045,1.0
D02502,R007,1.0
D02503,R016,1.0
D02504,R047,1.0
D02505,R012,1.0
D02506,R045,1.0
D02507,R049,0.7
D02507,R047,0.3
D02508,R027,1.0
D02509,R038,1.0
D02510,R036,1.0
D02511,R030,1.0
D02512,R012,1.0
D02513,R041,0.7
D02513,R022,0.3
D02514,R034,1.0
D02515,R044,1.0
D02516,R022,1.0
D02517,R006,1.0
D02518,R009,1.0
D02519,R046,1.0
D02520,R048,1.0
D02521,R005,1.0
D02522,R010,1.0
D02523,R044,1.0
D02524,R017,0.6
D02524,R007,0.4
D02525,R003,0.4
D02525,R035,0.6
D02526,R012,1.0
D02527,R011,0.3
D02527,R010,0.7
D02528,R036,1.0
D02529,R047,1.0
D02530,R045,1.0
D02531,R036,1.0
D02532,R026,0.5
D02532,R031,0.5
D02533,R031,1.0
D02534,R004,1.0
D02535,R012,1.0
D02536,R034,0.4
D02536,R001,0.6
D02537,R005,0.4
D02537,R007,0.6
D02538,R006,1.0
D02539,R026,1.0
D02540,R031,1.0
D02541,R008,1.0
D02542,R027,0.4
D02542,R004,0.6
D02543,R013,1.0
D02544,R036,1.0
D02545,R050,1.0
D02546,R030,0.5
D02546,R007,0.5
D02547,R026,1.0
D02548,R042,1.0
D02549,R013,1.0
D02550,R013,1.0
D02551,R012,1.0
D02552,R029,1.0
D02553,R004,1.0
D02554,R003,0.7
D02554,R048,0.3
D02555,R018,1.0
D02556,R007,0.6
D02556,R031,0.4
D02557,R044,1.0
D02558,R049,0.6
D02558,R041,0.4
D02559,R028,1.0
D02560,R043,1.0
D02561,R033,1.0
D02562,R043,1.0
D02563,R044,0.7
D02563,R029,0.3
D02564,R006,1.0
D02565,R018,1.0
D02566,R018,1.0
D02567,R008,1.0
D02568,R042,0.5
D02568,R021,0.5
D02569,R002,1.0
D02570,R024,0.4
D02570,R009,0.6
D02571,R035,1.0
D02572,R037,0.5
D02572,R003,0.5
D02573,R008,1.0
D02574,R008,1.0
D02575,R006,1.0
D02576,R016,1.0
D02577,R041,1.0
D02578,R022,1.0
D02579,R004,0.5
D02579,R016,0.5
D02580,R023,0.6
D02580,R017,0.4
D02581,R036,1.0
D02582,R015,1.0
D02583,R022,1.0
D02584,R036,0.7
D02584,R029,0.3
D02585,R031,1.0
D02586,R034,1.0
D02587,R008,1.0
D02588,R048,1.0
D02589,R041,0.4
D02589,R032,0.6
D02590,R035,1.0
D02591,R008,1.0
D02592,R002,1.0
D02593,R027,1.0
D02594,R043,0.5
D02594,R003,0.5
D02595,R040,1.0
D02596,R035,1.0
D02597,R019,1.0
D02598,R012,1.0
D02599,R025,1.0
D02600,R044,1.0
D02601,R041,0.4
D02601,R002,0.6
D02602,R002,1.0
D02603,R043,1.0
D02604,R032,1.0
D02605,R026,0.6
D02605,R038,0.4
D02606,R002,0.5
D02606,R036,0.5
D02607,R050,1.0
D02608,R020,1.0
D02609,R031,1.0
D02610,R001,0.7
D02610,R050,0.3
D02611,R014,1.0
D02612,R050,1.0
D02613,R021,0.4
D02613,R046,0.6
D02614,R037,0.4
D02614,R030,0.6
D02615,R003,1.0
D02616,R006,1.0
D02617,R040,1.0
D02618,R022,1.0
D02619,R030,1.0
D02620,R007,1.0
D02621,R036,1.0
D02622,R036,0.6
D02622,R022,0.4
D02623,R022,1.0
D02624,R037,1.0
D02625,R050,1.0
D02626,R004,1.0
D02627,R028,1.0
D02628,R020,1.0
D02629,R011,1.0
D02630,R012,1.0
D02631,R014,0.7
D02631,R005,0.3
D02632,R014,1.0
D02633,R010,0.4
D02633,R005,0.6
D02634,R027,0.7
D02634,R040,0.3
D02635,R017,1.0
D02636,R015,1.0
D02637,R025,1.0
D02638,R011,1.0
D02639,R034,1.0
D02640,R025,1.0
D02641,R046,1.0
D02642,R021,1.0
D02643,R030,1.0
D02644,R022,1.0
D02645,R011,1.0
D02646,R008,1.0
D02647,R016,1.0
D02648,R036,1.0
D02649,R023,1.0
D02650,R001,1.0
D02651,R026,1.0
D02652,R044,1.0
D02653,R010,0.6
D02653,R011,0.4
D02654,R014,1.0
D02655,R043,1.0
D02656,R041,1.0
D02657,R026,1.0
D02658,R004,1.0
D02659,R003,1.0
D02660,R044,1.0
D02661,R050,0.6
D02661,R016,0.4
D02662,R023,1.0
D02663,R036,1.0
D02664,R049,1.0
D02665,R042,1.0
D02666,R029,1.0
D02667,R021,1.0
D02668,R016,1.0
D02669,R032,1.0
D02670,R048,0.7
D02670,R022,0.3
D02671,R008,1.0
D02672,R004,1.0
D02673,R012,0.7
D02673,R033,0.3
D02674,R001,0.3
D02674,R019,0.7
D02675,R027,0.3
D02675,R036,0.7
D02676,R032,1.0
D02677,R039,1.0
D02678,R033,0.5
D02678,R024,0.5
D02679,R015,1.0
D02680,R021,1.0
D02681,R034,1.0
D02682,R043,1.0
D02683,R050,1.0
D02684,R012,1.0
D02685,R017,0.7
D02685,R015,0.3
D02686,R013,1.0
D02687,R007,1.0
D02688,R014,1.0
D02689,R032,1.0
D02690,R032,0.4
D02690,R039,0.6
D02691,R003,1.0
D02692,R013,1.0
D02693,R016,1.0
D02694,R027,1.0
D02695,R041,1.0
D02696,R040,0.6
D02696,R030,0.4
D02697,R026,0.6
D02697,R040,0.4
D02698,R032,1.0
D02699,R042,0.4
D02699,R020,0.6
D02700,R040,1.0
D02701,R025,1.0
D02702,R002,0.6
D02702,R020,0.4
D02703,R022,1.0
D02704,R015,1.0
D02705,R041,1.0
D02706,R043,1.0
D02707,R041,1.0
D02708,R023,1.0
D02709,R038,1.0
D02710,R038,1.0
D02711,R030,1.0
D02712,R033,1.0
D02713,R037,1.0
D02714,R013,1.0
D02715,R022,1.0
D02716,R023,0.3
D02716,R034,0.7
D02717,R039,1.0
D02718,R025,1.0
D02719,R013,1.0
D02720,R026,0.7
D02720,R048,0.3
D02721,R013,1.0
D02722,R024,0.5
D02722,R012,0.5
D02723,R009,1.0
D02724,R006,1.0
D02725,R047,0.7
D02725,R008,0.3
D02726,R021,1.0
D02727,R031,1.0
D02728,R050,1.0
D02729,R046,0.5
D02729,R003,0.5
D02730,R020,1.0
D02731,R050,1.0
D02732,R014,1.0
D02733,R033,0.5
D02733,R017,0.5
D02734,R032,1.0
D02735,R008,1.0
D02736,R027,0.6
D02736,R041,0.4
D02737,R007,1.0
D02738,R031,0.3
D02738,R025,0.7
D02739,R022,1.0
D02740,R028,1.0
D02741,R026,1.0
D02742,R040,1.0
D02743,R049,0.3
D02743,R008,0.7
D02744,R028,0.5
D02744,R022,0.5
D02745,R020,1.0
D02746,R044,0.3
D02746,R038,0.7
D02747,R004,1.0
D02748,R026,1.0
D02749,R025,0.7
D02749,R044,0.3
D02750,R022,1.0
D02751,R031,0.6
D02751,R006,0.4
D02752,R023,1.0
D02753,R037,0.5
D02753,R019,0.5
D02754,R018,1.0
D02755,R036,1.0
D02756,R041,0.5
D02756,R044,0.5
D02757,R017,1.0
D02758,R044,1.0
D02759,R042,1.0
D02760,R043,0.4
D02760,R021,0.6
D02761,R028,1.0
D02762,R045,1.0
D02763,R006,1.0
D02764,R050,0.3
D02764,R036,0.7
D02765,R024,1.0
D02766,R014,1.0
D02767,R015,1.0
D02768,R022,1.0
D02769,R016,0.5
D02769,R032,0.5
D02770,R009,0.5
D02770,R006,0.5
D02771,R005,0.6
D02771,R014,0.4
D02772,R013,1.0
D02773,R038,1.0
D02774,R046,0.6
D02774,R017,0.4
D02775,R040,1.0
D02776,R034,1.0
D02777,R022,1.0
D02778,R037,0.6
D02778,R004,0.4
D02779,R026,1.0
D02780,R031,1.0
D02781,R004,1.0
D02782,R013,1.0
D02783,R012,1.0
D02784,R029,0.7
D02784,R021,0.3
D02785,R039,1.0
D02786,R003,1.0
D02787,R016,1.0
D02788,R023,0.3
D02788,R026,0.7
D02789,R008,0.4
D02789,R010,0.6
D02790,R037,1.0
D02791,R048,1.0
D02792,R003,1.0
D02793,R032,1.0
D02794,R047,1.0
D02795,R012,1.0
D02796,R050,1.0
D02797,R008,1.0
D02798,R034,1.0
D02799,R033,1.0
D02800,R010,1.0
D02801,R043,0.6
D02801,R023,0.4
D02802,R019,0.5
D02802,R009,0.5
D02803,R012,1.0
D02804,R014,0.7
D02804,R005,0.3
D02805,R026,1.0
D02806,R032,1.0
D02807,R045,1.0
D02808,R008,1.0
D02809,R026,1.0
D02810,R022,1.0
D02811,R050,1.0
D02812,R032,1.0
D02813,R011,0.6
D02813,R010,0.4
D02814,R010,1.0
D02815,R004,1.0
D02816,R040,0.4
D02816,R028,0.6
D02817,R030,1.0
D02818,R038,1.0
D02819,R003,1.0
D02820,R019,1.0
D02821,R040,1.0
D02822,R037,1.0
D02823,R030,1.0
D02824,R048,0.7
D02824,R001,0.3
D02825,R015,1.0
D02826,R025,1.0
D02827,R033,0.3
D02827,R013,0.7
D02828,R049,0.7
D02828,R025,0.3
D02829,R028,1.0
D02830,R043,1.0
D02831,R025,1.0
D02832,R041,1.0
D02833,R035,1.0
D02834,R012,0.7
D02834,R041,0.3
D02835,R004,0.4
D02835,R040,0.6
D02836,R013,1.0
D02837,R037,1.0
D02838,R030,1.0
D02839,R049,1.0
D02840,R005,1.0
D02841,R010,1.0
D02842,R001,1.0
D02843,R033,1.0
D02844,R012,1.0
D02845,R013,1.0
D02846,R036,1.0
D02847,R001,1.0
D02848,R026,1.0
D02849,R006,1.0
D02850,R047,1.0
D02851,R036,1.0
D02852,R010,1.0
D02853,R016,1.0
D02854,R043,1.0
D02855,R005,0.6
D02855,R043,0.4
D02856,R020,1.0
D02857,R019,1.0
D02858,R021,1.0
D02859,R013,0.3
D02859,R048,0.7
D02860,R022,1.0
D02861,R050,1.0
D02862,R032,1.0
D02863,R022,1.0
D02864,R008,0.5
D02864,R033,0.5
D02865,R024,1.0
D02866,R039,1.0
D02867,R019,1.0
D02868,R022,0.3
D02868,R046,0.7
D02869,R011,1.0
D02870,R032,0.6
D02870,R035,0.4
D02871,R036,1.0
D02872,R040,1.0
D02873,R050,1.0
D02874,R030,1.0
D02875,R014,1.0
D02876,R037,1.0
D02877,R034,1.0
D02878,R025,1.0
D02879,R015,1.0
D02880,R017,1.0
D02881,R039,1.0
D02882,R024,1.0
D02883,R012,1.0
D02884,R036,1.0
D02885,R035,1.0
D02886,R047,1.0
D02887,R010,1.0
D02888,R029,1.0
D02889,R008,1.0
D02890,R015,1.0
D02891,R029,1.0
D02892,R041,1.0
D02893,R027,1.0
D02894,R034,1.0
D02895,R008,1.0
D02896,R012,1.0
D02897,R013,0.6
D02897,R012,0.4
D02898,R002,1.0
D02899,R005,1.0
D02900,R022,1.0
D02901,R013,1.0
D02902,R016,1.0
D02903,R045,1.0
D02904,R043,1.0
D02905,R021,1.0
D02906,R029,1.0
D02907,R012,1.0
D02908,R041,0.6
D02908,R023,0.4
D02909,R017,1.0
D02910,R007,0.7
D02910,R002,0.3
D02911,R017,0.4
D02911,R024,0.6
D02912,R037,1.0
D02913,R026,1.0
D02914,R039,0.7
D02914,R008,0.3
D02915,R010,1.0
D02916,R044,0.6
D02916,R047,0.4
D02917,R008,1.0
D02918,R011,1.0
D02919,R015,1.0
D02920,R014,1.0
D02921,R043,1.0
D02922,R014,0.4
D02922,R043,0.6
D02923,R038,0.4
D02923,R019,0.6
D02924,R008,1.0
D02925,R007,1.0
D02926,R050,1.0
D02927,R012,1.0
D02928,R040,1.0
D02929,R049,0.7
D02929,R031,0.3
D02930,R040,1.0
D02931,R029,1.0
D02932,R031,1.0
D02933,R008,1.0
D02934,R002,1.0
D02935,R040,1.0
D02936,R006,1.0
D02937,R046,1.0
D02938,R045,1.0
D02939,R014,1.0
D02940,R014,1.0
D02941,R013,1.0
D02942,R008,1.0
D02943,R016,0.4
D02943,R015,0.6
D02944,R047,1.0
D02945,R042,1.0
D02946,R047,0.7
D02946,R005,0.3
D02947,R004,1.0
D02948,R028,1.0
D02949,R050,1.0
D02950,R039,1.0
D02951,R031,1.0
D02952,R014,1.0
D02953,R020,1.0
D02954,R046,0.7
D02954,R049,0.3
D02955,R031,1.0
D02956,R039,1.0
D02957,R011,1.0
D02958,R020,1.0
D02959,R004,0.4
D02959,R041,0.6
D02960,R038,1.0
D02961,R020,1.0
D02962,R032,1.0
D02963,R020,1.0
D02964,R045,1.0
D02965,R020,1.0
D02966,R022,1.0
D02967,R038,1.0
D02968,R050,1.0
D02969,R035,1.0
D02970,R045,1.0
D02971,R006,0.4
D02971,R013,0.6
D02972,R018,1.0
D02973,R007,1.0
D02974,R032,1.0
D02975,R024,1.0
D02976,R039,1.0
D02977,R004,1.0
D02978,R020,1.0
D02979,R029,1.0
D02980,R048,1.0
D02981,R001,0.6
D02981,R032,0.4
D02982,R028,1.0
D02983,R001,1.0
D02984,R037,1.0
D02985,R015,1.0
D02986,R018,1.0
D02987,R018,0.6
D02987,R021,0.4
D02988,R009,0.7
D02988,R020,0.3
D02989,R021,1.0
D02990,R019,1.0
D02991,R041,0.5
D02991,R003,0.5
D02992,R042,1.0
D02993,R048,1.0
D02994,R028,1.0
D02995,R010,1.0
D02996,R007,1.0
D02997,R026,1.0
D02998,R011,1.0
D02999,R001,0.6
D02999,R003,0.4
D03000,R026,1.0
