entry_id,project_id,work_package_id,control_account_id,reporting_period,percent_complete,completion_status,physical_progress_description,submitted_by,submitted_date,approved_by,approved_date,forecast_completion_date,schedule_risk,cost_risk,notes
PE-000001,P001,WP-001,CA-P001-01,2024-01,15.2,in_progress,Progress update for 2024-01,ENG-P001-0001,2024-01-28,CAM-P001-01,2024-01-30,2024-07-07,Medium,High,
PE-000002,P001,WP-001,CA-P001-01,2024-02,30.1,in_progress,Progress update for 2024-02,ENG-P001-0001,2024-02-28,CAM-P001-01,2024-03-01,2024-07-07,None,Low,
PE-000003,P001,WP-001,CA-P001-01,2024-03,37.8,in_progress,Progress update for 2024-03,ENG-P001-0001,2024-03-28,CAM-P001-01,2024-03-30,2024-07-07,None,None,
PE-000004,P001,WP-002,CA-P001-01,2024-01,16.0,in_progress,Progress update for 2024-01,ENG-P001-0002,2024-01-28,CAM-P001-01,2024-01-30,2024-04-06,None,None,
PE-000005,P001,WP-002,CA-P001-01,2024-02,24.6,in_progress,Progress update for 2024-02,ENG-P001-0002,2024-02-28,CAM-P001-01,2024-03-01,2024-04-06,Medium,Low,
PE-000006,P001,WP-002,CA-P001-01,2024-03,31.2,in_progress,Progress update for 2024-03,ENG-P001-0002,2024-03-28,CAM-P001-01,2024-03-30,2024-04-06,None,Low,
PE-000007,P001,WP-003,CA-P001-01,2024-01,100.0,complete,Progress update for 2024-01,ENG-P001-0003,2024-01-28,CAM-P001-01,2024-01-30,2024-06-15,None,Low,
PE-000008,P001,WP-003,CA-P001-01,2024-02,100.0,complete,Progress update for 2024-02,ENG-P001-0003,2024-02-28,CAM-P001-01,2024-03-01,2024-06-15,None,Medium,
PE-000009,P001,WP-003,CA-P001-01,2024-03,83.0,complete,Progress update for 2024-03,ENG-P001-0003,2024-03-28,CAM-P001-01,2024-03-30,2024-06-15,None,Low,
PE-000010,P001,WP-004,CA-P001-01,2024-01,100.0,complete,Progress update for 2024-01,ENG-P001-0004,2024-01-28,CAM-P001-01,2024-01-30,2024-06-05,None,High,
PE-000011,P001,WP-004,CA-P001-01,2024-02,100.0,complete,Progress update for 2024-02,ENG-P001-0004,2024-02-28,CAM-P001-01,2024-03-01,2024-06-05,High,Low,
PE-000012,P001,WP-004,CA-P001-01,2024-03,100.0,complete,Progress update for 2024-03,ENG-P001-0004,2024-03-28,CAM-P001-01,2024-03-30,2024-06-05,None,None,
PE-000013,P001,WP-005,CA-P001-01,2024-01,17.2,in_progress,Progress update for 2024-01,ENG-P001-0005,2024-01-28,CAM-P001-01,2024-01-30,2024-01-17,Low,None,
PE-000014,P001,WP-005,CA-P001-01,2024-02,31.5,in_progress,Progress update for 2024-02,ENG-P001-0005,2024-02-28,CAM-P001-01,2024-03-01,2024-01-17,None,Medium,
PE-000015,P001,WP-005,CA-P001-01,2024-03,47.1,in_progress,Progress update for 2024-03,ENG-P001-0005,2024-03-28,CAM-P001-01,2024-03-30,2024-01-17,Low,Low,
PE-000016,P001,WP-006,CA-P001-02,2024-01,100.0,complete,Progress update for 2024-01,ENG-P001-0006,2024-01-28,CAM-P001-01,2024-01-30,2024-02-10,None,None,
PE-000017,P001,WP-006,CA-P001-02,2024-02,100.0,complete,Progress update for 2024-02,ENG-P001-0006,2024-02-28,CAM-P001-01,2024-03-01,2024-02-10,None,Medium,
PE-000018,P001,WP-006,CA-P001-02,2024-03,100.0,complete,Progress update for 2024-03,ENG-P001-0006,2024-03-28,CAM-P001-01,2024-03-30,2024-02-10,None,None,
PE-000019,P001,WP-007,CA-P001-02,2024-01,100.0,complete,Progress update for 2024-01,ENG-P001-0007,2024-01-28,CAM-P001-01,2024-01-30,2024-05-06,None,None,
PE-000020,P001,WP-007,CA-P001-02,2024-02,100.0,complete,Progress update for 2024-02,ENG-P001-0007,2024-02-28,CAM-P001-01,2024-03-01,2024-05-06,Low,None,
PE-000021,P001,WP-007,CA-P001-02,2024-03,100.0,complete,Progress update for 2024-03,ENG-P001-0007,2024-03-28,CAM-P001-01,2024-03-30,2024-05-06,None,Medium,
PE-000022,P001,WP-008,CA-P001-02,2024-01,0.0,not_started,Progress update for 2024-01,ENG-P001-0008,2024-01-28,CAM-P001-01,2024-01-30,2024-07-30,None,None,
PE-000023,P001,WP-008,CA-P001-02,2024-02,0.0,not_started,Progress update for 2024-02,ENG-P001-0008,2024-02-28,CAM-P001-01,2024-03-01,2024-07-30,None,Medium,
PE-000024,P001,WP-008,CA-P001-02,2024-03,0.0,not_started,Progress update for 2024-03,ENG-P001-0008,2024-03-28,CAM-P001-01,2024-03-30,2024-07-30,None,Medium,
PE-000025,P001,WP-009,CA-P001-02,2024-01,19.1,in_progress,Progress update for 2024-01,ENG-P001-0009,2024-01-28,CAM-P001-01,2024-01-30,2024-07-28,Low,None,
PE-000026,P001,WP-009,CA-P001-02,2024-02,37.6,in_progress,Progress update for 2024-02,ENG-P001-0009,2024-02-28,CAM-P001-01,2024-03-01,2024-07-28,None,None,
PE-000027,P001,WP-009,CA-P001-02,2024-03,50.9,in_progress,Progress update for 2024-03,ENG-P001-0009,2024-03-28,CAM-P001-01,2024-03-30,2024-07-28,None,None,
PE-000028,P001,WP-010,CA-P001-02,2024-01,11.2,in_progress,Progress update for 2024-01,ENG-P001-0010,2024-01-28,CAM-P001-01,2024-01-30,2024-08-19,None,None,
PE-000029,P001,WP-010,CA-P001-02,2024-02,27.0,in_progress,Progress update for 2024-02,ENG-P001-0010,2024-02-28,CAM-P001-01,2024-03-01,2024-08-19,High,None,
PE-000030,P001,WP-010,CA-P001-02,2024-03,41.7,in_progress,Progress update for 2024-03,ENG-P001-0010,2024-03-28,CAM-P001-01,2024-03-30,2024-08-19,None,None,
PE-000031,P001,WP-011,CA-P001-03,2024-01,100.0,complete,Progress update for 2024-01,ENG-P001-0011,2024-01-28,CAM-P001-01,2024-01-30,2024-07-12,None,None,
PE-000032,P001,WP-011,CA-P001-03,2024-02,100.0,complete,Progress update for 2024-02,ENG-P001-0011,2024-02-28,CAM-P001-01,2024-03-01,2024-07-12,None,None,
PE-000033,P001,WP-011,CA-P001-03,2024-03,100.0,complete,Progress update for 2024-03,ENG-P001-0011,2024-03-28,CAM-P001-01,2024-03-30,2024-07-12,None,Low,
PE-000034,P001,WP-012,CA-P001-03,2024-01,5.0,in_progress,Progress update for 2024-01,ENG-P001-0012,2024-01-28,CAM-P001-01,2024-01-30,2024-04-16,None,None,
PE-000035,P001,WP-012,CA-P001-03,2024-02,20.7,in_progress,Progress update for 2024-02,ENG-P001-0012,2024-02-28,CAM-P001-01,2024-03-01,2024-04-16,None,Low,
PE-000036,P001,WP-012,CA-P001-03,2024-03,29.8,in_progress,Progress update for 2024-03,ENG-P001-0012,2024-03-28,CAM-P001-01,2024-03-30,2024-04-16,None,High,
PE-000037,P001,WP-013,CA-P001-03,2024-01,100.0,complete,Progress update for 2024-01,ENG-P001-0013,2024-01-28,CAM-P001-01,2024-01-30,2024-02-11,None,None,
PE-000038,P001,WP-013,CA-P001-03,2024-02,100.0,complete,Progress update for 2024-02,ENG-P001-0013,2024-02-28,CAM-P001-01,2024-03-01,2024-02-11,None,High,
PE-000039,P001,WP-013,CA-P001-03,2024-03,100.0,complete,Progress update for 2024-03,ENG-P001-0013,2024-03-28,CAM-P001-01,2024-03-30,2024-02-11,Low,Low,
PE-000040,P001,WP-014,CA-P001-03,2024-01,19.8,in_progress,Progress update for 2024-01,ENG-P001-0014,2024-01-28,CAM-P001-01,2024-01-30,2024-08-05,None,High,
PE-000041,P001,WP-014,CA-P001-03,2024-02,30.7,in_progress,Progress update for 2024-02,ENG-P001-0014,2024-02-28,CAM-P001-01,2024-03-01,2024-08-05,Low,None,
PE-000042,P001,WP-014,CA-P001-03,2024-03,42.0,in_progress,Progress update for 2024-03,ENG-P001-0014,2024-03-28,CAM-P001-01,2024-03-30,2024-08-05,High,None,
PE-000043,P001,WP-015,CA-P001-03,2024-01,20.0,in_progress,Progress update for 2024-01,ENG-P001-0015,2024-01-28,CAM-P001-01,2024-01-30,2024-02-06,None,Low,
PE-000044,P001,WP-015,CA-P001-03,2024-02,41.5,in_progress,Progress update for 2024-02,ENG-P001-0015,2024-02-28,CAM-P001-01,2024-03-01,2024-02-06,None,Medium,
PE-000045,P001,WP-015,CA-P001-03,2024-03,55.5,in_progress,Progress update for 2024-03,ENG-P001-0015,2024-03-28,CAM-P001-01,2024-03-30,2024-02-06,Low,None,
PE-000046,P001,WP-016,CA-P001-04,2024-01,13.0,in_progress,Progress update for 2024-01,ENG-P001-0016,2024-01-28,CAM-P001-01,2024-01-30,2024-08-12,Low,None,
PE-000047,P001,WP-016,CA-P001-04,2024-02,23.2,in_progress,Progress update for 2024-02,ENG-P001-0016,2024-02-28,CAM-P001-01,2024-03-01,2024-08-12,None,Medium,
PE-000048,P001,WP-016,CA-P001-04,2024-03,29.7,in_progress,Progress update for 2024-03,ENG-P001-0016,2024-03-28,CAM-P001-01,2024-03-30,2024-08-12,Low,High,
PE-000049,P001,WP-017,CA-P001-04,2024-01,5.1,in_progress,Progress update for 2024-01,ENG-P001-0017,2024-01-28,CAM-P001-01,2024-01-30,2024-07-03,None,Low,
PE-000050,P001,WP-017,CA-P001-04,2024-02,14.0,in_progress,Progress update for 2024-02,ENG-P001-0017,2024-02-28,CAM-P001-01,2024-03-01,2024-07-03,Low,Low,
PE-000051,P001,WP-017,CA-P001-04,2024-03,28.2,in_progress,Progress update for 2024-03,ENG-P001-0017,2024-03-28,CAM-P001-01,2024-03-30,2024-07-03,None,Low,
PE-000052,P001,WP-018,CA-P001-04,2024-01,13.9,in_progress,Progress update for 2024-01,ENG-P001-0018,2024-01-28,CAM-P001-01,2024-01-30,2024-02-15,None,Low,
PE-000053,P001,WP-018,CA-P001-04,2024-02,34.3,in_progress,Progress update for 2024-02,ENG-P001-0018,2024-02-28,CAM-P001-01,2024-03-01,2024-02-15,Low,None,
PE-000054,P001,WP-018,CA-P001-04,2024-03,44.8,in_progress,Progress update for 2024-03,ENG-P001-0018,2024-03-28,CAM-P001-01,2024-03-30,2024-02-15,None,None,
PE-000055,P001,WP-019,CA-P001-04,2024-01,5.2,in_progress,Progress update for 2024-01,ENG-P001-0019,2024-01-28,CAM-P001-01,2024-01-30,2024-05-29,High,None,
PE-000056,P001,WP-019,CA-P001-04,2024-02,24.6,in_progress,Progress update for 2024-02,ENG-P001-0019,2024-02-28,CAM-P001-01,2024-03-01,2024-05-29,None,None,
PE-000057,P001,WP-019,CA-P001-04,2024-03,36.4,in_progress,Progress update for 2024-03,ENG-P001-0019,2024-03-28,CAM-P001-01,2024-03-30,2024-05-29,None,Medium,
PE-000058,P001,WP-020,CA-P001-04,2024-01,19.4,in_progress,Progress update for 2024-01,ENG-P001-0020,2024-01-28,CAM-P001-01,2024-01-30,2024-05-30,Medium,None,
PE-000059,P001,WP-020,CA-P001-04,2024-02,38.2,in_progress,Progress update for 2024-02,ENG-P001-0020,2024-02-28,CAM-P001-01,2024-03-01,2024-05-30,None,Medium,
PE-000060,P001,WP-020,CA-P001-04,2024-03,51.5,in_progress,Progress update for 2024-03,ENG-P001-0020,2024-03-28,CAM-P001-01,2024-03-30,2024-05-30,None,None,
PE-000061,P001,WP-021,CA-P001-05,2024-01,5.2,in_progress,Progress update for 2024-01,ENG-P001-0021,2024-01-28,CAM-P001-01,2024-01-30,2024-06-27,None,Medium,
PE-000062,P001,WP-021,CA-P001-05,2024-02,24.3,in_progress,Progress update for 2024-02,ENG-P001-0021,2024-02-28,CAM-P001-01,2024-03-01,2024-06-27,High,None,
PE-000063,P001,WP-021,CA-P001-05,2024-03,38.6,in_progress,Progress update for 2024-03,ENG-P001-0021,2024-03-28,CAM-P001-01,2024-03-30,2024-06-27,None,Low,
PE-000064,P001,WP-022,CA-P001-05,2024-01,9.8,in_progress,Progress update for 2024-01,ENG-P001-0022,2024-01-28,CAM-P001-01,2024-01-30,2024-01-05,None,Low,
PE-000065,P001,WP-022,CA-P001-05,2024-02,20.4,in_progress,Progress update for 2024-02,ENG-P001-0022,2024-02-28,CAM-P001-01,2024-03-01,2024-01-05,None,Low,
PE-000066,P001,WP-022,CA-P001-05,2024-03,28.2,in_progress,Progress update for 2024-03,ENG-P001-0022,2024-03-28,CAM-P001-01,2024-03-30,2024-01-05,High,Low,
PE-000067,P001,WP-023,CA-P001-05,2024-01,17.3,in_progress,Progress update for 2024-01,ENG-P001-0023,2024-01-28,CAM-P001-01,2024-01-30,2024-08-16,Low,Low,
PE-000068,P001,WP-023,CA-P001-05,2024-02,35.3,in_progress,Progress update for 2024-02,ENG-P001-0023,2024-02-28,CAM-P001-01,2024-03-01,2024-08-16,Medium,Low,
PE-000069,P001,WP-023,CA-P001-05,2024-03,45.2,in_progress,Progress update for 2024-03,ENG-P001-0023,2024-03-28,CAM-P001-01,2024-03-30,2024-08-16,None,Low,
PE-000070,P001,WP-024,CA-P001-05,2024-01,6.0,in_progress,Progress update for 2024-01,ENG-P001-0024,2024-01-28,CAM-P001-01,2024-01-30,2024-01-19,None,None,
PE-000071,P001,WP-024,CA-P001-05,2024-02,21.7,in_progress,Progress update for 2024-02,ENG-P001-0024,2024-02-28,CAM-P001-01,2024-03-01,2024-01-19,None,Low,
PE-000072,P001,WP-024,CA-P001-05,2024-03,38.8,in_progress,Progress update for 2024-03,ENG-P001-0024,2024-03-28,CAM-P001-01,2024-03-30,2024-01-19,Medium,None,
PE-000073,P001,WP-025,CA-P001-05,2024-01,100.0,complete,Progress update for 2024-01,ENG-P001-0025,2024-01-28,CAM-P001-01,2024-01-30,2024-06-20,Low,Low,
PE-000074,P001,WP-025,CA-P001-05,2024-02,100.0,complete,Progress update for 2024-02,ENG-P001-0025,2024-02-28,CAM-P001-01,2024-03-01,2024-06-20,None,Low,
PE-000075,P001,WP-025,CA-P001-05,2024-03,100.0,complete,Progress update for 2024-03,ENG-P001-0025,2024-03-28,CAM-P001-01,2024-03-30,2024-06-20,None,High,
PE-000076,P001,WP-026,CA-P001-06,2024-01,100.0,complete,Progress update for 2024-01,ENG-P001-0026,2024-01-28,CAM-P001-01,2024-01-30,2024-04-02,None,Medium,
PE-000077,P001,WP-026,CA-P001-06,2024-02,100.0,complete,Progress update for 2024-02,ENG-P001-0026,2024-02-28,CAM-P001-01,2024-03-01,2024-04-02,Low,None,
PE-000078,P001,WP-026,CA-P001-06,2024-03,100.0,complete,Progress update for 2024-03,ENG-P001-0026,2024-03-28,CAM-P001-01,2024-03-30,2024-04-02,Low,None,
PE-000079,P001,WP-027,CA-P001-06,2024-01,16.6,in_progress,Progress update for 2024-01,ENG-P001-0027,2024-01-28,CAM-P001-01,2024-01-30,2024-08-18,Low,None,
PE-000080,P001,WP-027,CA-P001-06,2024-02,25.7,in_progress,Progress update for 2024-02,ENG-P001-0027,2024-02-28,CAM-P001-01,2024-03-01,2024-08-18,Medium,None,
PE-000081,P001,WP-027,CA-P001-06,2024-03,44.2,in_progress,Progress update for 2024-03,ENG-P001-0027,2024-03-28,CAM-P001-01,2024-03-30,2024-08-18,Medium,Low,
PE-000082,P001,WP-028,CA-P001-06,2024-01,100.0,complete,Progress update for 2024-01,ENG-P001-0028,2024-01-28,CAM-P001-01,2024-01-30,2024-04-20,None,Low,
PE-000083,P001,WP-028,CA-P001-06,2024-02,100.0,complete,Progress update for 2024-02,ENG-P001-0028,2024-02-28,CAM-P001-01,2024-03-01,2024-04-20,High,None,
PE-000084,P001,WP-028,CA-P001-06,2024-03,100.0,complete,Progress update for 2024-03,ENG-P001-0028,2024-03-28,CAM-P001-01,2024-03-30,2024-04-20,None,None,
PE-000085,P001,WP-029,CA-P001-06,2024-01,10.9,in_progress,Progress update for 2024-01,ENG-P001-0029,2024-01-28,CAM-P001-01,2024-01-30,2024-01-22,Low,None,
PE-000086,P001,WP-029,CA-P001-06,2024-02,26.9,in_progress,Progress update for 2024-02,ENG-P001-0029,2024-02-28,CAM-P001-01,2024-03-01,2024-01-22,None,None,
PE-000087,P001,WP-029,CA-P001-06,2024-03,36.6,in_progress,Progress update for 2024-03,ENG-P001-0029,2024-03-28,CAM-P001-01,2024-03-30,2024-01-22,Medium,Low,
PE-000088,P001,WP-030,CA-P001-06,2024-01,100.0,complete,Progress update for 2024-01,ENG-P001-0030,2024-01-28,CAM-P001-01,2024-01-30,2024-04-03,None,Medium,
PE-000089,P001,WP-030,CA-P001-06,2024-02,100.0,complete,Progress update for 2024-02,ENG-P001-0030,2024-02-28,CAM-P001-01,2024-03-01,2024-04-03,None,None,
PE-000090,P001,WP-030,CA-P001-06,2024-03,100.0,complete,Progress update for 2024-03,ENG-P001-0030,2024-03-28,CAM-P001-01,2024-03-30,2024-04-03,None,High,
PE-000091,P001,WP-031,CA-P001-07,2024-01,100.0,complete,Progress update for 2024-01,ENG-P001-0031,2024-01-28,CAM-P001-01,2024-01-30,2024-01-07,Low,Low,
PE-000092,P001,WP-031,CA-P001-07,2024-02,100.0,complete,Progress update for 2024-02,ENG-P001-0031,2024-02-28,CAM-P001-01,2024-03-01,2024-01-07,None,None,
PE-000093,P001,WP-031,CA-P001-07,2024-03,100.0,complete,Progress update for 2024-03,ENG-P001-0031,2024-03-28,CAM-P001-01,2024-03-30,2024-01-07,Low,None,
PE-000094,P001,WP-032,CA-P001-07,2024-01,100.0,complete,Progress update for 2024-01,ENG-P001-0032,2024-01-28,CAM-P001-01,2024-01-30,2024-01-25,Medium,Medium,
PE-000095,P001,WP-032,CA-P001-07,2024-02,100.0,complete,Progress update for 2024-02,ENG-P001-0032,2024-02-28,CAM-P001-01,2024-03-01,2024-01-25,None,Low,
PE-000096,P001,WP-032,CA-P001-07,2024-03,100.0,complete,Progress update for 2024-03,ENG-P001-0032,2024-03-28,CAM-P001-01,2024-03-30,2024-01-25,High,None,
PE-000097,P001,WP-033,CA-P001-07,2024-01,14.6,in_progress,Progress update for 2024-01,ENG-P001-0033,2024-01-28,CAM-P001-01,2024-01-30,2024-08-09,Medium,None,
PE-000098,P001,WP-033,CA-P001-07,2024-02,35.0,in_progress,Progress update for 2024-02,ENG-P001-0033,2024-02-28,CAM-P001-01,2024-03-01,2024-08-09,None,Low,
PE-000099,P001,WP-033,CA-P001-07,2024-03,52.0,in_progress,Progress update for 2024-03,ENG-P001-0033,2024-03-28,CAM-P001-01,2024-03-30,2024-08-09,Low,None,
PE-000100,P001,WP-034,CA-P001-07,2024-01,0.0,not_started,Progress update for 2024-01,ENG-P001-0034,2024-01-28,CAM-P001-01,2024-01-30,2024-01-16,Low,None,
PE-000101,P001,WP-034,CA-P001-07,2024-02,0.0,not_started,Progress update for 2024-02,ENG-P001-0034,2024-02-28,CAM-P001-01,2024-03-01,2024-01-16,None,None,
PE-000102,P001,WP-034,CA-P001-07,2024-03,0.0,not_started,Progress update for 2024-03,ENG-P001-0034,2024-03-28,CAM-P001-01,2024-03-30,2024-01-16,Low,None,
PE-000103,P001,WP-035,CA-P001-07,2024-01,8.7,in_progress,Progress update for 2024-01,ENG-P001-0035,2024-01-28,CAM-P001-01,2024-01-30,2024-01-13,Medium,None,
PE-000104,P001,WP-035,CA-P001-07,2024-02,22.9,in_progress,Progress update for 2024-02,ENG-P001-0035,2024-02-28,CAM-P001-01,2024-03-01,2024-01-13,None,None,
PE-000105,P001,WP-035,CA-P001-07,2024-03,39.2,in_progress,Progress update for 2024-03,ENG-P001-0035,2024-03-28,CAM-P001-01,2024-03-30,2024-01-13,None,None,
PE-000106,P001,WP-036,CA-P001-08,2024-01,19.5,in_progress,Progress update for 2024-01,ENG-P001-0036,2024-01-28,CAM-P001-01,2024-01-30,2024-06-17,Medium,Low,
PE-000107,P001,WP-036,CA-P001-08,2024-02,39.6,in_progress,Progress update for 2024-02,ENG-P001-0036,2024-02-28,CAM-P001-01,2024-03-01,2024-06-17,Medium,None,
PE-000108,P001,WP-036,CA-P001-08,2024-03,54.2,in_progress,Progress update for 2024-03,ENG-P001-0036,2024-03-28,CAM-P001-01,2024-03-30,2024-06-17,Low,None,
PE-000109,P001,WP-037,CA-P001-08,2024-01,8.3,in_progress,Progress update for 2024-01,ENG-P001-0037,2024-01-28,CAM-P001-01,2024-01-30,2024-04-18,None,Low,
PE-000110,P001,WP-037,CA-P001-08,2024-02,27.3,in_progress,Progress update for 2024-02,ENG-P001-0037,2024-02-28,CAM-P001-01,2024-03-01,2024-04-18,Medium,None,
PE-000111,P001,WP-037,CA-P001-08,2024-03,36.1,in_progress,Progress update for 2024-03,ENG-P001-0037,2024-03-28,CAM-P001-01,2024-03-30,2024-04-18,None,Low,
PE-000112,P001,WP-038,CA-P001-08,2024-01,18.8,in_progress,Progress update for 2024-01,ENG-P001-0038,2024-01-28,CAM-P001-01,2024-01-30,2024-01-06,Medium,Medium,
PE-000113,P001,WP-038,CA-P001-08,2024-02,38.7,in_progress,Progress update for 2024-02,ENG-P001-0038,2024-02-28,CAM-P001-01,2024-03-01,2024-01-06,High,None,
PE-000114,P001,WP-038,CA-P001-08,2024-03,45.4,in_progress,Progress update for 2024-03,ENG-P001-0038,2024-03-28,CAM-P001-01,2024-03-30,2024-01-06,None,None,
PE-000115,P001,WP-039,CA-P001-08,2024-01,100.0,complete,Progress update for 2024-01,ENG-P001-0039,2024-01-28,CAM-P001-01,2024-01-30,2024-05-30,None,None,
PE-000116,P001,WP-039,CA-P001-08,2024-02,100.0,complete,Progress update for 2024-02,ENG-P001-0039,2024-02-28,CAM-P001-01,2024-03-01,2024-05-30,High,None,
PE-000117,P001,WP-039,CA-P001-08,2024-03,100.0,complete,Progress update for 2024-03,ENG-P001-0039,2024-03-28,CAM-P001-01,2024-03-30,2024-05-30,High,Medium,
PE-000118,P001,WP-040,CA-P001-08,2024-01,100.0,complete,Progress update for 2024-01,ENG-P001-0040,2024-01-28,CAM-P001-01,2024-01-30,2023-12-29,Low,Low,
PE-000119,P001,WP-040,CA-P001-08,2024-02,100.0,complete,Progress update for 2024-02,ENG-P001-0040,2024-02-28,CAM-P001-01,2024-03-01,2023-12-29,None,Low,
PE-000120,P001,WP-040,CA-P001-08,2024-03,100.0,complete,Progress update for 2024-03,ENG-P001-0040,2024-03-28,CAM-P001-01,2024-03-30,2023-12-29,None,High,
PE-000121,P002,WP-001,CA-P002-01,2024-01,100.0,complete,Progress update for 2024-01,ENG-P002-0041,2024-01-28,CAM-P002-01,2024-01-30,2024-08-05,None,None,
PE-000122,P002,WP-001,CA-P002-01,2024-02,100.0,complete,Progress update for 2024-02,ENG-P002-0041,2024-02-28,CAM-P002-01,2024-03-01,2024-08-05,Low,Low,
PE-000123,P002,WP-001,CA-P002-01,2024-03,100.0,complete,Progress update for 2024-03,ENG-P002-0041,2024-03-28,CAM-P002-01,2024-03-30,2024-08-05,None,Low,
PE-000124,P002,WP-002,CA-P002-01,2024-01,7.4,in_progress,Progress update for 2024-01,ENG-P002-0042,2024-01-28,CAM-P002-01,2024-01-30,2024-06-16,Low,None,
PE-000125,P002,WP-002,CA-P002-01,2024-02,19.2,in_progress,Progress update for 2024-02,ENG-P002-0042,2024-02-28,CAM-P002-01,2024-03-01,2024-06-16,None,None,
PE-000126,P002,WP-002,CA-P002-01,2024-03,29.8,in_progress,Progress update for 2024-03,ENG-P002-0042,2024-03-28,CAM-P002-01,2024-03-30,2024-06-16,None,None,
PE-000127,P002,WP-003,CA-P002-01,2024-01,7.9,in_progress,Progress update for 2024-01,ENG-P002-0043,2024-01-28,CAM-P002-01,2024-01-30,2024-07-01,Low,None,
PE-000128,P002,WP-003,CA-P002-01,2024-02,25.5,in_progress,Progress update for 2024-02,ENG-P002-0043,2024-02-28,CAM-P002-01,2024-03-01,2024-07-01,High,None,
PE-000129,P002,WP-003,CA-P002-01,2024-03,44.2,in_progress,Progress update for 2024-03,ENG-P002-0043,2024-03-28,CAM-P002-01,2024-03-30,2024-07-01,None,None,
PE-000130,P002,WP-004,CA-P002-01,2024-01,15.8,in_progress,Progress update for 2024-01,ENG-P002-0044,2024-01-28,CAM-P002-01,2024-01-30,2024-07-19,Medium,Medium,
PE-000131,P002,WP-004,CA-P002-01,2024-02,24.6,in_progress,Progress update for 2024-02,ENG-P002-0044,2024-02-28,CAM-P002-01,2024-03-01,2024-07-19,Medium,None,
PE-000132,P002,WP-004,CA-P002-01,2024-03,34.9,in_progress,Progress update for 2024-03,ENG-P002-0044,2024-03-28,CAM-P002-01,2024-03-30,2024-07-19,None,High,
PE-000133,P002,WP-005,CA-P002-01,2024-01,100.0,complete,Progress update for 2024-01,ENG-P002-0045,2024-01-28,CAM-P002-01,2024-01-30,2024-04-26,None,Medium,
PE-000134,P002,WP-005,CA-P002-01,2024-02,100.0,complete,Progress update for 2024-02,ENG-P002-0045,2024-02-28,CAM-P002-01,2024-03-01,2024-04-26,Low,Low,
PE-000135,P002,WP-005,CA-P002-01,2024-03,100.0,complete,Progress update for 2024-03,ENG-P002-0045,2024-03-28,CAM-P002-01,2024-03-30,2024-04-26,Low,Medium,
PE-000136,P002,WP-006,CA-P002-02,2024-01,100.0,complete,Progress update for 2024-01,ENG-P002-0046,2024-01-28,CAM-P002-01,2024-01-30,2024-04-21,None,None,
PE-000137,P002,WP-006,CA-P002-02,2024-02,100.0,complete,Progress update for 2024-02,ENG-P002-0046,2024-02-28,CAM-P002-01,2024-03-01,2024-04-21,Low,None,
PE-000138,P002,WP-006,CA-P002-02,2024-03,100.0,complete,Progress update for 2024-03,ENG-P002-0046,2024-03-28,CAM-P002-01,2024-03-30,2024-04-21,None,None,
PE-000139,P002,WP-007,CA-P002-02,2024-01,10.0,in_progress,Progress update for 2024-01,ENG-P002-0047,2024-01-28,CAM-P002-01,2024-01-30,2024-01-26,None,None,
PE-000140,P002,WP-007,CA-P002-02,2024-02,30.8,in_progress,Progress update for 2024-02,ENG-P002-0047,2024-02-28,CAM-P002-01,2024-03-01,2024-01-26,None,High,
PE-000141,P002,WP-007,CA-P002-02,2024-03,50.3,in_progress,Progress update for 2024-03,ENG-P002-0047,2024-03-28,CAM-P002-01,2024-03-30,2024-01-26,None,Low,
PE-000142,P002,WP-008,CA-P002-02,2024-01,14.0,in_progress,Progress update for 2024-01,ENG-P002-0048,2024-01-28,CAM-P002-01,2024-01-30,2024-06-30,Low,None,
PE-000143,P002,WP-008,CA-P002-02,2024-02,24.7,in_progress,Progress update for 2024-02,ENG-P002-0048,2024-02-28,CAM-P002-01,2024-03-01,2024-06-30,None,Low,
PE-000144,P002,WP-008,CA-P002-02,2024-03,44.5,in_progress,Progress update for 2024-03,ENG-P002-0048,2024-03-28,CAM-P002-01,2024-03-30,2024-06-30,Low,Low,
PE-000145,P002,WP-009,CA-P002-02,2024-01,100.0,complete,Progress update for 2024-01,ENG-P002-0049,2024-01-28,CAM-P002-01,2024-01-30,2024-06-23,High,Low,
PE-000146,P002,WP-009,CA-P002-02,2024-02,100.0,complete,Progress update for 2024-02,ENG-P002-0049,2024-02-28,CAM-P002-01,2024-03-01,2024-06-23,None,Medium,
PE-000147,P002,WP-009,CA-P002-02,2024-03,100.0,complete,Progress update for 2024-03,ENG-P002-0049,2024-03-28,CAM-P002-01,2024-03-30,2024-06-23,None,None,
PE-000148,P002,WP-010,CA-P002-02,2024-01,12.6,in_progress,Progress update for 2024-01,ENG-P002-0050,2024-01-28,CAM-P002-01,2024-01-30,2024-07-04,High,None,
PE-000149,P002,WP-010,CA-P002-02,2024-02,27.5,in_progress,Progress update for 2024-02,ENG-P002-0050,2024-02-28,CAM-P002-01,2024-03-01,2024-07-04,None,None,
PE-000150,P002,WP-010,CA-P002-02,2024-03,34.6,in_progress,Progress update for 2024-03,ENG-P002-0050,2024-03-28,CAM-P002-01,2024-03-30,2024-07-04,Low,Medium,
PE-000151,P002,WP-011,CA-P002-03,2024-01,7.1,in_progress,Progress update for 2024-01,ENG-P002-0051,2024-01-28,CAM-P002-01,2024-01-30,2024-04-18,None,None,
PE-000152,P002,WP-011,CA-P002-03,2024-02,15.5,in_progress,Progress update for 2024-02,ENG-P002-0051,2024-02-28,CAM-P002-01,2024-03-01,2024-04-18,Low,Low,
PE-000153,P002,WP-011,CA-P002-03,2024-03,30.6,in_progress,Progress update for 2024-03,ENG-P002-0051,2024-03-28,CAM-P002-01,2024-03-30,2024-04-18,None,Low,
PE-000154,P002,WP-012,CA-P002-03,2024-01,100.0,complete,Progress update for 2024-01,ENG-P002-0052,2024-01-28,CAM-P002-01,2024-01-30,2024-07-03,None,None,
PE-000155,P002,WP-012,CA-P002-03,2024-02,100.0,complete,Progress update for 2024-02,ENG-P002-0052,2024-02-28,CAM-P002-01,2024-03-01,2024-07-03,High,Medium,
PE-000156,P002,WP-012,CA-P002-03,2024-03,100.0,complete,Progress update for 2024-03,ENG-P002-0052,2024-03-28,CAM-P002-01,2024-03-30,2024-07-03,Medium,Medium,
PE-000157,P002,WP-013,CA-P002-03,2024-01,14.7,in_progress,Progress update for 2024-01,ENG-P002-0053,2024-01-28,CAM-P002-01,2024-01-30,2024-02-23,Medium,None,
PE-000158,P002,WP-013,CA-P002-03,2024-02,22.8,in_progress,Progress update for 2024-02,ENG-P002-0053,2024-02-28,CAM-P002-01,2024-03-01,2024-02-23,None,None,
PE-000159,P002,WP-013,CA-P002-03,2024-03,30.1,in_progress,Progress update for 2024-03,ENG-P002-0053,2024-03-28,CAM-P002-01,2024-03-30,2024-02-23,None,Low,
PE-000160,P002,WP-014,CA-P002-03,2024-01,100.0,complete,Progress update for 2024-01,ENG-P002-0054,2024-01-28,CAM-P002-01,2024-01-30,2024-01-30,Medium,Low,
PE-000161,P002,WP-014,CA-P002-03,2024-02,100.0,complete,Progress update for 2024-02,ENG-P002-0054,2024-02-28,CAM-P002-01,2024-03-01,2024-01-30,None,Low,
PE-000162,P002,WP-014,CA-P002-03,2024-03,93.7,complete,Progress update for 2024-03,ENG-P002-0054,2024-03-28,CAM-P002-01,2024-03-30,2024-01-30,None,None,
PE-000163,P002,WP-015,CA-P002-03,2024-01,9.2,in_progress,Progress update for 2024-01,ENG-P002-0055,2024-01-28,CAM-P002-01,2024-01-30,2024-06-04,None,None,
PE-000164,P002,WP-015,CA-P002-03,2024-02,28.6,in_progress,Progress update for 2024-02,ENG-P002-0055,2024-02-28,CAM-P002-01,2024-03-01,2024-06-04,Medium,Low,
PE-000165,P002,WP-015,CA-P002-03,2024-03,36.5,in_progress,Progress update for 2024-03,ENG-P002-0055,2024-03-28,CAM-P002-01,2024-03-30,2024-06-04,Medium,Low,
PE-000166,P002,WP-016,CA-P002-04,2024-01,0.0,not_started,Progress update for 2024-01,ENG-P002-0056,2024-01-28,CAM-P002-01,2024-01-30,2024-06-30,None,Low,
PE-000167,P002,WP-016,CA-P002-04,2024-02,0.0,not_started,Progress update for 2024-02,ENG-P002-0056,2024-02-28,CAM-P002-01,2024-03-01,2024-06-30,None,None,
PE-000168,P002,WP-016,CA-P002-04,2024-03,0.0,not_started,Progress update for 2024-03,ENG-P002-0056,2024-03-28,CAM-P002-01,2024-03-30,2024-06-30,None,Low,
PE-000169,P002,WP-017,CA-P002-04,2024-01,100.0,complete,Progress update for 2024-01,ENG-P002-0057,2024-01-28,CAM-P002-01,2024-01-30,2024-09-17,None,None,
PE-000170,P002,WP-017,CA-P002-04,2024-02,100.0,complete,Progress update for 2024-02,ENG-P002-0057,2024-02-28,CAM-P002-01,2024-03-01,2024-09-17,None,High,
PE-000171,P002,WP-017,CA-P002-04,2024-03,100.0,complete,Progress update for 2024-03,ENG-P002-0057,2024-03-28,CAM-P002-01,2024-03-30,2024-09-17,None,None,
PE-000172,P002,WP-018,CA-P002-04,2024-01,0.0,not_started,Progress update for 2024-01,ENG-P002-0058,2024-01-28,CAM-P002-01,2024-01-30,2024-07-10,None,Medium,
PE-000173,P002,WP-018,CA-P002-04,2024-02,0.0,not_started,Progress update for 2024-02,ENG-P002-0058,2024-02-28,CAM-P002-01,2024-03-01,2024-07-10,Low,Medium,
PE-000174,P002,WP-018,CA-P002-04,2024-03,0.0,not_started,Progress update for 2024-03,ENG-P002-0058,2024-03-28,CAM-P002-01,2024-03-30,2024-07-10,None,None,
PE-000175,P002,WP-019,CA-P002-04,2024-01,13.3,in_progress,Progress update for 2024-01,ENG-P002-0059,2024-01-28,CAM-P002-01,2024-01-30,2024-03-22,None,Medium,
PE-000176,P002,WP-019,CA-P002-04,2024-02,33.7,in_progress,Progress update for 2024-02,ENG-P002-0059,2024-02-28,CAM-P002-01,2024-03-01,2024-03-22,None,High,
PE-000177,P002,WP-019,CA-P002-04,2024-03,47.4,in_progress,Progress update for 2024-03,ENG-P002-0059,2024-03-28,CAM-P002-01,2024-03-30,2024-03-22,None,None,
PE-000178,P002,WP-020,CA-P002-04,2024-01,5.6,in_progress,Progress update for 2024-01,ENG-P002-0060,2024-01-28,CAM-P002-01,2024-01-30,2024-02-04,Medium,None,
PE-000179,P002,WP-020,CA-P002-04,2024-02,17.9,in_progress,Progress update for 2024-02,ENG-P002-0060,2024-02-28,CAM-P002-01,2024-03-01,2024-02-04,Low,None,
PE-000180,P002,WP-020,CA-P002-04,2024-03,25.0,in_progress,Progress update for 2024-03,ENG-P002-0060,2024-03-28,CAM-P002-01,2024-03-30,2024-02-04,Low,None,
PE-000181,P002,WP-021,CA-P002-05,2024-01,100.0,complete,Progress update for 2024-01,ENG-P002-0061,2024-01-28,CAM-P002-01,2024-01-30,2024-01-29,None,None,
PE-000182,P002,WP-021,CA-P002-05,2024-02,100.0,complete,Progress update for 2024-02,ENG-P002-0061,2024-02-28,CAM-P002-01,2024-03-01,2024-01-29,None,None,
PE-000183,P002,WP-021,CA-P002-05,2024-03,100.0,complete,Progress update for 2024-03,ENG-P002-0061,2024-03-28,CAM-P002-01,2024-03-30,2024-01-29,Medium,High,
PE-000184,P002,WP-022,CA-P002-05,2024-01,7.1,in_progress,Progress update for 2024-01,ENG-P002-0062,2024-01-28,CAM-P002-01,2024-01-30,2024-03-11,High,Low,
PE-000185,P002,WP-022,CA-P002-05,2024-02,24.1,in_progress,Progress update for 2024-02,ENG-P002-0062,2024-02-28,CAM-P002-01,2024-03-01,2024-03-11,Low,Low,
PE-000186,P002,WP-022,CA-P002-05,2024-03,41.6,in_progress,Progress update for 2024-03,ENG-P002-0062,2024-03-28,CAM-P002-01,2024-03-30,2024-03-11,None,Low,
PE-000187,P002,WP-023,CA-P002-05,2024-01,0.0,not_started,Progress update for 2024-01,ENG-P002-0063,2024-01-28,CAM-P002-01,2024-01-30,2024-01-16,None,None,
PE-000188,P002,WP-023,CA-P002-05,2024-02,0.0,not_started,Progress update for 2024-02,ENG-P002-0063,2024-02-28,CAM-P002-01,2024-03-01,2024-01-16,Low,None,
PE-000189,P002,WP-023,CA-P002-05,2024-03,0.0,not_started,Progress update for 2024-03,ENG-P002-0063,2024-03-28,CAM-P002-01,2024-03-30,2024-01-16,None,None,
PE-000190,P002,WP-024,CA-P002-05,2024-01,100.0,complete,Progress update for 2024-01,ENG-P002-0064,2024-01-28,CAM-P002-01,2024-01-30,2024-05-04,None,Low,
PE-000191,P002,WP-024,CA-P002-05,2024-02,100.0,complete,Progress update for 2024-02,ENG-P002-0064,2024-02-28,CAM-P002-01,2024-03-01,2024-05-04,Low,None,
PE-000192,P002,WP-024,CA-P002-05,2024-03,100.0,complete,Progress update for 2024-03,ENG-P002-0064,2024-03-28,CAM-P002-01,2024-03-30,2024-05-04,None,None,
PE-000193,P002,WP-025,CA-P002-05,2024-01,100.0,complete,Progress update for 2024-01,ENG-P002-0065,2024-01-28,CAM-P002-01,2024-01-30,2024-08-31,None,Low,
PE-000194,P002,WP-025,CA-P002-05,2024-02,100.0,complete,Progress update for 2024-02,ENG-P002-0065,2024-02-28,CAM-P002-01,2024-03-01,2024-08-31,Low,None,
PE-000195,P002,WP-025,CA-P002-05,2024-03,100.0,complete,Progress update for 2024-03,ENG-P002-0065,2024-03-28,CAM-P002-01,2024-03-30,2024-08-31,None,High,
PE-000196,P002,WP-026,CA-P002-06,2024-01,100.0,complete,Progress update for 2024-01,ENG-P002-0066,2024-01-28,CAM-P002-01,2024-01-30,2024-03-02,Medium,None,
PE-000197,P002,WP-026,CA-P002-06,2024-02,100.0,complete,Progress update for 2024-02,ENG-P002-0066,2024-02-28,CAM-P002-01,2024-03-01,2024-03-02,None,None,
PE-000198,P002,WP-026,CA-P002-06,2024-03,100.0,complete,Progress update for 2024-03,ENG-P002-0066,2024-03-28,CAM-P002-01,2024-03-30,2024-03-02,High,None,
PE-000199,P002,WP-027,CA-P002-06,2024-01,8.8,in_progress,Progress update for 2024-01,ENG-P002-0067,2024-01-28,CAM-P002-01,2024-01-30,2024-01-13,High,Low,
PE-000200,P002,WP-027,CA-P002-06,2024-02,17.5,in_progress,Progress update for 2024-02,ENG-P002-0067,2024-02-28,CAM-P002-01,2024-03-01,2024-01-13,None,None,
PE-000201,P002,WP-027,CA-P002-06,2024-03,31.9,in_progress,Progress update for 2024-03,ENG-P002-0067,2024-03-28,CAM-P002-01,2024-03-30,2024-01-13,None,High,
PE-000202,P002,WP-028,CA-P002-06,2024-01,19.1,in_progress,Progress update for 2024-01,ENG-P002-0068,2024-01-28,CAM-P002-01,2024-01-30,2024-03-02,Low,Low,
PE-000203,P002,WP-028,CA-P002-06,2024-02,31.1,in_progress,Progress update for 2024-02,ENG-P002-0068,2024-02-28,CAM-P002-01,2024-03-01,2024-03-02,None,Low,
PE-000204,P002,WP-028,CA-P002-06,2024-03,38.6,in_progress,Progress update for 2024-03,ENG-P002-0068,2024-03-28,CAM-P002-01,2024-03-30,2024-03-02,None,None,
PE-000205,P002,WP-029,CA-P002-06,2024-01,5.2,in_progress,Progress update for 2024-01,ENG-P002-0069,2024-01-28,CAM-P002-01,2024-01-30,2024-08-17,None,Low,
PE-000206,P002,WP-029,CA-P002-06,2024-02,24.4,in_progress,Progress update for 2024-02,ENG-P002-0069,2024-02-28,CAM-P002-01,2024-03-01,2024-08-17,Low,Medium,
PE-000207,P002,WP-029,CA-P002-06,2024-03,36.1,in_progress,Progress update for 2024-03,ENG-P002-0069,2024-03-28,CAM-P002-01,2024-03-30,2024-08-17,Medium,Low,
PE-000208,P002,WP-030,CA-P002-06,2024-01,100.0,complete,Progress update for 2024-01,ENG-P002-0070,2024-01-28,CAM-P002-01,2024-01-30,2024-08-24,None,High,
PE-000209,P002,WP-030,CA-P002-06,2024-02,100.0,complete,Progress update for 2024-02,ENG-P002-0070,2024-02-28,CAM-P002-01,2024-03-01,2024-08-24,None,None,
PE-000210,P002,WP-030,CA-P002-06,2024-03,100.0,complete,Progress update for 2024-03,ENG-P002-0070,2024-03-28,CAM-P002-01,2024-03-30,2024-08-24,None,None,
PE-000211,P002,WP-031,CA-P002-07,2024-01,0.0,not_started,Progress update for 2024-01,ENG-P002-0071,2024-01-28,CAM-P002-01,2024-01-30,2024-07-09,None,Low,
PE-000212,P002,WP-031,CA-P002-07,2024-02,0.0,not_started,Progress update for 2024-02,ENG-P002-0071,2024-02-28,CAM-P002-01,2024-03-01,2024-07-09,Medium,None,
PE-000213,P002,WP-031,CA-P002-07,2024-03,0.0,not_started,Progress update for 2024-03,ENG-P002-0071,2024-03-28,CAM-P002-01,2024-03-30,2024-07-09,Low,None,
PE-000214,P002,WP-032,CA-P002-07,2024-01,17.3,in_progress,Progress update for 2024-01,ENG-P002-0072,2024-01-28,CAM-P002-01,2024-01-30,2024-07-02,None,None,
PE-000215,P002,WP-032,CA-P002-07,2024-02,32.4,in_progress,Progress update for 2024-02,ENG-P002-0072,2024-02-28,CAM-P002-01,2024-03-01,2024-07-02,Low,Medium,
PE-000216,P002,WP-032,CA-P002-07,2024-03,46.6,in_progress,Progress update for 2024-03,ENG-P002-0072,2024-03-28,CAM-P002-01,2024-03-30,2024-07-02,Medium,None,
PE-000217,P002,WP-033,CA-P002-07,2024-01,100.0,complete,Progress update for 2024-01,ENG-P002-0073,2024-01-28,CAM-P002-01,2024-01-30,2024-01-31,None,None,
PE-000218,P002,WP-033,CA-P002-07,2024-02,100.0,complete,Progress update for 2024-02,ENG-P002-0073,2024-02-28,CAM-P002-01,2024-03-01,2024-01-31,None,None,
PE-000219,P002,WP-033,CA-P002-07,2024-03,100.0,complete,Progress update for 2024-03,ENG-P002-0073,2024-03-28,CAM-P002-01,2024-03-30,2024-01-31,None,None,
PE-000220,P002,WP-034,CA-P002-07,2024-01,13.4,in_progress,Progress update for 2024-01,ENG-P002-0074,2024-01-28,CAM-P002-01,2024-01-30,2024-04-23,None,Low,
PE-000221,P002,WP-034,CA-P002-07,2024-02,30.7,in_progress,Progress update for 2024-02,ENG-P002-0074,2024-02-28,CAM-P002-01,2024-03-01,2024-04-23,None,None,
PE-000222,P002,WP-034,CA-P002-07,2024-03,44.9,in_progress,Progress update for 2024-03,ENG-P002-0074,2024-03-28,CAM-P002-01,2024-03-30,2024-04-23,Low,None,
PE-000223,P002,WP-035,CA-P002-07,2024-01,10.0,in_progress,Progress update for 2024-01,ENG-P002-0075,2024-01-28,CAM-P002-01,2024-01-30,2024-01-04,Low,Low,
PE-000224,P002,WP-035,CA-P002-07,2024-02,19.8,in_progress,Progress update for 2024-02,ENG-P002-0075,2024-02-28,CAM-P002-01,2024-03-01,2024-01-04,None,Medium,
PE-000225,P002,WP-035,CA-P002-07,2024-03,26.4,in_progress,Progress update for 2024-03,ENG-P002-0075,2024-03-28,CAM-P002-01,2024-03-30,2024-01-04,Medium,None,
PE-000226,P002,WP-036,CA-P002-08,2024-01,12.6,in_progress,Progress update for 2024-01,ENG-P002-0076,2024-01-28,CAM-P002-01,2024-01-30,2024-07-23,None,None,
PE-000227,P002,WP-036,CA-P002-08,2024-02,33.4,in_progress,Progress update for 2024-02,ENG-P002-0076,2024-02-28,CAM-P002-01,2024-03-01,2024-07-23,None,High,
PE-000228,P002,WP-036,CA-P002-08,2024-03,43.4,in_progress,Progress update for 2024-03,ENG-P002-0076,2024-03-28,CAM-P002-01,2024-03-30,2024-07-23,Medium,Medium,
PE-000229,P002,WP-037,CA-P002-08,2024-01,13.4,in_progress,Progress update for 2024-01,ENG-P002-0077,2024-01-28,CAM-P002-01,2024-01-30,2024-04-18,None,Low,
PE-000230,P002,WP-037,CA-P002-08,2024-02,29.0,in_progress,Progress update for 2024-02,ENG-P002-0077,2024-02-28,CAM-P002-01,2024-03-01,2024-04-18,High,None,
PE-000231,P002,WP-037,CA-P002-08,2024-03,38.8,in_progress,Progress update for 2024-03,ENG-P002-0077,2024-03-28,CAM-P002-01,2024-03-30,2024-04-18,None,Low,
PE-000232,P002,WP-038,CA-P002-08,2024-01,19.6,in_progress,Progress update for 2024-01,ENG-P002-0078,2024-01-28,CAM-P002-01,2024-01-30,2024-02-03,None,Low,
PE-000233,P002,WP-038,CA-P002-08,2024-02,40.6,in_progress,Progress update for 2024-02,ENG-P002-0078,2024-02-28,CAM-P002-01,2024-03-01,2024-02-03,None,None,
PE-000234,P002,WP-038,CA-P002-08,2024-03,56.3,in_progress,Progress update for 2024-03,ENG-P002-0078,2024-03-28,CAM-P002-01,2024-03-30,2024-02-03,Low,None,
PE-000235,P002,WP-039,CA-P002-08,2024-01,100.0,complete,Progress update for 2024-01,ENG-P002-0079,2024-01-28,CAM-P002-01,2024-01-30,2024-06-08,Medium,Low,
PE-000236,P002,WP-039,CA-P002-08,2024-02,100.0,complete,Progress update for 2024-02,ENG-P002-0079,2024-02-28,CAM-P002-01,2024-03-01,2024-06-08,Medium,Medium,
PE-000237,P002,WP-039,CA-P002-08,2024-03,100.0,complete,Progress update for 2024-03,ENG-P002-0079,2024-03-28,CAM-P002-01,2024-03-30,2024-06-08,Medium,Low,
PE-000238,P002,WP-040,CA-P002-08,2024-01,8.8,in_progress,Progress update for 2024-01,ENG-P002-0080,2024-01-28,CAM-P002-01,2024-01-30,2024-05-29,Low,None,
PE-000239,P002,WP-040,CA-P002-08,2024-02,26.0,in_progress,Progress update for 2024-02,ENG-P002-0080,2024-02-28,CAM-P002-01,2024-03-01,2024-05-29,None,Low,
PE-000240,P002,WP-040,CA-P002-08,2024-03,32.8,in_progress,Progress update for 2024-03,ENG-P002-0080,2024-03-28,CAM-P002-01,2024-03-30,2024-05-29,None,None,
PE-000241,P003,WP-001,CA-P003-01,2024-01,14.3,in_progress,Progress update for 2024-01,ENG-P003-0081,2024-01-28,CAM-P003-01,2024-01-30,2024-04-13,Medium,None,
PE-000242,P003,WP-001,CA-P003-01,2024-02,34.2,in_progress,Progress update for 2024-02,ENG-P003-0081,2024-02-28,CAM-P003-01,2024-03-01,2024-04-13,Medium,None,
PE-000243,P003,WP-001,CA-P003-01,2024-03,49.4,in_progress,Progress update for 2024-03,ENG-P003-0081,2024-03-28,CAM-P003-01,2024-03-30,2024-04-13,None,None,
PE-000244,P003,WP-002,CA-P003-01,2024-01,12.9,in_progress,Progress update for 2024-01,ENG-P003-0082,2024-01-28,CAM-P003-01,2024-01-30,2024-03-17,None,Medium,
PE-000245,P003,WP-002,CA-P003-01,2024-02,33.9,in_progress,Progress update for 2024-02,ENG-P003-0082,2024-02-28,CAM-P003-01,2024-03-01,2024-03-17,Medium,Low,
PE-000246,P003,WP-002,CA-P003-01,2024-03,47.7,in_progress,Progress update for 2024-03,ENG-P003-0082,2024-03-28,CAM-P003-01,2024-03-30,2024-03-17,High,None,
PE-000247,P003,WP-003,CA-P003-01,2024-01,100.0,complete,Progress update for 2024-01,ENG-P003-0083,2024-01-28,CAM-P003-01,2024-01-30,2024-07-13,None,Low,
PE-000248,P003,WP-003,CA-P003-01,2024-02,100.0,complete,Progress update for 2024-02,ENG-P003-0083,2024-02-28,CAM-P003-01,2024-03-01,2024-07-13,None,None,
PE-000249,P003,WP-003,CA-P003-01,2024-03,91.2,complete,Progress update for 2024-03,ENG-P003-0083,2024-03-28,CAM-P003-01,2024-03-30,2024-07-13,None,Low,
PE-000250,P003,WP-004,CA-P003-01,2024-01,0.0,not_started,Progress update for 2024-01,ENG-P003-0084,2024-01-28,CAM-P003-01,2024-01-30,2024-05-31,None,None,
PE-000251,P003,WP-004,CA-P003-01,2024-02,0.0,not_started,Progress update for 2024-02,ENG-P003-0084,2024-02-28,CAM-P003-01,2024-03-01,2024-05-31,None,None,
PE-000252,P003,WP-004,CA-P003-01,2024-03,0.0,not_started,Progress update for 2024-03,ENG-P003-0084,2024-03-28,CAM-P003-01,2024-03-30,2024-05-31,Medium,None,
PE-000253,P003,WP-005,CA-P003-01,2024-01,15.2,in_progress,Progress update for 2024-01,ENG-P003-0085,2024-01-28,CAM-P003-01,2024-01-30,2024-02-17,Medium,None,
PE-000254,P003,WP-005,CA-P003-01,2024-02,34.7,in_progress,Progress update for 2024-02,ENG-P003-0085,2024-02-28,CAM-P003-01,2024-03-01,2024-02-17,Low,Low,
PE-000255,P003,WP-005,CA-P003-01,2024-03,40.7,in_progress,Progress update for 2024-03,ENG-P003-0085,2024-03-28,CAM-P003-01,2024-03-30,2024-02-17,None,High,
PE-000256,P003,WP-006,CA-P003-02,2024-01,16.7,in_progress,Progress update for 2024-01,ENG-P003-0086,2024-01-28,CAM-P003-01,2024-01-30,2024-06-04,High,Medium,
PE-000257,P003,WP-006,CA-P003-02,2024-02,25.0,in_progress,Progress update for 2024-02,ENG-P003-0086,2024-02-28,CAM-P003-01,2024-03-01,2024-06-04,Medium,None,
PE-000258,P003,WP-006,CA-P003-02,2024-03,42.1,in_progress,Progress update for 2024-03,ENG-P003-0086,2024-03-28,CAM-P003-01,2024-03-30,2024-06-04,None,None,
PE-000259,P003,WP-007,CA-P003-02,2024-01,0.0,not_started,Progress update for 2024-01,ENG-P003-0087,2024-01-28,CAM-P003-01,2024-01-30,2024-05-03,Medium,Medium,
PE-000260,P003,WP-007,CA-P003-02,2024-02,0.0,not_started,Progress update for 2024-02,ENG-P003-0087,2024-02-28,CAM-P003-01,2024-03-01,2024-05-03,Low,None,
PE-000261,P003,WP-007,CA-P003-02,2024-03,0.0,not_started,Progress update for 2024-03,ENG-P003-0087,2024-03-28,CAM-P003-01,2024-03-30,2024-05-03,None,High,
PE-000262,P003,WP-008,CA-P003-02,2024-01,11.6,in_progress,Progress update for 2024-01,ENG-P003-0088,2024-01-28,CAM-P003-01,2024-01-30,2024-03-31,None,Low,
PE-000263,P003,WP-008,CA-P003-02,2024-02,25.3,in_progress,Progress update for 2024-02,ENG-P003-0088,2024-02-28,CAM-P003-01,2024-03-01,2024-03-31,Low,None,
PE-000264,P003,WP-008,CA-P003-02,2024-03,42.9,in_progress,Progress update for 2024-03,ENG-P003-0088,2024-03-28,CAM-P003-01,2024-03-30,2024-03-31,Medium,High,
PE-000265,P003,WP-009,CA-P003-02,2024-01,100.0,complete,Progress update for 2024-01,ENG-P003-0089,2024-01-28,CAM-P003-01,2024-01-30,2023-12-22,Low,None,
PE-000266,P003,WP-009,CA-P003-02,2024-02,100.0,complete,Progress update for 2024-02,ENG-P003-0089,2024-02-28,CAM-P003-01,2024-03-01,2023-12-22,Low,Medium,
PE-000267,P003,WP-009,CA-P003-02,2024-03,100.0,complete,Progress update for 2024-03,ENG-P003-0089,2024-03-28,CAM-P003-01,2024-03-30,2023-12-22,Low,Low,
PE-000268,P003,WP-010,CA-P003-02,2024-01,16.2,in_progress,Progress update for 2024-01,ENG-P003-0090,2024-01-28,CAM-P003-01,2024-01-30,2024-07-24,Low,Low,
PE-000269,P003,WP-010,CA-P003-02,2024-02,27.2,in_progress,Progress update for 2024-02,ENG-P003-0090,2024-02-28,CAM-P003-01,2024-03-01,2024-07-24,None,Low,
PE-000270,P003,WP-010,CA-P003-02,2024-03,33.2,in_progress,Progress update for 2024-03,ENG-P003-0090,2024-03-28,CAM-P003-01,2024-03-30,2024-07-24,Medium,Low,
PE-000271,P003,WP-011,CA-P003-03,2024-01,6.9,in_progress,Progress update for 2024-01,ENG-P003-0091,2024-01-28,CAM-P003-01,2024-01-30,2024-05-13,Medium,Low,
PE-000272,P003,WP-011,CA-P003-03,2024-02,25.6,in_progress,Progress update for 2024-02,ENG-P003-0091,2024-02-28,CAM-P003-01,2024-03-01,2024-05-13,None,Medium,
PE-000273,P003,WP-011,CA-P003-03,2024-03,37.3,in_progress,Progress update for 2024-03,ENG-P003-0091,2024-03-28,CAM-P003-01,2024-03-30,2024-05-13,Low,None,
PE-000274,P003,WP-012,CA-P003-03,2024-01,14.7,in_progress,Progress update for 2024-01,ENG-P003-0092,2024-01-28,CAM-P003-01,2024-01-30,2024-04-17,Low,Low,
PE-000275,P003,WP-012,CA-P003-03,2024-02,29.6,in_progress,Progress update for 2024-02,ENG-P003-0092,2024-02-28,CAM-P003-01,2024-03-01,2024-04-17,Medium,Low,
PE-000276,P003,WP-012,CA-P003-03,2024-03,39.5,in_progress,Progress update for 2024-03,ENG-P003-0092,2024-03-28,CAM-P003-01,2024-03-30,2024-04-17,High,Low,
PE-000277,P003,WP-013,CA-P003-03,2024-01,100.0,complete,Progress update for 2024-01,ENG-P003-0093,2024-01-28,CAM-P003-01,2024-01-30,2024-03-30,High,High,
PE-000278,P003,WP-013,CA-P003-03,2024-02,100.0,complete,Progress update for 2024-02,ENG-P003-0093,2024-02-28,CAM-P003-01,2024-03-01,2024-03-30,Medium,Medium,
PE-000279,P003,WP-013,CA-P003-03,2024-03,100.0,complete,Progress update for 2024-03,ENG-P003-0093,2024-03-28,CAM-P003-01,2024-03-30,2024-03-30,Low,None,
PE-000280,P003,WP-014,CA-P003-03,2024-01,100.0,complete,Progress update for 2024-01,ENG-P003-0094,2024-01-28,CAM-P003-01,2024-01-30,2024-04-15,Low,Medium,
PE-000281,P003,WP-014,CA-P003-03,2024-02,100.0,complete,Progress update for 2024-02,ENG-P003-0094,2024-02-28,CAM-P003-01,2024-03-01,2024-04-15,Low,Medium,
PE-000282,P003,WP-014,CA-P003-03,2024-03,100.0,complete,Progress update for 2024-03,ENG-P003-0094,2024-03-28,CAM-P003-01,2024-03-30,2024-04-15,None,None,
PE-000283,P003,WP-015,CA-P003-03,2024-01,0.0,not_started,Progress update for 2024-01,ENG-P003-0095,2024-01-28,CAM-P003-01,2024-01-30,2024-03-14,Low,None,
PE-000284,P003,WP-015,CA-P003-03,2024-02,0.0,not_started,Progress update for 2024-02,ENG-P003-0095,2024-02-28,CAM-P003-01,2024-03-01,2024-03-14,None,None,
PE-000285,P003,WP-015,CA-P003-03,2024-03,0.0,not_started,Progress update for 2024-03,ENG-P003-0095,2024-03-28,CAM-P003-01,2024-03-30,2024-03-14,Medium,None,
PE-000286,P003,WP-016,CA-P003-04,2024-01,5.7,in_progress,Progress update for 2024-01,ENG-P003-0096,2024-01-28,CAM-P003-01,2024-01-30,2024-07-30,None,None,
PE-000287,P003,WP-016,CA-P003-04,2024-02,16.0,in_progress,Progress update for 2024-02,ENG-P003-0096,2024-02-28,CAM-P003-01,2024-03-01,2024-07-30,Low,Medium,
PE-000288,P003,WP-016,CA-P003-04,2024-03,25.2,in_progress,Progress update for 2024-03,ENG-P003-0096,2024-03-28,CAM-P003-01,2024-03-30,2024-07-30,Low,None,
PE-000289,P003,WP-017,CA-P003-04,2024-01,9.6,in_progress,Progress update for 2024-01,ENG-P003-0097,2024-01-28,CAM-P003-01,2024-01-30,2024-07-11,Medium,Low,
PE-000290,P003,WP-017,CA-P003-04,2024-02,30.0,in_progress,Progress update for 2024-02,ENG-P003-0097,2024-02-28,CAM-P003-01,2024-03-01,2024-07-11,None,None,
PE-000291,P003,WP-017,CA-P003-04,2024-03,42.5,in_progress,Progress update for 2024-03,ENG-P003-0097,2024-03-28,CAM-P003-01,2024-03-30,2024-07-11,None,High,
PE-000292,P003,WP-018,CA-P003-04,2024-01,100.0,complete,Progress update for 2024-01,ENG-P003-0098,2024-01-28,CAM-P003-01,2024-01-30,2024-08-08,None,Medium,
PE-000293,P003,WP-018,CA-P003-04,2024-02,100.0,complete,Progress update for 2024-02,ENG-P003-0098,2024-02-28,CAM-P003-01,2024-03-01,2024-08-08,Medium,Low,
PE-000294,P003,WP-018,CA-P003-04,2024-03,100.0,complete,Progress update for 2024-03,ENG-P003-0098,2024-03-28,CAM-P003-01,2024-03-30,2024-08-08,None,Low,
PE-000295,P003,WP-019,CA-P003-04,2024-01,9.4,in_progress,Progress update for 2024-01,ENG-P003-0099,2024-01-28,CAM-P003-01,2024-01-30,2024-01-02,Medium,None,
PE-000296,P003,WP-019,CA-P003-04,2024-02,30.3,in_progress,Progress update for 2024-02,ENG-P003-0099,2024-02-28,CAM-P003-01,2024-03-01,2024-01-02,Low,Low,
PE-000297,P003,WP-019,CA-P003-04,2024-03,46.3,in_progress,Progress update for 2024-03,ENG-P003-0099,2024-03-28,CAM-P003-01,2024-03-30,2024-01-02,Low,Medium,
PE-000298,P003,WP-020,CA-P003-04,2024-01,7.8,in_progress,Progress update for 2024-01,ENG-P003-0100,2024-01-28,CAM-P003-01,2024-01-30,2024-07-01,High,Medium,
PE-000299,P003,WP-020,CA-P003-04,2024-02,27.8,in_progress,Progress update for 2024-02,ENG-P003-0100,2024-02-28,CAM-P003-01,2024-03-01,2024-07-01,None,Medium,
PE-000300,P003,WP-020,CA-P003-04,2024-03,38.1,in_progress,Progress update for 2024-03,ENG-P003-0100,2024-03-28,CAM-P003-01,2024-03-30,2024-07-01,Medium,None,
PE-000301,P003,WP-021,CA-P003-05,2024-01,9.6,in_progress,Progress update for 2024-01,ENG-P003-0101,2024-01-28,CAM-P003-01,2024-01-30,2024-03-13,None,None,
PE-000302,P003,WP-021,CA-P003-05,2024-02,23.0,in_progress,Progress update for 2024-02,ENG-P003-0101,2024-02-28,CAM-P003-01,2024-03-01,2024-03-13,Medium,None,
PE-000303,P003,WP-021,CA-P003-05,2024-03,39.5,in_progress,Progress update for 2024-03,ENG-P003-0101,2024-03-28,CAM-P003-01,2024-03-30,2024-03-13,None,Medium,
PE-000304,P003,WP-022,CA-P003-05,2024-01,16.9,in_progress,Progress update for 2024-01,ENG-P003-0102,2024-01-28,CAM-P003-01,2024-01-30,2024-09-05,None,Low,
PE-000305,P003,WP-022,CA-P003-05,2024-02,37.7,in_progress,Progress update for 2024-02,ENG-P003-0102,2024-02-28,CAM-P003-01,2024-03-01,2024-09-05,Medium,None,
PE-000306,P003,WP-022,CA-P003-05,2024-03,50.5,in_progress,Progress update for 2024-03,ENG-P003-0102,2024-03-28,CAM-P003-01,2024-03-30,2024-09-05,Medium,None,
PE-000307,P003,WP-023,CA-P003-05,2024-01,17.1,in_progress,Progress update for 2024-01,ENG-P003-0103,2024-01-28,CAM-P003-01,2024-01-30,2024-04-04,None,Medium,
PE-000308,P003,WP-023,CA-P003-05,2024-02,26.3,in_progress,Progress update for 2024-02,ENG-P003-0103,2024-02-28,CAM-P003-01,2024-03-01,2024-04-04,None,High,
PE-000309,P003,WP-023,CA-P003-05,2024-03,44.4,in_progress,Progress update for 2024-03,ENG-P003-0103,2024-03-28,CAM-P003-01,2024-03-30,2024-04-04,Medium,High,
PE-000310,P003,WP-024,CA-P003-05,2024-01,100.0,complete,Progress update for 2024-01,ENG-P003-0104,2024-01-28,CAM-P003-01,2024-01-30,2024-03-14,None,None,
PE-000311,P003,WP-024,CA-P003-05,2024-02,100.0,complete,Progress update for 2024-02,ENG-P003-0104,2024-02-28,CAM-P003-01,2024-03-01,2024-03-14,None,Low,
PE-000312,P003,WP-024,CA-P003-05,2024-03,100.0,complete,Progress update for 2024-03,ENG-P003-0104,2024-03-28,CAM-P003-01,2024-03-30,2024-03-14,None,High,
PE-000313,P003,WP-025,CA-P003-05,2024-01,100.0,complete,Progress update for 2024-01,ENG-P003-0105,2024-01-28,CAM-P003-01,2024-01-30,2024-03-30,None,None,
PE-000314,P003,WP-025,CA-P003-05,2024-02,100.0,complete,Progress update for 2024-02,ENG-P003-0105,2024-02-28,CAM-P003-01,2024-03-01,2024-03-30,None,None,
PE-000315,P003,WP-025,CA-P003-05,2024-03,100.0,complete,Progress update for 2024-03,ENG-P003-0105,2024-03-28,CAM-P003-01,2024-03-30,2024-03-30,None,Low,
PE-000316,P003,WP-026,CA-P003-06,2024-01,9.9,in_progress,Progress update for 2024-01,ENG-P003-0106,2024-01-28,CAM-P003-01,2024-01-30,2024-04-02,Low,Medium,
PE-000317,P003,WP-026,CA-P003-06,2024-02,26.3,in_progress,Progress update for 2024-02,ENG-P003-0106,2024-02-28,CAM-P003-01,2024-03-01,2024-04-02,Low,None,
PE-000318,P003,WP-026,CA-P003-06,2024-03,34.6,in_progress,Progress update for 2024-03,ENG-P003-0106,2024-03-28,CAM-P003-01,2024-03-30,2024-04-02,None,High,
PE-000319,P003,WP-027,CA-P003-06,2024-01,14.3,in_progress,Progress update for 2024-01,ENG-P003-0107,2024-01-28,CAM-P003-01,2024-01-30,2024-03-15,None,None,
PE-000320,P003,WP-027,CA-P003-06,2024-02,34.0,in_progress,Progress update for 2024-02,ENG-P003-0107,2024-02-28,CAM-P003-01,2024-03-01,2024-03-15,Low,Low,
PE-000321,P003,WP-027,CA-P003-06,2024-03,52.4,in_progress,Progress update for 2024-03,ENG-P003-0107,2024-03-28,CAM-P003-01,2024-03-30,2024-03-15,Low,Low,
PE-000322,P003,WP-028,CA-P003-06,2024-01,100.0,complete,Progress update for 2024-01,ENG-P003-0108,2024-01-28,CAM-P003-01,2024-01-30,2024-05-25,None,None,
PE-000323,P003,WP-028,CA-P003-06,2024-02,100.0,complete,Progress update for 2024-02,ENG-P003-0108,2024-02-28,CAM-P003-01,2024-03-01,2024-05-25,High,Low,
PE-000324,P003,WP-028,CA-P003-06,2024-03,100.0,complete,Progress update for 2024-03,ENG-P003-0108,2024-03-28,CAM-P003-01,2024-03-30,2024-05-25,None,Low,
PE-000325,P003,WP-029,CA-P003-06,2024-01,0.0,not_started,Progress update for 2024-01,ENG-P003-0109,2024-01-28,CAM-P003-01,2024-01-30,2024-07-26,None,Medium,
PE-000326,P003,WP-029,CA-P003-06,2024-02,0.0,not_started,Progress update for 2024-02,ENG-P003-0109,2024-02-28,CAM-P003-01,2024-03-01,2024-07-26,None,Medium,
PE-000327,P003,WP-029,CA-P003-06,2024-03,0.0,not_started,Progress update for 2024-03,ENG-P003-0109,2024-03-28,CAM-P003-01,2024-03-30,2024-07-26,Low,None,
PE-000328,P003,WP-030,CA-P003-06,2024-01,100.0,complete,Progress update for 2024-01,ENG-P003-0110,2024-01-28,CAM-P003-01,2024-01-30,2024-03-25,None,Medium,
PE-000329,P003,WP-030,CA-P003-06,2024-02,100.0,complete,Progress update for 2024-02,ENG-P003-0110,2024-02-28,CAM-P003-01,2024-03-01,2024-03-25,None,None,
PE-000330,P003,WP-030,CA-P003-06,2024-03,100.0,complete,Progress update for 2024-03,ENG-P003-0110,2024-03-28,CAM-P003-01,2024-03-30,2024-03-25,Medium,None,
PE-000331,P003,WP-031,CA-P003-07,2024-01,10.8,in_progress,Progress update for 2024-01,ENG-P003-0111,2024-01-28,CAM-P003-01,2024-01-30,2024-04-16,None,Medium,
PE-000332,P003,WP-031,CA-P003-07,2024-02,23.0,in_progress,Progress update for 2024-02,ENG-P003-0111,2024-02-28,CAM-P003-01,2024-03-01,2024-04-16,None,None,
PE-000333,P003,WP-031,CA-P003-07,2024-03,31.8,in_progress,Progress update for 2024-03,ENG-P003-0111,2024-03-28,CAM-P003-01,2024-03-30,2024-04-16,None,None,
PE-000334,P003,WP-032,CA-P003-07,2024-01,7.4,in_progress,Progress update for 2024-01,ENG-P003-0112,2024-01-28,CAM-P003-01,2024-01-30,2024-01-27,None,Medium,
PE-000335,P003,WP-032,CA-P003-07,2024-02,16.2,in_progress,Progress update for 2024-02,ENG-P003-0112,2024-02-28,CAM-P003-01,2024-03-01,2024-01-27,None,Medium,
PE-000336,P003,WP-032,CA-P003-07,2024-03,34.6,in_progress,Progress update for 2024-03,ENG-P003-0112,2024-03-28,CAM-P003-01,2024-03-30,2024-01-27,Low,None,
PE-000337,P003,WP-033,CA-P003-07,2024-01,11.3,in_progress,Progress update for 2024-01,ENG-P003-0113,2024-01-28,CAM-P003-01,2024-01-30,2024-09-20,None,None,
PE-000338,P003,WP-033,CA-P003-07,2024-02,24.6,in_progress,Progress update for 2024-02,ENG-P003-0113,2024-02-28,CAM-P003-01,2024-03-01,2024-09-20,Low,None,
PE-000339,P003,WP-033,CA-P003-07,2024-03,39.2,in_progress,Progress update for 2024-03,ENG-P003-0113,2024-03-28,CAM-P003-01,2024-03-30,2024-09-20,None,None,
PE-000340,P003,WP-034,CA-P003-07,2024-01,16.9,in_progress,Progress update for 2024-01,ENG-P003-0114,2024-01-28,CAM-P003-01,2024-01-30,2024-06-16,Medium,None,
PE-000341,P003,WP-034,CA-P003-07,2024-02,32.9,in_progress,Progress update for 2024-02,ENG-P003-0114,2024-02-28,CAM-P003-01,2024-03-01,2024-06-16,None,None,
PE-000342,P003,WP-034,CA-P003-07,2024-03,49.2,in_progress,Progress update for 2024-03,ENG-P003-0114,2024-03-28,CAM-P003-01,2024-03-30,2024-06-16,None,None,
PE-000343,P003,WP-035,CA-P003-07,2024-01,12.3,in_progress,Progress update for 2024-01,ENG-P003-0115,2024-01-28,CAM-P003-01,2024-01-30,2024-05-31,None,None,
PE-000344,P003,WP-035,CA-P003-07,2024-02,25.2,in_progress,Progress update for 2024-02,ENG-P003-0115,2024-02-28,CAM-P003-01,2024-03-01,2024-05-31,High,Low,
PE-000345,P003,WP-035,CA-P003-07,2024-03,36.5,in_progress,Progress update for 2024-03,ENG-P003-0115,2024-03-28,CAM-P003-01,2024-03-30,2024-05-31,None,Low,
PE-000346,P003,WP-036,CA-P003-08,2024-01,6.4,in_progress,Progress update for 2024-01,ENG-P003-0116,2024-01-28,CAM-P003-01,2024-01-30,2024-04-03,Low,Medium,
PE-000347,P003,WP-036,CA-P003-08,2024-02,20.3,in_progress,Progress update for 2024-02,ENG-P003-0116,2024-02-28,CAM-P003-01,2024-03-01,2024-04-03,None,None,
PE-000348,P003,WP-036,CA-P003-08,2024-03,26.7,in_progress,Progress update for 2024-03,ENG-P003-0116,2024-03-28,CAM-P003-01,2024-03-30,2024-04-03,None,Medium,
PE-000349,P003,WP-037,CA-P003-08,2024-01,8.7,in_progress,Progress update for 2024-01,ENG-P003-0117,2024-01-28,CAM-P003-01,2024-01-30,2024-07-21,Low,Low,
PE-000350,P003,WP-037,CA-P003-08,2024-02,17.5,in_progress,Progress update for 2024-02,ENG-P003-0117,2024-02-28,CAM-P003-01,2024-03-01,2024-07-21,None,None,
PE-000351,P003,WP-037,CA-P003-08,2024-03,32.9,in_progress,Progress update for 2024-03,ENG-P003-0117,2024-03-28,CAM-P003-01,2024-03-30,2024-07-21,None,Low,
PE-000352,P003,WP-038,CA-P003-08,2024-01,18.0,in_progress,Progress update for 2024-01,ENG-P003-0118,2024-01-28,CAM-P003-01,2024-01-30,2024-06-16,Medium,High,
PE-000353,P003,WP-038,CA-P003-08,2024-02,36.6,in_progress,Progress update for 2024-02,ENG-P003-0118,2024-02-28,CAM-P003-01,2024-03-01,2024-06-16,Medium,Medium,
PE-000354,P003,WP-038,CA-P003-08,2024-03,52.8,in_progress,Progress update for 2024-03,ENG-P003-0118,2024-03-28,CAM-P003-01,2024-03-30,2024-06-16,Medium,High,
PE-000355,P003,WP-039,CA-P003-08,2024-01,0.0,not_started,Progress update for 2024-01,ENG-P003-0119,2024-01-28,CAM-P003-01,2024-01-30,2024-08-15,None,Low,
PE-000356,P003,WP-039,CA-P003-08,2024-02,0.0,not_started,Progress update for 2024-02,ENG-P003-0119,2024-02-28,CAM-P003-01,2024-03-01,2024-08-15,Low,Medium,
PE-000357,P003,WP-039,CA-P003-08,2024-03,0.0,not_started,Progress update for 2024-03,ENG-P003-0119,2024-03-28,CAM-P003-01,2024-03-30,2024-08-15,None,Medium,
PE-000358,P003,WP-040,CA-P003-08,2024-01,0.0,not_started,Progress update for 2024-01,ENG-P003-0120,2024-01-28,CAM-P003-01,2024-01-30,2024-02-13,Medium,High,
PE-000359,P003,WP-040,CA-P003-08,2024-02,0.0,not_started,Progress update for 2024-02,ENG-P003-0120,2024-02-28,CAM-P003-01,2024-03-01,2024-02-13,None,Low,
PE-000360,P003,WP-040,CA-P003-08,2024-03,0.0,not_started,Progress update for 2024-03,ENG-P003-0120,2024-03-28,CAM-P003-01,2024-03-30,2024-02-13,Medium,High,
PE-000361,P004,WP-001,CA-P004-01,2024-01,18.6,in_progress,Progress update for 2024-01,ENG-P004-0121,2024-01-28,CAM-P004-01,2024-01-30,2024-02-21,Low,Low,
PE-000362,P004,WP-001,CA-P004-01,2024-02,28.9,in_progress,Progress update for 2024-02,ENG-P004-0121,2024-02-28,CAM-P004-01,2024-03-01,2024-02-21,High,None,
PE-000363,P004,WP-001,CA-P004-01,2024-03,45.1,in_progress,Progress update for 2024-03,ENG-P004-0121,2024-03-28,CAM-P004-01,2024-03-30,2024-02-21,Medium,None,
PE-000364,P004,WP-002,CA-P004-01,2024-01,0.0,not_started,Progress update for 2024-01,ENG-P004-0122,2024-01-28,CAM-P004-01,2024-01-30,2024-02-29,None,None,
PE-000365,P004,WP-002,CA-P004-01,2024-02,0.0,not_started,Progress update for 2024-02,ENG-P004-0122,2024-02-28,CAM-P004-01,2024-03-01,2024-02-29,Medium,Low,
PE-000366,P004,WP-002,CA-P004-01,2024-03,0.0,not_started,Progress update for 2024-03,ENG-P004-0122,2024-03-28,CAM-P004-01,2024-03-30,2024-02-29,None,Low,
PE-000367,P004,WP-003,CA-P004-01,2024-01,8.8,in_progress,Progress update for 2024-01,ENG-P004-0123,2024-01-28,CAM-P004-01,2024-01-30,2024-06-26,Medium,None,
PE-000368,P004,WP-003,CA-P004-01,2024-02,19.6,in_progress,Progress update for 2024-02,ENG-P004-0123,2024-02-28,CAM-P004-01,2024-03-01,2024-06-26,None,Low,
PE-000369,P004,WP-003,CA-P004-01,2024-03,31.9,in_progress,Progress update for 2024-03,ENG-P004-0123,2024-03-28,CAM-P004-01,2024-03-30,2024-06-26,Medium,None,
PE-000370,P004,WP-004,CA-P004-01,2024-01,10.2,in_progress,Progress update for 2024-01,ENG-P004-0124,2024-01-28,CAM-P004-01,2024-01-30,2024-03-13,None,None,
PE-000371,P004,WP-004,CA-P004-01,2024-02,31.1,in_progress,Progress update for 2024-02,ENG-P004-0124,2024-02-28,CAM-P004-01,2024-03-01,2024-03-13,None,High,
PE-000372,P004,WP-004,CA-P004-01,2024-03,41.7,in_progress,Progress update for 2024-03,ENG-P004-0124,2024-03-28,CAM-P004-01,2024-03-30,2024-03-13,None,None,
PE-000373,P004,WP-005,CA-P004-01,2024-01,0.0,not_started,Progress update for 2024-01,ENG-P004-0125,2024-01-28,CAM-P004-01,2024-01-30,2024-08-08,None,Medium,
PE-000374,P004,WP-005,CA-P004-01,2024-02,0.0,not_started,Progress update for 2024-02,ENG-P004-0125,2024-02-28,CAM-P004-01,2024-03-01,2024-08-08,Low,None,
PE-000375,P004,WP-005,CA-P004-01,2024-03,0.0,not_started,Progress update for 2024-03,ENG-P004-0125,2024-03-28,CAM-P004-01,2024-03-30,2024-08-08,Low,Low,
PE-000376,P004,WP-006,CA-P004-02,2024-01,19.1,in_progress,Progress update for 2024-01,ENG-P004-0126,2024-01-28,CAM-P004-01,2024-01-30,2024-07-28,High,Low,
PE-000377,P004,WP-006,CA-P004-02,2024-02,38.5,in_progress,Progress update for 2024-02,ENG-P004-0126,2024-02-28,CAM-P004-01,2024-03-01,2024-07-28,Medium,None,
PE-000378,P004,WP-006,CA-P004-02,2024-03,54.4,in_progress,Progress update for 2024-03,ENG-P004-0126,2024-03-28,CAM-P004-01,2024-03-30,2024-07-28,None,Medium,
PE-000379,P004,WP-007,CA-P004-02,2024-01,100.0,complete,Progress update for 2024-01,ENG-P004-0127,2024-01-28,CAM-P004-01,2024-01-30,2024-04-07,High,None,
PE-000380,P004,WP-007,CA-P004-02,2024-02,100.0,complete,Progress update for 2024-02,ENG-P004-0127,2024-02-28,CAM-P004-01,2024-03-01,2024-04-07,Medium,High,
PE-000381,P004,WP-007,CA-P004-02,2024-03,100.0,complete,Progress update for 2024-03,ENG-P004-0127,2024-03-28,CAM-P004-01,2024-03-30,2024-04-07,None,Low,
PE-000382,P004,WP-008,CA-P004-02,2024-01,18.9,in_progress,Progress update for 2024-01,ENG-P004-0128,2024-01-28,CAM-P004-01,2024-01-30,2024-03-04,High,None,
PE-000383,P004,WP-008,CA-P004-02,2024-02,31.8,in_progress,Progress update for 2024-02,ENG-P004-0128,2024-02-28,CAM-P004-01,2024-03-01,2024-03-04,Low,None,
PE-000384,P004,WP-008,CA-P004-02,2024-03,42.4,in_progress,Progress update for 2024-03,ENG-P004-0128,2024-03-28,CAM-P004-01,2024-03-30,2024-03-04,None,None,
PE-000385,P004,WP-009,CA-P004-02,2024-01,13.4,in_progress,Progress update for 2024-01,ENG-P004-0129,2024-01-28,CAM-P004-01,2024-01-30,2024-09-07,Low,Low,
PE-000386,P004,WP-009,CA-P004-02,2024-02,32.3,in_progress,Progress update for 2024-02,ENG-P004-0129,2024-02-28,CAM-P004-01,2024-03-01,2024-09-07,None,None,
PE-000387,P004,WP-009,CA-P004-02,2024-03,38.6,in_progress,Progress update for 2024-03,ENG-P004-0129,2024-03-28,CAM-P004-01,2024-03-30,2024-09-07,None,None,
PE-000388,P004,WP-010,CA-P004-02,2024-01,100.0,complete,Progress update for 2024-01,ENG-P004-0130,2024-01-28,CAM-P004-01,2024-01-30,2024-01-26,None,None,
PE-000389,P004,WP-010,CA-P004-02,2024-02,100.0,complete,Progress update for 2024-02,ENG-P004-0130,2024-02-28,CAM-P004-01,2024-03-01,2024-01-26,None,Low,
PE-000390,P004,WP-010,CA-P004-02,2024-03,100.0,complete,Progress update for 2024-03,ENG-P004-0130,2024-03-28,CAM-P004-01,2024-03-30,2024-01-26,Low,High,
PE-000391,P004,WP-011,CA-P004-03,2024-01,100.0,complete,Progress update for 2024-01,ENG-P004-0131,2024-01-28,CAM-P004-01,2024-01-30,2024-09-12,Medium,Low,
PE-000392,P004,WP-011,CA-P004-03,2024-02,100.0,complete,Progress update for 2024-02,ENG-P004-0131,2024-02-28,CAM-P004-01,2024-03-01,2024-09-12,None,Low,
PE-000393,P004,WP-011,CA-P004-03,2024-03,100.0,complete,Progress update for 2024-03,ENG-P004-0131,2024-03-28,CAM-P004-01,2024-03-30,2024-09-12,None,None,
PE-000394,P004,WP-012,CA-P004-03,2024-01,10.9,in_progress,Progress update for 2024-01,ENG-P004-0132,2024-01-28,CAM-P004-01,2024-01-30,2024-06-03,None,None,
PE-000395,P004,WP-012,CA-P004-03,2024-02,28.5,in_progress,Progress update for 2024-02,ENG-P004-0132,2024-02-28,CAM-P004-01,2024-03-01,2024-06-03,Medium,Medium,
PE-000396,P004,WP-012,CA-P004-03,2024-03,43.2,in_progress,Progress update for 2024-03,ENG-P004-0132,2024-03-28,CAM-P004-01,2024-03-30,2024-06-03,Low,None,
PE-000397,P004,WP-013,CA-P004-03,2024-01,15.8,in_progress,Progress update for 2024-01,ENG-P004-0133,2024-01-28,CAM-P004-01,2024-01-30,2024-02-10,Low,None,
PE-000398,P004,WP-013,CA-P004-03,2024-02,28.4,in_progress,Progress update for 2024-02,ENG-P004-0133,2024-02-28,CAM-P004-01,2024-03-01,2024-02-10,High,Low,
PE-000399,P004,WP-013,CA-P004-03,2024-03,41.1,in_progress,Progress update for 2024-03,ENG-P004-0133,2024-03-28,CAM-P004-01,2024-03-30,2024-02-10,Low,None,
PE-000400,P004,WP-014,CA-P004-03,2024-01,100.0,complete,Progress update for 2024-01,ENG-P004-0134,2024-01-28,CAM-P004-01,2024-01-30,2023-12-25,None,None,
PE-000401,P004,WP-014,CA-P004-03,2024-02,100.0,complete,Progress update for 2024-02,ENG-P004-0134,2024-02-28,CAM-P004-01,2024-03-01,2023-12-25,None,Low,
PE-000402,P004,WP-014,CA-P004-03,2024-03,94.5,complete,Progress update for 2024-03,ENG-P004-0134,2024-03-28,CAM-P004-01,2024-03-30,2023-12-25,None,Medium,
PE-000403,P004,WP-015,CA-P004-03,2024-01,9.2,in_progress,Progress update for 2024-01,ENG-P004-0135,2024-01-28,CAM-P004-01,2024-01-30,2024-06-18,Low,Low,
PE-000404,P004,WP-015,CA-P004-03,2024-02,26.4,in_progress,Progress update for 2024-02,ENG-P004-0135,2024-02-28,CAM-P004-01,2024-03-01,2024-06-18,Low,High,
PE-000405,P004,WP-015,CA-P004-03,2024-03,39.5,in_progress,Progress update for 2024-03,ENG-P004-0135,2024-03-28,CAM-P004-01,2024-03-30,2024-06-18,Low,Low,
PE-000406,P004,WP-016,CA-P004-04,2024-01,100.0,complete,Progress update for 2024-01,ENG-P004-0136,2024-01-28,CAM-P004-01,2024-01-30,2024-04-11,None,None,
PE-000407,P004,WP-016,CA-P004-04,2024-02,100.0,complete,Progress update for 2024-02,ENG-P004-0136,2024-02-28,CAM-P004-01,2024-03-01,2024-04-11,None,None,
PE-000408,P004,WP-016,CA-P004-04,2024-03,100.0,complete,Progress update for 2024-03,ENG-P004-0136,2024-03-28,CAM-P004-01,2024-03-30,2024-04-11,None,None,
PE-000409,P004,WP-017,CA-P004-04,2024-01,14.1,in_progress,Progress update for 2024-01,ENG-P004-0137,2024-01-28,CAM-P004-01,2024-01-30,2024-03-21,None,Medium,
PE-000410,P004,WP-017,CA-P004-04,2024-02,28.2,in_progress,Progress update for 2024-02,ENG-P004-0137,2024-02-28,CAM-P004-01,2024-03-01,2024-03-21,Low,None,
PE-000411,P004,WP-017,CA-P004-04,2024-03,40.8,in_progress,Progress update for 2024-03,ENG-P004-0137,2024-03-28,CAM-P004-01,2024-03-30,2024-03-21,None,Low,
PE-000412,P004,WP-018,CA-P004-04,2024-01,10.2,in_progress,Progress update for 2024-01,ENG-P004-0138,2024-01-28,CAM-P004-01,2024-01-30,2024-08-06,High,None,
PE-000413,P004,WP-018,CA-P004-04,2024-02,26.0,in_progress,Progress update for 2024-02,ENG-P004-0138,2024-02-28,CAM-P004-01,2024-03-01,2024-08-06,None,Low,
PE-000414,P004,WP-018,CA-P004-04,2024-03,38.6,in_progress,Progress update for 2024-03,ENG-P004-0138,2024-03-28,CAM-P004-01,2024-03-30,2024-08-06,None,None,
PE-000415,P004,WP-019,CA-P004-04,2024-01,6.7,in_progress,Progress update for 2024-01,ENG-P004-0139,2024-01-28,CAM-P004-01,2024-01-30,2024-01-29,None,High,
PE-000416,P004,WP-019,CA-P004-04,2024-02,20.4,in_progress,Progress update for 2024-02,ENG-P004-0139,2024-02-28,CAM-P004-01,2024-03-01,2024-01-29,None,High,
PE-000417,P004,WP-019,CA-P004-04,2024-03,26.7,in_progress,Progress update for 2024-03,ENG-P004-0139,2024-03-28,CAM-P004-01,2024-03-30,2024-01-29,None,Low,
PE-000418,P004,WP-020,CA-P004-04,2024-01,18.7,in_progress,Progress update for 2024-01,ENG-P004-0140,2024-01-28,CAM-P004-01,2024-01-30,2024-02-17,Low,None,
PE-000419,P004,WP-020,CA-P004-04,2024-02,40.4,in_progress,Progress update for 2024-02,ENG-P004-0140,2024-02-28,CAM-P004-01,2024-03-01,2024-02-17,None,High,
PE-000420,P004,WP-020,CA-P004-04,2024-03,58.3,in_progress,Progress update for 2024-03,ENG-P004-0140,2024-03-28,CAM-P004-01,2024-03-30,2024-02-17,Medium,None,
PE-000421,P004,WP-021,CA-P004-05,2024-01,7.1,in_progress,Progress update for 2024-01,ENG-P004-0141,2024-01-28,CAM-P004-01,2024-01-30,2024-07-10,Low,Low,
PE-000422,P004,WP-021,CA-P004-05,2024-02,22.5,in_progress,Progress update for 2024-02,ENG-P004-0141,2024-02-28,CAM-P004-01,2024-03-01,2024-07-10,Medium,Low,
PE-000423,P004,WP-021,CA-P004-05,2024-03,32.8,in_progress,Progress update for 2024-03,ENG-P004-0141,2024-03-28,CAM-P004-01,2024-03-30,2024-07-10,None,None,
PE-000424,P004,WP-022,CA-P004-05,2024-01,100.0,complete,Progress update for 2024-01,ENG-P004-0142,2024-01-28,CAM-P004-01,2024-01-30,2024-06-13,None,None,
PE-000425,P004,WP-022,CA-P004-05,2024-02,100.0,complete,Progress update for 2024-02,ENG-P004-0142,2024-02-28,CAM-P004-01,2024-03-01,2024-06-13,Medium,Low,
PE-000426,P004,WP-022,CA-P004-05,2024-03,100.0,complete,Progress update for 2024-03,ENG-P004-0142,2024-03-28,CAM-P004-01,2024-03-30,2024-06-13,Low,None,
PE-000427,P004,WP-023,CA-P004-05,2024-01,0.0,not_started,Progress update for 2024-01,ENG-P004-0143,2024-01-28,CAM-P004-01,2024-01-30,2024-07-31,Low,Medium,
PE-000428,P004,WP-023,CA-P004-05,2024-02,0.0,not_started,Progress update for 2024-02,ENG-P004-0143,2024-02-28,CAM-P004-01,2024-03-01,2024-07-31,Medium,Low,
PE-000429,P004,WP-023,CA-P004-05,2024-03,0.0,not_started,Progress update for 2024-03,ENG-P004-0143,2024-03-28,CAM-P004-01,2024-03-30,2024-07-31,Medium,Low,
PE-000430,P004,WP-024,CA-P004-05,2024-01,0.0,not_started,Progress update for 2024-01,ENG-P004-0144,2024-01-28,CAM-P004-01,2024-01-30,2024-04-13,None,Medium,
PE-000431,P004,WP-024,CA-P004-05,2024-02,0.0,not_started,Progress update for 2024-02,ENG-P004-0144,2024-02-28,CAM-P004-01,2024-03-01,2024-04-13,None,None,
PE-000432,P004,WP-024,CA-P004-05,2024-03,0.0,not_started,Progress update for 2024-03,ENG-P004-0144,2024-03-28,CAM-P004-01,2024-03-30,2024-04-13,None,Low,
PE-000433,P004,WP-025,CA-P004-05,2024-01,13.2,in_progress,Progress update for 2024-01,ENG-P004-0145,2024-01-28,CAM-P004-01,2024-01-30,2024-07-19,Low,None,
PE-000434,P004,WP-025,CA-P004-05,2024-02,24.2,in_progress,Progress update for 2024-02,ENG-P004-0145,2024-02-28,CAM-P004-01,2024-03-01,2024-07-19,Medium,None,
PE-000435,P004,WP-025,CA-P004-05,2024-03,43.1,in_progress,Progress update for 2024-03,ENG-P004-0145,2024-03-28,CAM-P004-01,2024-03-30,2024-07-19,None,Low,
PE-000436,P004,WP-026,CA-P004-06,2024-01,100.0,complete,Progress update for 2024-01,ENG-P004-0146,2024-01-28,CAM-P004-01,2024-01-30,2024-07-06,Low,Medium,
PE-000437,P004,WP-026,CA-P004-06,2024-02,100.0,complete,Progress update for 2024-02,ENG-P004-0146,2024-02-28,CAM-P004-01,2024-03-01,2024-07-06,None,Medium,
PE-000438,P004,WP-026,CA-P004-06,2024-03,100.0,complete,Progress update for 2024-03,ENG-P004-0146,2024-03-28,CAM-P004-01,2024-03-30,2024-07-06,Low,Low,
PE-000439,P004,WP-027,CA-P004-06,2024-01,100.0,complete,Progress update for 2024-01,ENG-P004-0147,2024-01-28,CAM-P004-01,2024-01-30,2024-02-08,Low,None,
PE-000440,P004,WP-027,CA-P004-06,2024-02,100.0,complete,Progress update for 2024-02,ENG-P004-0147,2024-02-28,CAM-P004-01,2024-03-01,2024-02-08,None,None,
PE-000441,P004,WP-027,CA-P004-06,2024-03,100.0,complete,Progress update for 2024-03,ENG-P004-0147,2024-03-28,CAM-P004-01,2024-03-30,2024-02-08,None,Low,
PE-000442,P004,WP-028,CA-P004-06,2024-01,0.0,not_started,Progress update for 2024-01,ENG-P004-0148,2024-01-28,CAM-P004-01,2024-01-30,2024-07-23,None,None,
PE-000443,P004,WP-028,CA-P004-06,2024-02,0.0,not_started,Progress update for 2024-02,ENG-P004-0148,2024-02-28,CAM-P004-01,2024-03-01,2024-07-23,None,None,
PE-000444,P004,WP-028,CA-P004-06,2024-03,0.0,not_started,Progress update for 2024-03,ENG-P004-0148,2024-03-28,CAM-P004-01,2024-03-30,2024-07-23,None,Low,
PE-000445,P004,WP-029,CA-P004-06,2024-01,7.7,in_progress,Progress update for 2024-01,ENG-P004-0149,2024-01-28,CAM-P004-01,2024-01-30,2024-05-21,Medium,None,
PE-000446,P004,WP-029,CA-P004-06,2024-02,16.9,in_progress,Progress update for 2024-02,ENG-P004-0149,2024-02-28,CAM-P004-01,2024-03-01,2024-05-21,Medium,None,
PE-000447,P004,WP-029,CA-P004-06,2024-03,28.9,in_progress,Progress update for 2024-03,ENG-P004-0149,2024-03-28,CAM-P004-01,2024-03-30,2024-05-21,High,High,
PE-000448,P004,WP-030,CA-P004-06,2024-01,0.0,not_started,Progress update for 2024-01,ENG-P004-0150,2024-01-28,CAM-P004-01,2024-01-30,2024-04-27,Low,None,
PE-000449,P004,WP-030,CA-P004-06,2024-02,0.0,not_started,Progress update for 2024-02,ENG-P004-0150,2024-02-28,CAM-P004-01,2024-03-01,2024-04-27,Low,High,
PE-000450,P004,WP-030,CA-P004-06,2024-03,0.0,not_started,Progress update for 2024-03,ENG-P004-0150,2024-03-28,CAM-P004-01,2024-03-30,2024-04-27,High,None,
PE-000451,P004,WP-031,CA-P004-07,2024-01,10.9,in_progress,Progress update for 2024-01,ENG-P004-0151,2024-01-28,CAM-P004-01,2024-01-30,2024-01-31,None,None,
PE-000452,P004,WP-031,CA-P004-07,2024-02,28.7,in_progress,Progress update for 2024-02,ENG-P004-0151,2024-02-28,CAM-P004-01,2024-03-01,2024-01-31,None,None,
PE-000453,P004,WP-031,CA-P004-07,2024-03,35.9,in_progress,Progress update for 2024-03,ENG-P004-0151,2024-03-28,CAM-P004-01,2024-03-30,2024-01-31,None,None,
PE-000454,P004,WP-032,CA-P004-07,2024-01,100.0,complete,Progress update for 2024-01,ENG-P004-0152,2024-01-28,CAM-P004-01,2024-01-30,2024-02-02,None,None,
PE-000455,P004,WP-032,CA-P004-07,2024-02,100.0,complete,Progress update for 2024-02,ENG-P004-0152,2024-02-28,CAM-P004-01,2024-03-01,2024-02-02,High,None,
PE-000456,P004,WP-032,CA-P004-07,2024-03,100.0,complete,Progress update for 2024-03,ENG-P004-0152,2024-03-28,CAM-P004-01,2024-03-30,2024-02-02,Low,None,
PE-000457,P004,WP-033,CA-P004-07,2024-01,100.0,complete,Progress update for 2024-01,ENG-P004-0153,2024-01-28,CAM-P004-01,2024-01-30,2024-03-05,None,None,
PE-000458,P004,WP-033,CA-P004-07,2024-02,100.0,complete,Progress update for 2024-02,ENG-P004-0153,2024-02-28,CAM-P004-01,2024-03-01,2024-03-05,None,None,
PE-000459,P004,WP-033,CA-P004-07,2024-03,82.7,complete,Progress update for 2024-03,ENG-P004-0153,2024-03-28,CAM-P004-01,2024-03-30,2024-03-05,None,Low,
PE-000460,P004,WP-034,CA-P004-07,2024-01,6.3,in_progress,Progress update for 2024-01,ENG-P004-0154,2024-01-28,CAM-P004-01,2024-01-30,2023-12-26,None,Low,
PE-000461,P004,WP-034,CA-P004-07,2024-02,17.6,in_progress,Progress update for 2024-02,ENG-P004-0154,2024-02-28,CAM-P004-01,2024-03-01,2023-12-26,None,None,
PE-000462,P004,WP-034,CA-P004-07,2024-03,26.7,in_progress,Progress update for 2024-03,ENG-P004-0154,2024-03-28,CAM-P004-01,2024-03-30,2023-12-26,None,High,
PE-000463,P004,WP-035,CA-P004-07,2024-01,19.9,in_progress,Progress update for 2024-01,ENG-P004-0155,2024-01-28,CAM-P004-01,2024-01-30,2024-03-05,High,None,
PE-000464,P004,WP-035,CA-P004-07,2024-02,29.1,in_progress,Progress update for 2024-02,ENG-P004-0155,2024-02-28,CAM-P004-01,2024-03-01,2024-03-05,None,None,
PE-000465,P004,WP-035,CA-P004-07,2024-03,35.3,in_progress,Progress update for 2024-03,ENG-P004-0155,2024-03-28,CAM-P004-01,2024-03-30,2024-03-05,None,None,
PE-000466,P004,WP-036,CA-P004-08,2024-01,10.1,in_progress,Progress update for 2024-01,ENG-P004-0156,2024-01-28,CAM-P004-01,2024-01-30,2024-04-29,None,Low,
PE-000467,P004,WP-036,CA-P004-08,2024-02,23.1,in_progress,Progress update for 2024-02,ENG-P004-0156,2024-02-28,CAM-P004-01,2024-03-01,2024-04-29,Medium,None,
PE-000468,P004,WP-036,CA-P004-08,2024-03,36.6,in_progress,Progress update for 2024-03,ENG-P004-0156,2024-03-28,CAM-P004-01,2024-03-30,2024-04-29,None,None,
PE-000469,P004,WP-037,CA-P004-08,2024-01,7.3,in_progress,Progress update for 2024-01,ENG-P004-0157,2024-01-28,CAM-P004-01,2024-01-30,2024-03-30,None,Low,
PE-000470,P004,WP-037,CA-P004-08,2024-02,19.0,in_progress,Progress update for 2024-02,ENG-P004-0157,2024-02-28,CAM-P004-01,2024-03-01,2024-03-30,None,Medium,
PE-000471,P004,WP-037,CA-P004-08,2024-03,25.6,in_progress,Progress update for 2024-03,ENG-P004-0157,2024-03-28,CAM-P004-01,2024-03-30,2024-03-30,Low,Low,
PE-000472,P004,WP-038,CA-P004-08,2024-01,100.0,complete,Progress update for 2024-01,ENG-P004-0158,2024-01-28,CAM-P004-01,2024-01-30,2024-02-22,None,None,
PE-000473,P004,WP-038,CA-P004-08,2024-02,100.0,complete,Progress update for 2024-02,ENG-P004-0158,2024-02-28,CAM-P004-01,2024-03-01,2024-02-22,None,Low,
PE-000474,P004,WP-038,CA-P004-08,2024-03,100.0,complete,Progress update for 2024-03,ENG-P004-0158,2024-03-28,CAM-P004-01,2024-03-30,2024-02-22,None,None,
PE-000475,P004,WP-039,CA-P004-08,2024-01,9.7,in_progress,Progress update for 2024-01,ENG-P004-0159,2024-01-28,CAM-P004-01,2024-01-30,2024-04-09,Medium,Medium,
PE-000476,P004,WP-039,CA-P004-08,2024-02,31.0,in_progress,Progress update for 2024-02,ENG-P004-0159,2024-02-28,CAM-P004-01,2024-03-01,2024-04-09,Low,Low,
PE-000477,P004,WP-039,CA-P004-08,2024-03,43.7,in_progress,Progress update for 2024-03,ENG-P004-0159,2024-03-28,CAM-P004-01,2024-03-30,2024-04-09,Medium,Low,
PE-000478,P004,WP-040,CA-P004-08,2024-01,10.3,in_progress,Progress update for 2024-01,ENG-P004-0160,2024-01-28,CAM-P004-01,2024-01-30,2024-05-02,Low,Low,
PE-000479,P004,WP-040,CA-P004-08,2024-02,20.1,in_progress,Progress update for 2024-02,ENG-P004-0160,2024-02-28,CAM-P004-01,2024-03-01,2024-05-02,None,None,
PE-000480,P004,WP-040,CA-P004-08,2024-03,37.9,in_progress,Progress update for 2024-03,ENG-P004-0160,2024-03-28,CAM-P004-01,2024-03-30,2024-05-02,None,Medium,
PE-000481,P005,WP-001,CA-P005-01,2024-01,11.6,in_progress,Progress update for 2024-01,ENG-P005-0161,2024-01-28,CAM-P005-01,2024-01-30,2024-05-11,Medium,None,
PE-000482,P005,WP-001,CA-P005-01,2024-02,32.6,in_progress,Progress update for 2024-02,ENG-P005-0161,2024-02-28,CAM-P005-01,2024-03-01,2024-05-11,None,None,
PE-000483,P005,WP-001,CA-P005-01,2024-03,42.0,in_progress,Progress update for 2024-03,ENG-P005-0161,2024-03-28,CAM-P005-01,2024-03-30,2024-05-11,None,None,
PE-000484,P005,WP-002,CA-P005-01,2024-01,0.0,not_started,Progress update for 2024-01,ENG-P005-0162,2024-01-28,CAM-P005-01,2024-01-30,2024-01-19,Low,High,
PE-000485,P005,WP-002,CA-P005-01,2024-02,0.0,not_started,Progress update for 2024-02,ENG-P005-0162,2024-02-28,CAM-P005-01,2024-03-01,2024-01-19,Low,Low,
PE-000486,P005,WP-002,CA-P005-01,2024-03,0.0,not_started,Progress update for 2024-03,ENG-P005-0162,2024-03-28,CAM-P005-01,2024-03-30,2024-01-19,None,Medium,
PE-000487,P005,WP-003,CA-P005-01,2024-01,100.0,complete,Progress update for 2024-01,ENG-P005-0163,2024-01-28,CAM-P005-01,2024-01-30,2024-02-23,Medium,None,
PE-000488,P005,WP-003,CA-P005-01,2024-02,100.0,complete,Progress update for 2024-02,ENG-P005-0163,2024-02-28,CAM-P005-01,2024-03-01,2024-02-23,High,None,
PE-000489,P005,WP-003,CA-P005-01,2024-03,100.0,complete,Progress update for 2024-03,ENG-P005-0163,2024-03-28,CAM-P005-01,2024-03-30,2024-02-23,Medium,High,
PE-000490,P005,WP-004,CA-P005-01,2024-01,100.0,complete,Progress update for 2024-01,ENG-P005-0164,2024-01-28,CAM-P005-01,2024-01-30,2023-12-18,Low,None,
PE-000491,P005,WP-004,CA-P005-01,2024-02,100.0,complete,Progress update for 2024-02,ENG-P005-0164,2024-02-28,CAM-P005-01,2024-03-01,2023-12-18,Low,None,
PE-000492,P005,WP-004,CA-P005-01,2024-03,100.0,complete,Progress update for 2024-03,ENG-P005-0164,2024-03-28,CAM-P005-01,2024-03-30,2023-12-18,Medium,None,
PE-000493,P005,WP-005,CA-P005-01,2024-01,100.0,complete,Progress update for 2024-01,ENG-P005-0165,2024-01-28,CAM-P005-01,2024-01-30,2024-04-04,Low,Medium,
PE-000494,P005,WP-005,CA-P005-01,2024-02,100.0,complete,Progress update for 2024-02,ENG-P005-0165,2024-02-28,CAM-P005-01,2024-03-01,2024-04-04,None,None,
PE-000495,P005,WP-005,CA-P005-01,2024-03,95.3,complete,Progress update for 2024-03,ENG-P005-0165,2024-03-28,CAM-P005-01,2024-03-30,2024-04-04,Low,None,
PE-000496,P005,WP-006,CA-P005-02,2024-01,7.6,in_progress,Progress update for 2024-01,ENG-P005-0166,2024-01-28,CAM-P005-01,2024-01-30,2024-04-07,None,None,
PE-000497,P005,WP-006,CA-P005-02,2024-02,24.7,in_progress,Progress update for 2024-02,ENG-P005-0166,2024-02-28,CAM-P005-01,2024-03-01,2024-04-07,Low,None,
PE-000498,P005,WP-006,CA-P005-02,2024-03,37.0,in_progress,Progress update for 2024-03,ENG-P005-0166,2024-03-28,CAM-P005-01,2024-03-30,2024-04-07,None,None,
PE-000499,P005,WP-007,CA-P005-02,2024-01,15.9,in_progress,Progress update for 2024-01,ENG-P005-0167,2024-01-28,CAM-P005-01,2024-01-30,2024-01-17,None,Low,
PE-000500,P005,WP-007,CA-P005-02,2024-02,36.9,in_progress,Progress update for 2024-02,ENG-P005-0167,2024-02-28,CAM-P005-01,2024-03-01,2024-01-17,Low,Low,
PE-000501,P005,WP-007,CA-P005-02,2024-03,43.9,in_progress,Progress update for 2024-03,ENG-P005-0167,2024-03-28,CAM-P005-01,2024-03-30,2024-01-17,None,None,
PE-000502,P005,WP-008,CA-P005-02,2024-01,100.0,complete,Progress update for 2024-01,ENG-P005-0168,2024-01-28,CAM-P005-01,2024-01-30,2024-05-19,Medium,Medium,
PE-000503,P005,WP-008,CA-P005-02,2024-02,100.0,complete,Progress update for 2024-02,ENG-P005-0168,2024-02-28,CAM-P005-01,2024-03-01,2024-05-19,None,None,
PE-000504,P005,WP-008,CA-P005-02,2024-03,100.0,complete,Progress update for 2024-03,ENG-P005-0168,2024-03-28,CAM-P005-01,2024-03-30,2024-05-19,None,Low,
PE-000505,P005,WP-009,CA-P005-02,2024-01,14.3,in_progress,Progress update for 2024-01,ENG-P005-0169,2024-01-28,CAM-P005-01,2024-01-30,2024-02-25,Low,Medium,
PE-000506,P005,WP-009,CA-P005-02,2024-02,26.5,in_progress,Progress update for 2024-02,ENG-P005-0169,2024-02-28,CAM-P005-01,2024-03-01,2024-02-25,Low,Low,
PE-000507,P005,WP-009,CA-P005-02,2024-03,36.7,in_progress,Progress update for 2024-03,ENG-P005-0169,2024-03-28,CAM-P005-01,2024-03-30,2024-02-25,Medium,None,
PE-000508,P005,WP-010,CA-P005-02,2024-01,100.0,complete,Progress update for 2024-01,ENG-P005-0170,2024-01-28,CAM-P005-01,2024-01-30,2024-03-30,Low,Low,
PE-000509,P005,WP-010,CA-P005-02,2024-02,100.0,complete,Progress update for 2024-02,ENG-P005-0170,2024-02-28,CAM-P005-01,2024-03-01,2024-03-30,Medium,Low,
PE-000510,P005,WP-010,CA-P005-02,2024-03,100.0,complete,Progress update for 2024-03,ENG-P005-0170,2024-03-28,CAM-P005-01,2024-03-30,2024-03-30,None,Medium,
PE-000511,P005,WP-011,CA-P005-03,2024-01,16.6,in_progress,Progress update for 2024-01,ENG-P005-0171,2024-01-28,CAM-P005-01,2024-01-30,2024-04-18,Low,Medium,
PE-000512,P005,WP-011,CA-P005-03,2024-02,28.3,in_progress,Progress update for 2024-02,ENG-P005-0171,2024-02-28,CAM-P005-01,2024-03-01,2024-04-18,Low,Medium,
PE-000513,P005,WP-011,CA-P005-03,2024-03,38.8,in_progress,Progress update for 2024-03,ENG-P005-0171,2024-03-28,CAM-P005-01,2024-03-30,2024-04-18,None,High,
PE-000514,P005,WP-012,CA-P005-03,2024-01,0.0,not_started,Progress update for 2024-01,ENG-P005-0172,2024-01-28,CAM-P005-01,2024-01-30,2024-01-02,Medium,Medium,
PE-000515,P005,WP-012,CA-P005-03,2024-02,0.0,not_started,Progress update for 2024-02,ENG-P005-0172,2024-02-28,CAM-P005-01,2024-03-01,2024-01-02,None,High,
PE-000516,P005,WP-012,CA-P005-03,2024-03,0.0,not_started,Progress update for 2024-03,ENG-P005-0172,2024-03-28,CAM-P005-01,2024-03-30,2024-01-02,None,Low,
PE-000517,P005,WP-013,CA-P005-03,2024-01,100.0,complete,Progress update for 2024-01,ENG-P005-0173,2024-01-28,CAM-P005-01,2024-01-30,2024-06-07,None,Medium,
PE-000518,P005,WP-013,CA-P005-03,2024-02,100.0,complete,Progress update for 2024-02,ENG-P005-0173,2024-02-28,CAM-P005-01,2024-03-01,2024-06-07,Medium,Low,
PE-000519,P005,WP-013,CA-P005-03,2024-03,100.0,complete,Progress update for 2024-03,ENG-P005-0173,2024-03-28,CAM-P005-01,2024-03-30,2024-06-07,Low,None,
PE-000520,P005,WP-014,CA-P005-03,2024-01,12.7,in_progress,Progress update for 2024-01,ENG-P005-0174,2024-01-28,CAM-P005-01,2024-01-30,2024-02-27,Low,None,
PE-000521,P005,WP-014,CA-P005-03,2024-02,27.7,in_progress,Progress update for 2024-02,ENG-P005-0174,2024-02-28,CAM-P005-01,2024-03-01,2024-02-27,Medium,Low,
PE-000522,P005,WP-014,CA-P005-03,2024-03,44.8,in_progress,Progress update for 2024-03,ENG-P005-0174,2024-03-28,CAM-P005-01,2024-03-30,2024-02-27,None,Low,
PE-000523,P005,WP-015,CA-P005-03,2024-01,5.5,in_progress,Progress update for 2024-01,ENG-P005-0175,2024-01-28,CAM-P005-01,2024-01-30,2024-05-13,None,None,
PE-000524,P005,WP-015,CA-P005-03,2024-02,17.1,in_progress,Progress update for 2024-02,ENG-P005-0175,2024-02-28,CAM-P005-01,2024-03-01,2024-05-13,None,Low,
PE-000525,P005,WP-015,CA-P005-03,2024-03,29.2,in_progress,Progress update for 2024-03,ENG-P005-0175,2024-03-28,CAM-P005-01,2024-03-30,2024-05-13,None,None,
PE-000526,P005,WP-016,CA-P005-04,2024-01,13.1,in_progress,Progress update for 2024-01,ENG-P005-0176,2024-01-28,CAM-P005-01,2024-01-30,2024-06-02,None,None,
PE-000527,P005,WP-016,CA-P005-04,2024-02,29.2,in_progress,Progress update for 2024-02,ENG-P005-0176,2024-02-28,CAM-P005-01,2024-03-01,2024-06-02,None,Medium,
PE-000528,P005,WP-016,CA-P005-04,2024-03,36.2,in_progress,Progress update for 2024-03,ENG-P005-0176,2024-03-28,CAM-P005-01,2024-03-30,2024-06-02,None,None,
PE-000529,P005,WP-017,CA-P005-04,2024-01,12.9,in_progress,Progress update for 2024-01,ENG-P005-0177,2024-01-28,CAM-P005-01,2024-01-30,2024-07-21,None,Medium,
PE-000530,P005,WP-017,CA-P005-04,2024-02,26.4,in_progress,Progress update for 2024-02,ENG-P005-0177,2024-02-28,CAM-P005-01,2024-03-01,2024-07-21,Low,None,
PE-000531,P005,WP-017,CA-P005-04,2024-03,32.7,in_progress,Progress update for 2024-03,ENG-P005-0177,2024-03-28,CAM-P005-01,2024-03-30,2024-07-21,None,Low,
PE-000532,P005,WP-018,CA-P005-04,2024-01,100.0,complete,Progress update for 2024-01,ENG-P005-0178,2024-01-28,CAM-P005-01,2024-01-30,2024-02-28,None,High,
PE-000533,P005,WP-018,CA-P005-04,2024-02,100.0,complete,Progress update for 2024-02,ENG-P005-0178,2024-02-28,CAM-P005-01,2024-03-01,2024-02-28,Low,High,
PE-000534,P005,WP-018,CA-P005-04,2024-03,100.0,complete,Progress update for 2024-03,ENG-P005-0178,2024-03-28,CAM-P005-01,2024-03-30,2024-02-28,None,Medium,
PE-000535,P005,WP-019,CA-P005-04,2024-01,13.3,in_progress,Progress update for 2024-01,ENG-P005-0179,2024-01-28,CAM-P005-01,2024-01-30,2024-02-29,Low,High,
PE-000536,P005,WP-019,CA-P005-04,2024-02,30.5,in_progress,Progress update for 2024-02,ENG-P005-0179,2024-02-28,CAM-P005-01,2024-03-01,2024-02-29,Medium,Low,
PE-000537,P005,WP-019,CA-P005-04,2024-03,38.3,in_progress,Progress update for 2024-03,ENG-P005-0179,2024-03-28,CAM-P005-01,2024-03-30,2024-02-29,Low,None,
PE-000538,P005,WP-020,CA-P005-04,2024-01,18.8,in_progress,Progress update for 2024-01,ENG-P005-0180,2024-01-28,CAM-P005-01,2024-01-30,2024-09-08,Medium,None,
PE-000539,P005,WP-020,CA-P005-04,2024-02,28.7,in_progress,Progress update for 2024-02,ENG-P005-0180,2024-02-28,CAM-P005-01,2024-03-01,2024-09-08,None,None,
PE-000540,P005,WP-020,CA-P005-04,2024-03,35.8,in_progress,Progress update for 2024-03,ENG-P005-0180,2024-03-28,CAM-P005-01,2024-03-30,2024-09-08,Low,Low,
PE-000541,P005,WP-021,CA-P005-05,2024-01,17.5,in_progress,Progress update for 2024-01,ENG-P005-0181,2024-01-28,CAM-P005-01,2024-01-30,2024-02-05,None,Low,
PE-000542,P005,WP-021,CA-P005-05,2024-02,27.2,in_progress,Progress update for 2024-02,ENG-P005-0181,2024-02-28,CAM-P005-01,2024-03-01,2024-02-05,Medium,None,
PE-000543,P005,WP-021,CA-P005-05,2024-03,34.6,in_progress,Progress update for 2024-03,ENG-P005-0181,2024-03-28,CAM-P005-01,2024-03-30,2024-02-05,None,Medium,
PE-000544,P005,WP-022,CA-P005-05,2024-01,6.6,in_progress,Progress update for 2024-01,ENG-P005-0182,2024-01-28,CAM-P005-01,2024-01-30,2024-03-18,Low,Low,
PE-000545,P005,WP-022,CA-P005-05,2024-02,25.1,in_progress,Progress update for 2024-02,ENG-P005-0182,2024-02-28,CAM-P005-01,2024-03-01,2024-03-18,None,None,
PE-000546,P005,WP-022,CA-P005-05,2024-03,37.4,in_progress,Progress update for 2024-03,ENG-P005-0182,2024-03-28,CAM-P005-01,2024-03-30,2024-03-18,None,Low,
PE-000547,P005,WP-023,CA-P005-05,2024-01,10.4,in_progress,Progress update for 2024-01,ENG-P005-0183,2024-01-28,CAM-P005-01,2024-01-30,2024-05-22,None,None,
PE-000548,P005,WP-023,CA-P005-05,2024-02,26.3,in_progress,Progress update for 2024-02,ENG-P005-0183,2024-02-28,CAM-P005-01,2024-03-01,2024-05-22,None,Low,
PE-000549,P005,WP-023,CA-P005-05,2024-03,33.3,in_progress,Progress update for 2024-03,ENG-P005-0183,2024-03-28,CAM-P005-01,2024-03-30,2024-05-22,High,Low,
PE-000550,P005,WP-024,CA-P005-05,2024-01,7.7,in_progress,Progress update for 2024-01,ENG-P005-0184,2024-01-28,CAM-P005-01,2024-01-30,2024-03-27,None,None,
PE-000551,P005,WP-024,CA-P005-05,2024-02,17.9,in_progress,Progress update for 2024-02,ENG-P005-0184,2024-02-28,CAM-P005-01,2024-03-01,2024-03-27,None,Medium,
PE-000552,P005,WP-024,CA-P005-05,2024-03,32.3,in_progress,Progress update for 2024-03,ENG-P005-0184,2024-03-28,CAM-P005-01,2024-03-30,2024-03-27,None,Low,
PE-000553,P005,WP-025,CA-P005-05,2024-01,8.8,in_progress,Progress update for 2024-01,ENG-P005-0185,2024-01-28,CAM-P005-01,2024-01-30,2024-02-05,High,None,
PE-000554,P005,WP-025,CA-P005-05,2024-02,27.1,in_progress,Progress update for 2024-02,ENG-P005-0185,2024-02-28,CAM-P005-01,2024-03-01,2024-02-05,Medium,None,
PE-000555,P005,WP-025,CA-P005-05,2024-03,35.5,in_progress,Progress update for 2024-03,ENG-P005-0185,2024-03-28,CAM-P005-01,2024-03-30,2024-02-05,None,Medium,
PE-000556,P005,WP-026,CA-P005-06,2024-01,100.0,complete,Progress update for 2024-01,ENG-P005-0186,2024-01-28,CAM-P005-01,2024-01-30,2024-03-25,Low,Low,
PE-000557,P005,WP-026,CA-P005-06,2024-02,100.0,complete,Progress update for 2024-02,ENG-P005-0186,2024-02-28,CAM-P005-01,2024-03-01,2024-03-25,Medium,Medium,
PE-000558,P005,WP-026,CA-P005-06,2024-03,100.0,complete,Progress update for 2024-03,ENG-P005-0186,2024-03-28,CAM-P005-01,2024-03-30,2024-03-25,None,Low,
PE-000559,P005,WP-027,CA-P005-06,2024-01,0.0,not_started,Progress update for 2024-01,ENG-P005-0187,2024-01-28,CAM-P005-01,2024-01-30,2024-04-17,Low,None,
PE-000560,P005,WP-027,CA-P005-06,2024-02,0.0,not_started,Progress update for 2024-02,ENG-P005-0187,2024-02-28,CAM-P005-01,2024-03-01,2024-04-17,Medium,None,
PE-000561,P005,WP-027,CA-P005-06,2024-03,0.0,not_started,Progress update for 2024-03,ENG-P005-0187,2024-03-28,CAM-P005-01,2024-03-30,2024-04-17,None,Medium,
PE-000562,P005,WP-028,CA-P005-06,2024-01,10.1,in_progress,Progress update for 2024-01,ENG-P005-0188,2024-01-28,CAM-P005-01,2024-01-30,2024-07-23,None,None,
PE-000563,P005,WP-028,CA-P005-06,2024-02,25.5,in_progress,Progress update for 2024-02,ENG-P005-0188,2024-02-28,CAM-P005-01,2024-03-01,2024-07-23,Medium,None,
PE-000564,P005,WP-028,CA-P005-06,2024-03,32.0,in_progress,Progress update for 2024-03,ENG-P005-0188,2024-03-28,CAM-P005-01,2024-03-30,2024-07-23,None,High,
PE-000565,P005,WP-029,CA-P005-06,2024-01,100.0,complete,Progress update for 2024-01,ENG-P005-0189,2024-01-28,CAM-P005-01,2024-01-30,2024-04-01,None,High,
PE-000566,P005,WP-029,CA-P005-06,2024-02,100.0,complete,Progress update for 2024-02,ENG-P005-0189,2024-02-28,CAM-P005-01,2024-03-01,2024-04-01,Medium,None,
PE-000567,P005,WP-029,CA-P005-06,2024-03,100.0,complete,Progress update for 2024-03,ENG-P005-0189,2024-03-28,CAM-P005-01,2024-03-30,2024-04-01,Medium,Low,
PE-000568,P005,WP-030,CA-P005-06,2024-01,12.7,in_progress,Progress update for 2024-01,ENG-P005-0190,2024-01-28,CAM-P005-01,2024-01-30,2024-01-21,None,Medium,
PE-000569,P005,WP-030,CA-P005-06,2024-02,31.8,in_progress,Progress update for 2024-02,ENG-P005-0190,2024-02-28,CAM-P005-01,2024-03-01,2024-01-21,Medium,High,
PE-000570,P005,WP-030,CA-P005-06,2024-03,44.5,in_progress,Progress update for 2024-03,ENG-P005-0190,2024-03-28,CAM-P005-01,2024-03-30,2024-01-21,Medium,Medium,
PE-000571,P005,WP-031,CA-P005-07,2024-01,8.2,in_progress,Progress update for 2024-01,ENG-P005-0191,2024-01-28,CAM-P005-01,2024-01-30,2024-07-04,None,None,
PE-000572,P005,WP-031,CA-P005-07,2024-02,28.2,in_progress,Progress update for 2024-02,ENG-P005-0191,2024-02-28,CAM-P005-01,2024-03-01,2024-07-04,None,Low,
PE-000573,P005,WP-031,CA-P005-07,2024-03,34.3,in_progress,Progress update for 2024-03,ENG-P005-0191,2024-03-28,CAM-P005-01,2024-03-30,2024-07-04,None,Low,
PE-000574,P005,WP-032,CA-P005-07,2024-01,6.9,in_progress,Progress update for 2024-01,ENG-P005-0192,2024-01-28,CAM-P005-01,2024-01-30,2024-07-23,Medium,None,
PE-000575,P005,WP-032,CA-P005-07,2024-02,27.7,in_progress,Progress update for 2024-02,ENG-P005-0192,2024-02-28,CAM-P005-01,2024-03-01,2024-07-23,None,High,
PE-000576,P005,WP-032,CA-P005-07,2024-03,42.1,in_progress,Progress update for 2024-03,ENG-P005-0192,2024-03-28,CAM-P005-01,2024-03-30,2024-07-23,None,None,
PE-000577,P005,WP-033,CA-P005-07,2024-01,0.0,not_started,Progress update for 2024-01,ENG-P005-0193,2024-01-28,CAM-P005-01,2024-01-30,2024-03-28,None,Low,
PE-000578,P005,WP-033,CA-P005-07,2024-02,0.0,not_started,Progress update for 2024-02,ENG-P005-0193,2024-02-28,CAM-P005-01,2024-03-01,2024-03-28,Medium,None,
PE-000579,P005,WP-033,CA-P005-07,2024-03,0.0,not_started,Progress update for 2024-03,ENG-P005-0193,2024-03-28,CAM-P005-01,2024-03-30,2024-03-28,None,Low,
PE-000580,P005,WP-034,CA-P005-07,2024-01,13.0,in_progress,Progress update for 2024-01,ENG-P005-0194,2024-01-28,CAM-P005-01,2024-01-30,2024-02-27,Low,None,
PE-000581,P005,WP-034,CA-P005-07,2024-02,31.0,in_progress,Progress update for 2024-02,ENG-P005-0194,2024-02-28,CAM-P005-01,2024-03-01,2024-02-27,High,None,
PE-000582,P005,WP-034,CA-P005-07,2024-03,37.2,in_progress,Progress update for 2024-03,ENG-P005-0194,2024-03-28,CAM-P005-01,2024-03-30,2024-02-27,None,Low,
PE-000583,P005,WP-035,CA-P005-07,2024-01,100.0,complete,Progress update for 2024-01,ENG-P005-0195,2024-01-28,CAM-P005-01,2024-01-30,2024-05-11,None,High,
PE-000584,P005,WP-035,CA-P005-07,2024-02,100.0,complete,Progress update for 2024-02,ENG-P005-0195,2024-02-28,CAM-P005-01,2024-03-01,2024-05-11,Low,Low,
PE-000585,P005,WP-035,CA-P005-07,2024-03,84.6,complete,Progress update for 2024-03,ENG-P005-0195,2024-03-28,CAM-P005-01,2024-03-30,2024-05-11,Medium,None,
PE-000586,P005,WP-036,CA-P005-08,2024-01,0.0,not_started,Progress update for 2024-01,ENG-P005-0196,2024-01-28,CAM-P005-01,2024-01-30,2024-05-03,Medium,None,
PE-000587,P005,WP-036,CA-P005-08,2024-02,0.0,not_started,Progress update for 2024-02,ENG-P005-0196,2024-02-28,CAM-P005-01,2024-03-01,2024-05-03,Low,High,
PE-000588,P005,WP-036,CA-P005-08,2024-03,0.0,not_started,Progress update for 2024-03,ENG-P005-0196,2024-03-28,CAM-P005-01,2024-03-30,2024-05-03,Medium,Medium,
PE-000589,P005,WP-037,CA-P005-08,2024-01,11.0,in_progress,Progress update for 2024-01,ENG-P005-0197,2024-01-28,CAM-P005-01,2024-01-30,2024-04-22,Medium,Low,
PE-000590,P005,WP-037,CA-P005-08,2024-02,27.6,in_progress,Progress update for 2024-02,ENG-P005-0197,2024-02-28,CAM-P005-01,2024-03-01,2024-04-22,None,None,
PE-000591,P005,WP-037,CA-P005-08,2024-03,41.3,in_progress,Progress update for 2024-03,ENG-P005-0197,2024-03-28,CAM-P005-01,2024-03-30,2024-04-22,None,Low,
PE-000592,P005,WP-038,CA-P005-08,2024-01,100.0,complete,Progress update for 2024-01,ENG-P005-0198,2024-01-28,CAM-P005-01,2024-01-30,2024-06-29,Medium,Medium,
PE-000593,P005,WP-038,CA-P005-08,2024-02,100.0,complete,Progress update for 2024-02,ENG-P005-0198,2024-02-28,CAM-P005-01,2024-03-01,2024-06-29,None,High,
PE-000594,P005,WP-038,CA-P005-08,2024-03,91.7,complete,Progress update for 2024-03,ENG-P005-0198,2024-03-28,CAM-P005-01,2024-03-30,2024-06-29,None,None,
PE-000595,P005,WP-039,CA-P005-08,2024-01,100.0,complete,Progress update for 2024-01,ENG-P005-0199,2024-01-28,CAM-P005-01,2024-01-30,2024-01-29,Medium,None,
PE-000596,P005,WP-039,CA-P005-08,2024-02,100.0,complete,Progress update for 2024-02,ENG-P005-0199,2024-02-28,CAM-P005-01,2024-03-01,2024-01-29,None,None,
PE-000597,P005,WP-039,CA-P005-08,2024-03,100.0,complete,Progress update for 2024-03,ENG-P005-0199,2024-03-28,CAM-P005-01,2024-03-30,2024-01-29,Low,Medium,
PE-000598,P005,WP-040,CA-P005-08,2024-01,6.9,in_progress,Progress update for 2024-01,ENG-P005-0200,2024-01-28,CAM-P005-01,2024-01-30,2024-02-02,None,Low,
PE-000599,P005,WP-040,CA-P005-08,2024-02,18.2,in_progress,Progress update for 2024-02,ENG-P005-0200,2024-02-28,CAM-P005-01,2024-03-01,2024-02-02,Low,High,
PE-000600,P005,WP-040,CA-P005-08,2024-03,34.9,in_progress,Progress update for 2024-03,ENG-P005-0200,2024-03-28,CAM-P005-01,2024-03-30,2024-02-02,Medium,Low,
PE-REV-00001,P003,WP-032,CA-P003-07,2024-03,46.9,in_progress,Post-close revised progress estimate for 2024-03,ENG-P003-0112,2024-04-05,CAM-P003-01,2024-04-07,2024-01-27,Low,Low,Post-close revision
PE-REV-00002,P003,WP-021,CA-P003-05,2024-03,26.5,in_progress,Post-close revised progress estimate for 2024-03,ENG-P003-0101,2024-04-05,CAM-P003-01,2024-04-07,2024-03-13,Medium,Low,Post-close revision
PE-REV-00003,P002,WP-015,CA-P002-03,2024-03,21.1,in_progress,Post-close revised progress estimate for 2024-03,ENG-P002-0055,2024-04-05,CAM-P002-01,2024-04-07,2024-06-04,None,None,Post-close revision
PE-REV-00004,P004,WP-004,CA-P004-01,2024-03,63.0,in_progress,Post-close revised progress estimate for 2024-03,ENG-P004-0124,2024-04-05,CAM-P004-01,2024-04-07,2024-03-13,None,Medium,Post-close revision
PE-REV-00005,P001,WP-020,CA-P001-04,2024-03,72.7,in_progress,Post-close revised progress estimate for 2024-03,ENG-P001-0020,2024-04-05,CAM-P001-01,2024-04-07,2024-05-30,None,None,Post-close revision
PE-REV-00006,P003,WP-012,CA-P003-03,2024-03,56.5,in_progress,Post-close revised progress estimate for 2024-03,ENG-P003-0092,2024-04-05,CAM-P003-01,2024-04-07,2024-04-17,Low,Medium,Post-close revision
PE-REV-00007,P003,WP-035,CA-P003-07,2024-03,13.4,in_progress,Post-close revised progress estimate for 2024-03,ENG-P003-0115,2024-04-05,CAM-P003-01,2024-04-07,2024-05-31,None,None,Post-close revision
PE-REV-00008,P002,WP-040,CA-P002-08,2024-03,22.0,in_progress,Post-close revised progress estimate for 2024-03,ENG-P002-0080,2024-04-05,CAM-P002-01,2024-04-07,2024-05-29,Low,None,Post-close revision
PE-REV-00009,P003,WP-006,CA-P003-02,2024-03,63.7,in_progress,Post-close revised progress estimate for 2024-03,ENG-P003-0086,2024-04-05,CAM-P003-01,2024-04-07,2024-06-04,Low,None,Post-close revision
PE-REV-00010,P005,WP-017,CA-P005-04,2024-03,22.7,in_progress,Post-close revised progress estimate for 2024-03,ENG-P005-0177,2024-04-05,CAM-P005-01,2024-04-07,2024-07-21,Low,None,Post-close revision
PE-REV-00011,P003,WP-010,CA-P003-02,2024-03,52.4,in_progress,Post-close revised progress estimate for 2024-03,ENG-P003-0090,2024-04-05,CAM-P003-01,2024-04-07,2024-07-24,None,Low,Post-close revision
PE-REV-00012,P003,WP-037,CA-P003-08,2024-03,17.2,in_progress,Post-close revised progress estimate for 2024-03,ENG-P003-0117,2024-04-05,CAM-P003-01,2024-04-07,2024-07-21,None,None,Post-close revision
PE-REV-00013,P004,WP-012,CA-P004-03,2024-03,32.8,in_progress,Post-close revised progress estimate for 2024-03,ENG-P004-0132,2024-04-05,CAM-P004-01,2024-04-07,2024-06-03,None,Medium,Post-close revision
PE-REV-00014,P003,WP-017,CA-P003-04,2024-03,20.0,in_progress,Post-close revised progress estimate for 2024-03,ENG-P003-0097,2024-04-05,CAM-P003-01,2024-04-07,2024-07-11,None,Low,Post-close revision
PE-REV-00015,P003,WP-027,CA-P003-06,2024-03,30.0,in_progress,Post-close revised progress estimate for 2024-03,ENG-P003-0107,2024-04-05,CAM-P003-01,2024-04-07,2024-03-15,None,None,Post-close revision
PE-REV-00016,P002,WP-035,CA-P002-07,2024-03,40.9,in_progress,Post-close revised progress estimate for 2024-03,ENG-P002-0075,2024-04-05,CAM-P002-01,2024-04-07,2024-01-04,None,None,Post-close revision
PE-REV-00017,P003,WP-033,CA-P003-07,2024-03,15.5,in_progress,Post-close revised progress estimate for 2024-03,ENG-P003-0113,2024-04-05,CAM-P003-01,2024-04-07,2024-09-20,None,None,Post-close revision
PE-REV-00018,P004,WP-025,CA-P004-05,2024-03,58.8,in_progress,Post-close revised progress estimate for 2024-03,ENG-P004-0145,2024-04-05,CAM-P004-01,2024-04-07,2024-07-19,None,Low,Post-close revision
PE-REV-00019,P004,WP-036,CA-P004-08,2024-03,59.2,in_progress,Post-close revised progress estimate for 2024-03,ENG-P004-0156,2024-04-05,CAM-P004-01,2024-04-07,2024-04-29,High,Low,Post-close revision
PE-REV-00020,P001,WP-024,CA-P001-05,2024-03,18.9,in_progress,Post-close revised progress estimate for 2024-03,ENG-P001-0024,2024-04-05,CAM-P001-01,2024-04-07,2024-01-19,Low,None,Post-close revision
PE-REV-00021,P001,WP-038,CA-P001-08,2024-03,64.2,in_progress,Post-close revised progress estimate for 2024-03,ENG-P001-0038,2024-04-05,CAM-P001-01,2024-04-07,2024-01-06,None,Medium,Post-close revision
PE-REV-00022,P005,WP-040,CA-P005-08,2024-03,18.6,in_progress,Post-close revised progress estimate for 2024-03,ENG-P005-0200,2024-04-05,CAM-P005-01,2024-04-07,2024-02-02,None,None,Post-close revision
PE-REV-00023,P004,WP-017,CA-P004-04,2024-03,28.2,in_progress,Post-close revised progress estimate for 2024-03,ENG-P004-0137,2024-04-05,CAM-P004-01,2024-04-07,2024-03-21,None,None,Post-close revision
PE-REV-00024,P001,WP-010,CA-P001-02,2024-03,61.6,in_progress,Post-close revised progress estimate for 2024-03,ENG-P001-0010,2024-04-05,CAM-P001-01,2024-04-07,2024-08-19,High,None,Post-close revision
PE-REV-00025,P003,WP-005,CA-P003-01,2024-03,26.5,in_progress,Post-close revised progress estimate for 2024-03,ENG-P003-0085,2024-04-05,CAM-P003-01,2024-04-07,2024-02-17,Low,None,Post-close revision
PE-REV-00026,P002,WP-038,CA-P002-08,2024-03,73.7,in_progress,Post-close revised progress estimate for 2024-03,ENG-P002-0078,2024-04-05,CAM-P002-01,2024-04-07,2024-02-03,Low,Low,Post-close revision
PE-REV-00027,P002,WP-008,CA-P002-02,2024-03,66.9,in_progress,Post-close revised progress estimate for 2024-03,ENG-P002-0048,2024-04-05,CAM-P002-01,2024-04-07,2024-06-30,High,None,Post-close revision
PE-REV-00028,P005,WP-014,CA-P005-03,2024-03,25.3,in_progress,Post-close revised progress estimate for 2024-03,ENG-P005-0174,2024-04-05,CAM-P005-01,2024-04-07,2024-02-27,Medium,None,Post-close revision
PE-REV-00029,P004,WP-039,CA-P004-08,2024-03,29.5,in_progress,Post-close revised progress estimate for 2024-03,ENG-P004-0159,2024-04-05,CAM-P004-01,2024-04-07,2024-04-09,Medium,None,Post-close revision
PE-REV-00030,P003,WP-031,CA-P003-07,2024-03,46.1,in_progress,Post-close revised progress estimate for 2024-03,ENG-P003-0111,2024-04-05,CAM-P003-01,2024-04-07,2024-04-16,Low,Low,Post-close revision
