project_id,project_name,client_name,region,engagement_type,contract_type,contracted_hour_cap
PRJ1674,Client Engagement 01,Client-A,AMER,client_billable,time_and_materials,
PRJ2456,Client Engagement 02,Client-B,EMEA,client_billable,time_and_materials,
PRJ2008,Client Engagement 03,Client-C,EMEA,client_billable,time_and_materials,
PRJ1131,Client Engagement 04,Client-D,AMER,client_billable,time_and_materials,
PRJ1861,Client Engagement 05,Client-E,AMER,client_billable,time_and_materials,
PRJ2188,Client Engagement 06,Client-F,EMEA,client_billable,fixed_fee,192.3
PRJ1752,Client Engagement 07,Client-G,AMER,client_billable,time_and_materials,
PRJ2589,Client Engagement 08,Client-H,EMEA,client_billable,time_and_materials,
PRJ3975,Client Engagement 09,Client-I,APAC,client_billable,time_and_materials,
PRJ1123,Client Engagement 10,Client-J,AMER,client_billable,time_and_materials,
PRJ1647,Client Engagement 11,Client-K,AMER,client_billable,time_and_materials,
PRJ1432,Client Engagement 12,Client-L,AMER,client_billable,time_and_materials,
PRJ2981,Client Engagement 13,Client-M,EMEA,client_billable,time_and_materials,
PRJ1246,Client Engagement 14,Client-N,AMER,client_billable,time_and_materials,
PRJ1959,Client Engagement 15,Client-O,AMER,client_billable,time_and_materials,
PRJ3774,Client Engagement 16,Client-P,APAC,client_billable,time_and_materials,
PRJ2031,Client Engagement 17,Client-Q,EMEA,client_billable,fixed_fee,325.8
PRJ2558,Client Engagement 18,Client-R,EMEA,client_billable,time_and_materials,
PRJ2840,Client Engagement 19,Client-S,EMEA,client_billable,time_and_materials,
PRJ2235,Client Engagement 20,Client-T,EMEA,client_billable,time_and_materials,
PRJ2640,Client Engagement 21,Client-U,EMEA,client_billable,time_and_materials,
PRJ2318,Client Engagement 22,Client-V,EMEA,client_billable,time_and_materials,
PRJ2502,Client Engagement 23,Client-W,EMEA,client_billable,time_and_materials,
PRJ1504,Client Engagement 24,Client-X,AMER,client_billable,fixed_fee,315.4
PRJ2419,Client Engagement 25,Client-Y,EMEA,client_billable,time_and_materials,
PRJ1866,Client Engagement 26,Client-Z,AMER,client_billable,time_and_materials,
PRJ1921,Client Engagement 27,Client-A1,AMER,client_billable,time_and_materials,
PRJ1049,Client Engagement 28,Client-B1,AMER,client_billable,time_and_materials,
PRJ3684,Client Engagement 29,Client-C1,APAC,client_billable,time_and_materials,
PRJ1494,Client Engagement 30,Client-D1,AMER,client_billable,time_and_materials,
PRJ1706,Client Engagement 31,Client-E1,AMER,client_billable,time_and_materials,
PRJ1981,Client Engagement 32,Client-F1,AMER,client_billable,time_and_materials,
PRJ2462,Client Engagement 33,Client-G1,EMEA,client_billable,time_and_materials,
PRJ1284,Client Engagement 34,Client-H1,AMER,client_billable,time_and_materials,
PRJ2236,Client Engagement 35,Client-I1,EMEA,client_billable,time_and_materials,
PRJ2002,Client Engagement 36,Client-J1,EMEA,client_billable,time_and_materials,
PRJ1155,Client Engagement 37,Client-K1,AMER,client_billable,time_and_materials,
PRJ2747,Client Engagement 38,Client-L1,EMEA,client_billable,fixed_fee,104.6
PRJ2397,Client Engagement 39,Client-M1,EMEA,client_billable,time_and_materials,
PRJ2025,Client Engagement 40,Client-N1,EMEA,client_billable,time_and_materials,
PRJ3998,Client Engagement 41,Client-O1,APAC,client_billable,time_and_materials,
PRJ1243,Client Engagement 42,Client-P1,AMER,client_billable,time_and_materials,
PRJ3099,Client Engagement 43,Client-Q1,APAC,client_billable,time_and_materials,
PRJ2161,Client Engagement 44,Client-R1,EMEA,client_billable,time_and_materials,
PRJ2212,Client Engagement 45,Client-S1,EMEA,client_billable,time_and_materials,
PRJ2038,Client Engagement 46,Client-T1,EMEA,client_billable,time_and_materials,
PRJ2304,Client Engagement 47,Client-U1,EMEA,client_billable,time_and_materials,
PRJ3827,Client Engagement 48,Client-V1,APAC,client_billable,time_and_materials,
PRJ1163,Client Engagement 49,Client-W1,AMER,client_billable,time_and_materials,
PRJ3843,Client Engagement 50,Client-X1,APAC,client_billable,time_and_materials,
PRJ3191,Client Engagement 51,Client-Y1,APAC,client_billable,time_and_materials,
PRJ1834,Client Engagement 52,Client-Z1,AMER,client_billable,time_and_materials,
PRJ1490,Client Engagement 53,Client-A2,AMER,client_billable,time_and_materials,
PRJ2663,Client Engagement 54,Client-B2,EMEA,client_billable,time_and_materials,
PRJ3791,Client Engagement 55,Client-C2,APAC,client_billable,fixed_fee,253.6
PRJ3675,Client Engagement 56,Client-D2,APAC,client_billable,fixed_fee,579.9
PRJ2673,Client Engagement 57,Client-E2,EMEA,client_billable,time_and_materials,
PRJ2426,Client Engagement 58,Client-F2,EMEA,client_billable,time_and_materials,
PRJ2913,Client Engagement 59,Client-G2,EMEA,client_billable,time_and_materials,
PRJ3852,Client Engagement 60,Client-H2,APAC,client_billable,time_and_materials,
PRJ2972,Client Engagement 61,Client-I2,EMEA,client_billable,fixed_fee,351.8
PRJ1730,Client Engagement 62,Client-J2,AMER,client_billable,time_and_materials,
PRJ1133,Client Engagement 63,Client-K2,AMER,client_billable,time_and_materials,
PRJ1979,Client Engagement 64,Client-L2,AMER,client_billable,time_and_materials,
PRJ1916,Client Engagement 65,Client-M2,AMER,client_billable,time_and_materials,
PRJ1332,Client Engagement 66,Client-N2,AMER,client_billable,time_and_materials,
PRJ2339,Client Engagement 67,Client-O2,EMEA,client_billable,time_and_materials,
PRJ3924,Client Engagement 68,Client-P2,APAC,client_billable,time_and_materials,
PRJ2366,Client Engagement 69,Client-Q2,EMEA,client_billable,time_and_materials,
PRJ1700,Client Engagement 70,Client-R2,AMER,client_billable,time_and_materials,
PRJ3895,Client Engagement 71,Client-S2,APAC,client_billable,time_and_materials,
PRJ1218,Client Engagement 72,Client-T2,AMER,client_billable,time_and_materials,
PRJ3153,Client Engagement 73,Client-U2,APAC,client_billable,time_and_materials,
PRJ1865,Client Engagement 74,Client-V2,AMER,client_billable,time_and_materials,
PRJ2722,Client Engagement 75,Client-W2,EMEA,client_billable,fixed_fee,516.8
PRJ1468,Client Engagement 76,Client-X2,AMER,client_billable,time_and_materials,
PRJ1583,Client Engagement 77,Client-Y2,AMER,client_billable,time_and_materials,
PRJ2137,Client Engagement 78,Client-Z2,EMEA,client_billable,time_and_materials,
PRJ1644,Client Engagement 79,Client-A3,AMER,client_billable,time_and_materials,
PRJ1513,Client Engagement 80,Client-B3,AMER,client_billable,time_and_materials,
PRJ3754,Client Engagement 81,Client-C3,APAC,client_billable,time_and_materials,
PRJ3639,Client Engagement 82,Client-D3,APAC,client_billable,fixed_fee,417.9
PRJ1635,Client Engagement 83,Client-E3,AMER,client_billable,time_and_materials,
PRJ3623,Client Engagement 84,Client-F3,APAC,client_billable,time_and_materials,
PRJ1477,Client Engagement 85,Client-G3,AMER,client_billable,time_and_materials,
PRJ1196,Client Engagement 86,Client-H3,AMER,client_billable,time_and_materials,
PRJ1152,Client Engagement 87,Client-I3,AMER,client_billable,fixed_fee,463.9
PRJ1448,Client Engagement 88,Client-J3,AMER,client_billable,time_and_materials,
PRJ1704,Client Engagement 89,Client-K3,AMER,client_billable,time_and_materials,
PRJ1649,Client Engagement 90,Client-L3,AMER,client_billable,time_and_materials,
PRJ1067,Client Engagement 91,Client-M3,AMER,client_billable,time_and_materials,
PRJ1690,Client Engagement 92,Client-N3,AMER,client_billable,time_and_materials,
PRJ1548,Client Engagement 93,Client-O3,AMER,client_billable,time_and_materials,
PRJ1201,Client Engagement 94,Client-P3,AMER,client_billable,time_and_materials,
PRJ2435,Client Engagement 95,Client-Q3,EMEA,client_billable,time_and_materials,
PRJ1039,Client Engagement 96,Client-R3,AMER,client_billable,time_and_materials,
PRJ3692,Client Engagement 97,Client-S3,APAC,client_billable,time_and_materials,
PRJ1919,Client Engagement 98,Client-T3,AMER,client_billable,time_and_materials,
PRJ1849,Client Engagement 99,Client-U3,AMER,client_billable,time_and_materials,
PRJ3464,Client Engagement 100,Client-V3,APAC,client_billable,time_and_materials,
PRJ3453,Client Engagement 101,Client-W3,APAC,client_billable,time_and_materials,
PRJ1127,Client Engagement 102,Client-X3,AMER,client_billable,time_and_materials,
PRJ1792,Client Engagement 103,Client-Y3,AMER,client_billable,fixed_fee,112.4
PRJ3871,Client Engagement 104,Client-Z3,APAC,client_billable,time_and_materials,
PRJ1994,Client Engagement 105,Client-A4,AMER,client_billable,time_and_materials,
PRJ1575,Client Engagement 106,Client-B4,AMER,client_billable,time_and_materials,
PRJ2822,Client Engagement 107,Client-C4,EMEA,client_billable,fixed_fee,305.7
PRJ2917,Client Engagement 108,Client-D4,EMEA,client_billable,time_and_materials,
PRJ1438,Client Engagement 109,Client-E4,AMER,client_billable,time_and_materials,
PRJ1580,Client Engagement 110,Client-F4,AMER,client_billable,time_and_materials,
PRJ3939,Client Engagement 111,Client-G4,APAC,client_billable,time_and_materials,
PRJ3341,Client Engagement 112,Client-H4,APAC,client_billable,time_and_materials,
PRJ1686,Client Engagement 113,Client-I4,AMER,client_billable,time_and_materials,
PRJ1158,Client Engagement 114,Client-J4,AMER,client_billable,time_and_materials,
PRJ1857,Client Engagement 115,Client-K4,AMER,client_billable,time_and_materials,
PRJ2282,Client Engagement 116,Client-L4,EMEA,client_billable,time_and_materials,
PRJ1112,Client Engagement 117,Client-M4,AMER,client_billable,fixed_fee,569.4
PRJ1078,Client Engagement 118,Client-N4,AMER,client_billable,time_and_materials,
PRJ3717,Client Engagement 119,Client-O4,APAC,client_billable,time_and_materials,
PRJ1945,Client Engagement 120,Client-P4,AMER,client_billable,time_and_materials,
PRJ2340,Client Engagement 121,Client-Q4,EMEA,client_billable,time_and_materials,
PRJ3738,Client Engagement 122,Client-R4,APAC,client_billable,time_and_materials,
PRJ1025,Client Engagement 123,Client-S4,AMER,client_billable,time_and_materials,
PRJ2286,Client Engagement 124,Client-T4,EMEA,client_billable,time_and_materials,
PRJ3729,Client Engagement 125,Client-U4,APAC,client_billable,time_and_materials,
PRJ2730,Client Engagement 126,Client-V4,EMEA,client_billable,time_and_materials,
PRJ2245,Client Engagement 127,Client-W4,EMEA,client_billable,time_and_materials,
PRJ3430,Client Engagement 128,Client-X4,APAC,client_billable,time_and_materials,
PRJ2400,Client Engagement 129,Client-Y4,EMEA,client_billable,time_and_materials,
PRJ1169,Client Engagement 130,Client-Z4,AMER,client_billable,time_and_materials,
PRJ2479,Client Engagement 131,Client-A5,EMEA,client_billable,time_and_materials,
PRJ2978,Client Engagement 132,Client-B5,EMEA,client_billable,time_and_materials,
PRJ1764,Client Engagement 133,Client-C5,AMER,client_billable,time_and_materials,
PRJ1343,Client Engagement 134,Client-D5,AMER,client_billable,time_and_materials,
PRJ1843,Client Engagement 135,Client-E5,AMER,client_billable,time_and_materials,
PRJ1297,Client Engagement 136,Client-F5,AMER,client_billable,time_and_materials,
PRJ1439,Client Engagement 137,Client-G5,AMER,client_billable,time_and_materials,
PRJ1168,Client Engagement 138,Client-H5,AMER,client_billable,time_and_materials,
PRJ2463,Client Engagement 139,Client-I5,EMEA,client_billable,time_and_materials,
PRJ2246,Client Engagement 140,Client-J5,EMEA,client_billable,time_and_materials,
PRJ3440,Client Engagement 141,Client-K5,APAC,client_billable,time_and_materials,
PRJ1567,Client Engagement 142,Client-L5,AMER,client_billable,time_and_materials,
PRJ1422,Client Engagement 143,Client-M5,AMER,client_billable,time_and_materials,
PRJ2591,Client Engagement 144,Client-N5,EMEA,client_billable,time_and_materials,
PRJ1419,Client Engagement 145,Client-O5,AMER,client_billable,time_and_materials,
PRJ2447,Client Engagement 146,Client-P5,EMEA,client_billable,time_and_materials,
PRJ1967,Client Engagement 147,Client-Q5,AMER,client_billable,time_and_materials,
PRJ1613,Client Engagement 148,Client-R5,AMER,client_billable,time_and_materials,
PRJ1711,Client Engagement 149,Client-S5,AMER,client_billable,fixed_fee,374.6
PRJ1805,Client Engagement 150,Client-T5,AMER,client_billable,time_and_materials,
PRJ2775,Client Engagement 151,Client-U5,EMEA,client_billable,time_and_materials,
PRJ1411,Client Engagement 152,Client-V5,AMER,client_billable,time_and_materials,
PRJ3125,Client Engagement 153,Client-W5,APAC,client_billable,time_and_materials,
PRJ1344,Client Engagement 154,Client-X5,AMER,client_billable,time_and_materials,
PRJ3381,Client Engagement 155,Client-Y5,APAC,client_billable,time_and_materials,
PRJ2746,Client Engagement 156,Client-Z5,EMEA,client_billable,time_and_materials,
PRJ1348,Client Engagement 157,Client-A6,AMER,client_billable,time_and_materials,
PRJ2132,Client Engagement 158,Client-B6,EMEA,client_billable,time_and_materials,
PRJ1018,Client Engagement 159,Client-C6,AMER,client_billable,time_and_materials,
PRJ2226,Client Engagement 160,Client-D6,EMEA,client_billable,time_and_materials,
PRJ1552,Client Engagement 161,Client-E6,AMER,client_billable,time_and_materials,
PRJ1072,Client Engagement 162,Client-F6,AMER,client_billable,fixed_fee,179.2
PRJ1618,Client Engagement 163,Client-G6,AMER,client_billable,time_and_materials,
PRJ3919,Client Engagement 164,Client-H6,APAC,client_billable,time_and_materials,
PRJ1111,Client Engagement 165,Client-I6,AMER,client_billable,time_and_materials,
PRJ2030,Client Engagement 166,Client-J6,EMEA,client_billable,time_and_materials,
PRJ2365,Client Engagement 167,Client-K6,EMEA,client_billable,fixed_fee,243.8
PRJ3213,Client Engagement 168,Client-L6,APAC,client_billable,time_and_materials,
PRJ1545,Client Engagement 169,Client-M6,AMER,client_billable,fixed_fee,114.9
PRJ3406,Client Engagement 170,Client-N6,APAC,client_billable,time_and_materials,
PRJ3066,Client Engagement 171,Client-O6,APAC,client_billable,time_and_materials,
PRJ2863,Client Engagement 172,Client-P6,EMEA,client_billable,time_and_materials,
PRJ3504,Client Engagement 173,Client-Q6,APAC,client_billable,time_and_materials,
PRJ2162,Client Engagement 174,Client-R6,EMEA,client_billable,time_and_materials,
PRJ1538,Client Engagement 175,Client-S6,AMER,client_billable,time_and_materials,
PRJ2659,Client Engagement 176,Client-T6,EMEA,client_billable,time_and_materials,
PRJ1549,Client Engagement 177,Client-U6,AMER,client_billable,time_and_materials,
PRJ2710,Client Engagement 178,Client-V6,EMEA,client_billable,time_and_materials,
PRJ1005,Client Engagement 179,Client-W6,AMER,client_billable,time_and_materials,
PRJ1950,Client Engagement 180,Client-X6,AMER,client_billable,time_and_materials,
PRJ1007,Client Engagement 181,Client-Y6,AMER,client_billable,fixed_fee,122.6
PRJ1469,Client Engagement 182,Client-Z6,AMER,client_billable,time_and_materials,
PRJ1082,Client Engagement 183,Client-A7,AMER,client_billable,time_and_materials,
PRJ2552,Client Engagement 184,Client-B7,EMEA,client_billable,time_and_materials,
PRJ3309,Client Engagement 185,Client-C7,APAC,client_billable,time_and_materials,
PRJ3220,Client Engagement 186,Client-D7,APAC,client_billable,fixed_fee,209.9
PRJ3586,Client Engagement 187,Client-E7,APAC,client_billable,time_and_materials,
PRJ3163,Client Engagement 188,Client-F7,APAC,client_billable,time_and_materials,
PRJ2319,Client Engagement 189,Client-G7,EMEA,client_billable,time_and_materials,
PRJ1137,Client Engagement 190,Client-H7,AMER,client_billable,time_and_materials,
PRJ2685,Client Engagement 191,Client-I7,EMEA,client_billable,time_and_materials,
PRJ1755,Client Engagement 192,Client-J7,AMER,client_billable,time_and_materials,
PRJ3275,Client Engagement 193,Client-K7,APAC,client_billable,time_and_materials,
PRJ1234,Client Engagement 194,Client-L7,AMER,client_billable,time_and_materials,
PRJ1182,Client Engagement 195,Client-M7,AMER,client_billable,fixed_fee,261.6
PRJ2680,Client Engagement 196,Client-N7,EMEA,client_billable,time_and_materials,
PRJ2843,Client Engagement 197,Client-O7,EMEA,client_billable,time_and_materials,
PRJ1209,Client Engagement 198,Client-P7,AMER,client_billable,time_and_materials,
PRJ1317,Client Engagement 199,Client-Q7,AMER,client_billable,time_and_materials,
PRJ3463,Client Engagement 200,Client-R7,APAC,client_billable,time_and_materials,
PRJ2080,Client Engagement 201,Client-S7,EMEA,client_billable,time_and_materials,
PRJ2409,Client Engagement 202,Client-T7,EMEA,client_billable,time_and_materials,
PRJ1406,Client Engagement 203,Client-U7,AMER,client_billable,time_and_materials,
PRJ2580,Client Engagement 204,Client-V7,EMEA,client_billable,time_and_materials,
PRJ2865,Client Engagement 205,Client-W7,EMEA,client_billable,time_and_materials,
PRJ3508,Client Engagement 206,Client-X7,APAC,client_billable,time_and_materials,
PRJ1029,Client Engagement 207,Client-Y7,AMER,client_billable,time_and_materials,
PRJ1016,Client Engagement 208,Client-Z7,AMER,client_billable,time_and_materials,
PRJ3000,Client Engagement 209,Client-A8,EMEA,client_billable,time_and_materials,
PRJ2541,Client Engagement 210,Client-B8,EMEA,client_billable,time_and_materials,
PRJ2450,Client Engagement 211,Client-C8,EMEA,client_billable,fixed_fee,179.6
PRJ2275,Client Engagement 212,Client-D8,EMEA,client_billable,time_and_materials,
PRJ2412,Client Engagement 213,Client-E8,EMEA,client_billable,time_and_materials,
PRJ1839,Client Engagement 214,Client-F8,AMER,client_billable,time_and_materials,
PRJ1179,Client Engagement 215,Client-G8,AMER,client_billable,fixed_fee,252.6
PRJ2784,Client Engagement 216,Client-H8,EMEA,client_billable,time_and_materials,
PRJ2909,Client Engagement 217,Client-I8,EMEA,client_billable,time_and_materials,
PRJ1041,Client Engagement 218,Client-J8,AMER,client_billable,fixed_fee,211.4
PRJ2683,Client Engagement 219,Client-K8,EMEA,client_billable,time_and_materials,
PRJ1677,Client Engagement 220,Client-L8,AMER,client_billable,time_and_materials,
PRJ1827,Client Engagement 221,Client-M8,AMER,client_billable,time_and_materials,
PRJ1819,Client Engagement 222,Client-N8,AMER,client_billable,time_and_materials,
PRJ1879,Client Engagement 223,Client-O8,AMER,client_billable,time_and_materials,
PRJ1275,Client Engagement 224,Client-P8,AMER,client_billable,time_and_materials,
PRJ1273,Client Engagement 225,Client-Q8,AMER,client_billable,time_and_materials,
PRJ1395,Client Engagement 226,Client-R8,AMER,client_billable,time_and_materials,
PRJ1119,Client Engagement 227,Client-S8,AMER,client_billable,time_and_materials,
PRJ1656,Client Engagement 228,Client-T8,AMER,client_billable,time_and_materials,
PRJ2035,Client Engagement 229,Client-U8,EMEA,client_billable,time_and_materials,
PRJ2202,Client Engagement 230,Client-V8,EMEA,client_billable,time_and_materials,
PRJ3320,Client Engagement 231,Client-W8,APAC,client_billable,time_and_materials,
PRJ1126,Client Engagement 232,Client-X8,AMER,client_billable,time_and_materials,
PRJ3520,Client Engagement 233,Client-Y8,APAC,client_billable,fixed_fee,86.8
PRJ2464,Client Engagement 234,Client-Z8,EMEA,client_billable,time_and_materials,
PRJ1279,Client Engagement 235,Client-A9,AMER,client_billable,time_and_materials,
PRJ2124,Client Engagement 236,Client-B9,EMEA,client_billable,time_and_materials,
PRJ1887,Client Engagement 237,Client-C9,AMER,client_billable,time_and_materials,
PRJ2860,Client Engagement 238,Client-D9,EMEA,client_billable,fixed_fee,420.5
PRJ1663,Client Engagement 239,Client-E9,AMER,client_billable,time_and_materials,
PRJ1399,Client Engagement 240,Client-F9,AMER,client_billable,time_and_materials,
PRJ1238,Client Engagement 241,Client-G9,AMER,client_billable,time_and_materials,
PRJ2350,Client Engagement 242,Client-H9,EMEA,client_billable,fixed_fee,545.4
PRJ1434,Client Engagement 243,Client-I9,AMER,client_billable,fixed_fee,272.6
PRJ2244,Client Engagement 244,Client-J9,EMEA,client_billable,time_and_materials,
PRJ2585,Client Engagement 245,Client-K9,EMEA,client_billable,time_and_materials,
PRJ2794,Client Engagement 246,Client-L9,EMEA,client_billable,time_and_materials,
PRJ2222,Client Engagement 247,Client-M9,EMEA,client_billable,time_and_materials,
PRJ1889,Client Engagement 248,Client-N9,AMER,client_billable,time_and_materials,
PRJ1364,Client Engagement 249,Client-O9,AMER,client_billable,time_and_materials,
PRJ2761,Client Engagement 250,Client-P9,EMEA,client_billable,time_and_materials,
PRJ1603,Client Engagement 251,Client-Q9,AMER,client_billable,time_and_materials,
PRJ3128,Client Engagement 252,Client-R9,APAC,client_billable,time_and_materials,
PRJ1846,Client Engagement 253,Client-S9,AMER,client_billable,time_and_materials,
PRJ2394,Client Engagement 254,Client-T9,EMEA,client_billable,time_and_materials,
PRJ3323,Client Engagement 255,Client-U9,APAC,client_billable,time_and_materials,
PRJ1226,Client Engagement 256,Client-V9,AMER,client_billable,fixed_fee,189.4
PRJ1524,Client Engagement 257,Client-W9,AMER,client_billable,time_and_materials,
PRJ2269,Client Engagement 258,Client-X9,EMEA,client_billable,fixed_fee,178.9
PRJ2058,Client Engagement 259,Client-Y9,EMEA,client_billable,fixed_fee,178.7
PRJ2221,Client Engagement 260,Client-Z9,EMEA,client_billable,fixed_fee,682.0
PRJ3714,Client Engagement 261,Client-A10,APAC,client_billable,time_and_materials,
PRJ2793,Client Engagement 262,Client-B10,EMEA,client_billable,fixed_fee,358.9
PRJ1891,Client Engagement 263,Client-C10,AMER,client_billable,fixed_fee,176.6
PRJ3180,Client Engagement 264,Client-D10,APAC,client_billable,time_and_materials,
PRJ2990,Client Engagement 265,Client-E10,EMEA,client_billable,time_and_materials,
PRJ3573,Client Engagement 266,Client-F10,APAC,client_billable,time_and_materials,
PRJ1250,Client Engagement 267,Client-G10,AMER,client_billable,time_and_materials,
PRJ1683,Client Engagement 268,Client-H10,AMER,client_billable,time_and_materials,
PRJ1220,Client Engagement 269,Client-I10,AMER,client_billable,time_and_materials,
PRJ1466,Client Engagement 270,Client-J10,AMER,client_billable,time_and_materials,
PRJ3872,Client Engagement 271,Client-K10,APAC,client_billable,time_and_materials,
PRJ3324,Client Engagement 272,Client-L10,APAC,client_billable,fixed_fee,212.4
PRJ2120,Client Engagement 273,Client-M10,EMEA,client_billable,time_and_materials,
PRJ3668,Client Engagement 274,Client-N10,APAC,client_billable,time_and_materials,
PRJ1990,Client Engagement 275,Client-O10,AMER,client_billable,time_and_materials,
PRJ1390,Client Engagement 276,Client-P10,AMER,client_billable,fixed_fee,382.7
PRJ1573,Client Engagement 277,Client-Q10,AMER,client_billable,time_and_materials,
PRJ2880,Client Engagement 278,Client-R10,EMEA,client_billable,time_and_materials,
PRJ1850,Client Engagement 279,Client-S10,AMER,client_billable,time_and_materials,
PRJ2217,Client Engagement 280,Client-T10,EMEA,client_billable,time_and_materials,
PRJ2363,Client Engagement 281,Client-U10,EMEA,client_billable,time_and_materials,
PRJ2287,Client Engagement 282,Client-V10,EMEA,client_billable,time_and_materials,
PRJ2662,Client Engagement 283,Client-W10,EMEA,client_billable,time_and_materials,
PRJ1788,Client Engagement 284,Client-X10,AMER,client_billable,time_and_materials,
PRJ2646,Client Engagement 285,Client-Y10,EMEA,client_billable,time_and_materials,
PRJ1154,Client Engagement 286,Client-Z10,AMER,client_billable,time_and_materials,
PRJ2983,Client Engagement 287,Client-A11,EMEA,client_billable,time_and_materials,
PRJ1632,Client Engagement 288,Client-B11,AMER,client_billable,time_and_materials,
PRJ3383,Client Engagement 289,Client-C11,APAC,client_billable,time_and_materials,
PRJ2054,Client Engagement 290,Client-D11,EMEA,client_billable,time_and_materials,
PRJ3934,Client Engagement 291,Client-E11,APAC,client_billable,time_and_materials,
PRJ3532,Client Engagement 292,Client-F11,APAC,client_billable,time_and_materials,
PRJ2475,Client Engagement 293,Client-G11,EMEA,client_billable,time_and_materials,
PRJ2658,Client Engagement 294,Client-H11,EMEA,client_billable,time_and_materials,
PRJ1692,Client Engagement 295,Client-I11,AMER,client_billable,time_and_materials,
PRJ2619,Client Engagement 296,Client-J11,EMEA,client_billable,time_and_materials,
PRJ3238,Client Engagement 297,Client-K11,APAC,client_billable,time_and_materials,
PRJ1939,Client Engagement 298,Client-L11,AMER,client_billable,time_and_materials,
PRJ3237,Client Engagement 299,Client-M11,APAC,client_billable,time_and_materials,
PRJ1081,Client Engagement 300,Client-N11,AMER,client_billable,time_and_materials,
PRJ2361,Client Engagement 301,Client-O11,EMEA,client_billable,time_and_materials,
PRJ1702,Client Engagement 302,Client-P11,AMER,client_billable,time_and_materials,
PRJ2160,Client Engagement 303,Client-Q11,EMEA,client_billable,time_and_materials,
PRJ1212,Client Engagement 304,Client-R11,AMER,client_billable,time_and_materials,
PRJ1236,Client Engagement 305,Client-S11,AMER,client_billable,fixed_fee,162.5
PRJ1020,Client Engagement 306,Client-T11,AMER,client_billable,time_and_materials,
PRJ1319,Client Engagement 307,Client-U11,AMER,client_billable,fixed_fee,503.8
PRJ2574,Client Engagement 308,Client-V11,EMEA,client_billable,time_and_materials,
PRJ1627,Client Engagement 309,Client-W11,AMER,client_billable,time_and_materials,
PRJ1689,Client Engagement 310,Client-X11,AMER,client_billable,time_and_materials,
PRJ2873,Client Engagement 311,Client-Y11,EMEA,client_billable,time_and_materials,
PRJ1060,Client Engagement 312,Client-Z11,AMER,client_billable,time_and_materials,
PRJ1768,Client Engagement 313,Client-A12,AMER,client_billable,time_and_materials,
PRJ3812,Client Engagement 314,Client-B12,APAC,client_billable,time_and_materials,
PRJ3769,Client Engagement 315,Client-C12,APAC,client_billable,time_and_materials,
PRJ1224,Client Engagement 316,Client-D12,AMER,client_billable,time_and_materials,
PRJ1245,Client Engagement 317,Client-E12,AMER,client_billable,time_and_materials,
PRJ1308,Client Engagement 318,Client-F12,AMER,client_billable,time_and_materials,
PRJ2554,Client Engagement 319,Client-G12,EMEA,client_billable,time_and_materials,
PRJ3190,Client Engagement 320,Client-H12,APAC,client_billable,time_and_materials,
PRJ1454,Client Engagement 321,Client-I12,AMER,client_billable,time_and_materials,
PRJ3007,Client Engagement 322,Client-J12,APAC,client_billable,time_and_materials,
PRJ2490,Client Engagement 323,Client-K12,EMEA,client_billable,time_and_materials,
PRJ2356,Client Engagement 324,Client-L12,EMEA,client_billable,time_and_materials,
PRJ1917,Client Engagement 325,Client-M12,AMER,client_billable,time_and_materials,
PRJ2169,Client Engagement 326,Client-N12,EMEA,client_billable,time_and_materials,
PRJ1566,Client Engagement 327,Client-O12,AMER,client_billable,time_and_materials,
PRJ1616,Client Engagement 328,Client-P12,AMER,client_billable,time_and_materials,
PRJ2262,Client Engagement 329,Client-Q12,EMEA,client_billable,time_and_materials,
PRJ1767,Client Engagement 330,Client-R12,AMER,client_billable,time_and_materials,
PRJ1654,Client Engagement 331,Client-S12,AMER,client_billable,fixed_fee,76.3
PRJ2440,Client Engagement 332,Client-T12,EMEA,client_billable,time_and_materials,
PRJ2841,Client Engagement 333,Client-U12,EMEA,client_billable,time_and_materials,
PRJ1203,Client Engagement 334,Client-V12,AMER,client_billable,fixed_fee,184.1
PRJ2078,Client Engagement 335,Client-W12,EMEA,client_billable,time_and_materials,
PRJ2205,Client Engagement 336,Client-X12,EMEA,client_billable,fixed_fee,368.2
PRJ1065,Client Engagement 337,Client-Y12,AMER,client_billable,time_and_materials,
PRJ2292,Client Engagement 338,Client-Z12,EMEA,client_billable,time_and_materials,
PRJ2491,Client Engagement 339,Client-A13,EMEA,client_billable,time_and_materials,
PRJ1601,Client Engagement 340,Client-B13,AMER,client_billable,time_and_materials,
PRJ3373,Client Engagement 341,Client-C13,APAC,client_billable,fixed_fee,195.6
PRJ3840,Client Engagement 342,Client-D13,APAC,client_billable,fixed_fee,94.0
PRJ2324,Client Engagement 343,Client-E13,EMEA,client_billable,time_and_materials,
PRJ2636,Client Engagement 344,Client-F13,EMEA,client_billable,time_and_materials,
PRJ1430,Client Engagement 345,Client-G13,AMER,client_billable,time_and_materials,
PRJ2323,Client Engagement 346,Client-H13,EMEA,client_billable,time_and_materials,
PRJ1008,Client Engagement 347,Client-I13,AMER,client_billable,fixed_fee,111.4
PRJ3068,Client Engagement 348,Client-J13,APAC,client_billable,time_and_materials,
PRJ2047,Client Engagement 349,Client-K13,EMEA,client_billable,time_and_materials,
PRJ2237,Client Engagement 350,Client-L13,EMEA,client_billable,time_and_materials,
PRJ3199,Client Engagement 351,Client-M13,APAC,client_billable,time_and_materials,
PRJ1562,Client Engagement 352,Client-N13,AMER,client_billable,time_and_materials,
PRJ2885,Client Engagement 353,Client-O13,EMEA,client_billable,time_and_materials,
PRJ1219,Client Engagement 354,Client-P13,AMER,client_billable,fixed_fee,68.1
PRJ1151,Client Engagement 355,Client-Q13,AMER,client_billable,time_and_materials,
PRJ1421,Client Engagement 356,Client-R13,AMER,client_billable,fixed_fee,166.7
PRJ3246,Client Engagement 357,Client-S13,APAC,client_billable,time_and_materials,
PRJ1810,Client Engagement 358,Client-T13,AMER,client_billable,time_and_materials,
PRJ1831,Client Engagement 359,Client-U13,AMER,client_billable,time_and_materials,
PRJ3807,Client Engagement 360,Client-V13,APAC,client_billable,time_and_materials,
PRJ1489,Client Engagement 361,Client-W13,AMER,client_billable,time_and_materials,
PRJ1559,Client Engagement 362,Client-X13,AMER,client_billable,time_and_materials,
PRJ3549,Client Engagement 363,Client-Y13,APAC,client_billable,fixed_fee,434.9
PRJ2704,Client Engagement 364,Client-Z13,EMEA,client_billable,time_and_materials,
PRJ2550,Client Engagement 365,Client-A14,EMEA,client_billable,time_and_materials,
PRJ1725,Client Engagement 366,Client-B14,AMER,client_billable,fixed_fee,138.4
PRJ1162,Client Engagement 367,Client-C14,AMER,client_billable,time_and_materials,
PRJ1211,Client Engagement 368,Client-D14,AMER,client_billable,time_and_materials,
PRJ2922,Client Engagement 369,Client-E14,EMEA,client_billable,time_and_materials,
PRJ2042,Client Engagement 370,Client-F14,EMEA,client_billable,time_and_materials,
PRJ1358,Client Engagement 371,Client-G14,AMER,client_billable,time_and_materials,
PRJ2378,Client Engagement 372,Client-H14,EMEA,client_billable,time_and_materials,
PRJ1295,Client Engagement 373,Client-I14,AMER,client_billable,time_and_materials,
PRJ2943,Client Engagement 374,Client-J14,EMEA,client_billable,fixed_fee,433.8
PRJ3506,Client Engagement 375,Client-K14,APAC,client_billable,time_and_materials,
PRJ1488,Client Engagement 376,Client-L14,AMER,client_billable,fixed_fee,336.8
PRJ1106,Client Engagement 377,Client-M14,AMER,client_billable,time_and_materials,
PRJ2842,Client Engagement 378,Client-N14,EMEA,client_billable,time_and_materials,
PRJ2175,Client Engagement 379,Client-O14,EMEA,client_billable,time_and_materials,
PRJ1360,Client Engagement 380,Client-P14,AMER,client_billable,time_and_materials,
PRJ3052,Client Engagement 381,Client-Q14,APAC,client_billable,time_and_materials,
PRJ1518,Client Engagement 382,Client-R14,AMER,client_billable,time_and_materials,
PRJ1784,Client Engagement 383,Client-S14,AMER,client_billable,time_and_materials,
PRJ3831,Client Engagement 384,Client-T14,APAC,client_billable,time_and_materials,
PRJ1291,Client Engagement 385,Client-U14,AMER,client_billable,time_and_materials,
PRJ2836,Client Engagement 386,Client-V14,EMEA,client_billable,time_and_materials,
PRJ1118,Client Engagement 387,Client-W14,AMER,client_billable,time_and_materials,
PRJ2995,Client Engagement 388,Client-X14,EMEA,client_billable,time_and_materials,
PRJ2901,Client Engagement 389,Client-Y14,EMEA,client_billable,time_and_materials,
PRJ3644,Client Engagement 390,Client-Z14,APAC,client_billable,fixed_fee,414.2
PRJ3232,Client Engagement 391,Client-A15,APAC,client_billable,time_and_materials,
PRJ1564,Client Engagement 392,Client-B15,AMER,client_billable,time_and_materials,
PRJ1878,Client Engagement 393,Client-C15,AMER,client_billable,time_and_materials,
PRJ3615,Client Engagement 394,Client-D15,APAC,client_billable,time_and_materials,
PRJ2859,Client Engagement 395,Client-E15,EMEA,client_billable,time_and_materials,
PRJ1165,Client Engagement 396,Client-F15,AMER,client_billable,time_and_materials,
PRJ2687,Client Engagement 397,Client-G15,EMEA,client_billable,time_and_materials,
PRJ1837,Client Engagement 398,Client-H15,AMER,client_billable,time_and_materials,
PRJ2751,Client Engagement 399,Client-I15,EMEA,client_billable,time_and_materials,
PRJ3084,Client Engagement 400,Client-J15,APAC,client_billable,time_and_materials,
PRJ3117,Client Engagement 401,Client-K15,APAC,client_billable,time_and_materials,
PRJ2813,Client Engagement 402,Client-L15,EMEA,client_billable,time_and_materials,
PRJ1408,Client Engagement 403,Client-M15,AMER,client_billable,time_and_materials,
PRJ2507,Client Engagement 404,Client-N15,EMEA,client_billable,time_and_materials,
PRJ1107,Client Engagement 405,Client-O15,AMER,client_billable,time_and_materials,
PRJ2432,Client Engagement 406,Client-P15,EMEA,client_billable,time_and_materials,
PRJ2584,Client Engagement 407,Client-Q15,EMEA,client_billable,time_and_materials,
PRJ1042,Client Engagement 408,Client-R15,AMER,client_billable,time_and_materials,
PRJ1781,Client Engagement 409,Client-S15,AMER,client_billable,time_and_materials,
PRJ3917,Client Engagement 410,Client-T15,APAC,client_billable,time_and_materials,
PRJ1931,Client Engagement 411,Client-U15,AMER,client_billable,time_and_materials,
PRJ1176,Client Engagement 412,Client-V15,AMER,client_billable,time_and_materials,
PRJ2360,Client Engagement 413,Client-W15,EMEA,client_billable,time_and_materials,
PRJ2875,Client Engagement 414,Client-X15,EMEA,client_billable,time_and_materials,
PRJ1235,Client Engagement 415,Client-Y15,AMER,client_billable,fixed_fee,161.5
PRJ1040,Client Engagement 416,Client-Z15,AMER,client_billable,time_and_materials,
PRJ3622,Client Engagement 417,Client-A16,APAC,client_billable,time_and_materials,
PRJ2561,Client Engagement 418,Client-B16,EMEA,client_billable,time_and_materials,
PRJ3319,Client Engagement 419,Client-C16,APAC,client_billable,time_and_materials,
PRJ1323,Client Engagement 420,Client-D16,AMER,client_billable,time_and_materials,
PRJ3835,Client Engagement 421,Client-E16,APAC,client_billable,time_and_materials,
PRJ2895,Client Engagement 422,Client-F16,EMEA,client_billable,time_and_materials,
PRJ1051,Client Engagement 423,Client-G16,AMER,client_billable,time_and_materials,
PRJ1659,Client Engagement 424,Client-H16,AMER,client_billable,time_and_materials,
PRJ2651,Client Engagement 425,Client-I16,EMEA,client_billable,time_and_materials,
PRJ1355,Client Engagement 426,Client-J16,AMER,client_billable,time_and_materials,
PRJ1004,Client Engagement 427,Client-K16,AMER,client_billable,time_and_materials,
PRJ2309,Client Engagement 428,Client-L16,EMEA,client_billable,time_and_materials,
PRJ1456,Client Engagement 429,Client-M16,AMER,client_billable,time_and_materials,
PRJ3486,Client Engagement 430,Client-N16,APAC,client_billable,time_and_materials,
PRJ1940,Client Engagement 431,Client-O16,AMER,client_billable,time_and_materials,
PRJ1309,Client Engagement 432,Client-P16,AMER,client_billable,fixed_fee,315.1
PRJ1734,Client Engagement 433,Client-Q16,AMER,client_billable,time_and_materials,
PRJ2250,Client Engagement 434,Client-R16,EMEA,client_billable,time_and_materials,
PRJ1125,Client Engagement 435,Client-S16,AMER,client_billable,time_and_materials,
PRJ2839,Client Engagement 436,Client-T16,EMEA,client_billable,time_and_materials,
PRJ3626,Client Engagement 437,Client-U16,APAC,client_billable,time_and_materials,
PRJ1744,Client Engagement 438,Client-V16,AMER,client_billable,time_and_materials,
PRJ1175,Client Engagement 439,Client-W16,AMER,client_billable,time_and_materials,
PRJ1604,Client Engagement 440,Client-X16,AMER,client_billable,time_and_materials,
PRJ2005,Client Engagement 441,Client-Y16,EMEA,client_billable,time_and_materials,
PRJ2446,Client Engagement 442,Client-Z16,EMEA,client_billable,fixed_fee,295.5
PRJ1658,Client Engagement 443,Client-A17,AMER,client_billable,time_and_materials,
PRJ1342,Client Engagement 444,Client-B17,AMER,client_billable,fixed_fee,71.1
PRJ3055,Client Engagement 445,Client-C17,APAC,client_billable,time_and_materials,
PRJ1729,Client Engagement 446,Client-D17,AMER,client_billable,time_and_materials,
PRJ3531,Client Engagement 447,Client-E17,APAC,client_billable,time_and_materials,
PRJ2745,Client Engagement 448,Client-F17,EMEA,client_billable,time_and_materials,
PRJ2609,Client Engagement 449,Client-G17,EMEA,client_billable,time_and_materials,
PRJ1166,Client Engagement 450,Client-H17,AMER,client_billable,time_and_materials,
PRJ3672,Internal Operations 01,Internal,APAC,internal,time_and_materials,
PRJ1444,Internal Operations 02,Internal,AMER,internal,time_and_materials,
PRJ0035,Internal Operations 03,Internal,EMEA,internal,time_and_materials,
PRJ1173,Internal Operations 04,Internal,AMER,internal,time_and_materials,
PRJ0050,Internal Operations 05,Internal,AMER,internal,time_and_materials,
PRJ0003,Internal Operations 06,Internal,APAC,internal,time_and_materials,
PRJ1870,Internal Operations 07,Internal,AMER,internal,time_and_materials,
PRJ3405,Internal Operations 08,Internal,APAC,internal,time_and_materials,
PRJ1609,Internal Operations 09,Internal,AMER,internal,time_and_materials,
PRJ0002,Internal Operations 10,Internal,AMER,internal,time_and_materials,
PRJ1874,Internal Operations 11,Internal,AMER,internal,time_and_materials,
PRJ1099,Internal Operations 12,Internal,AMER,internal,time_and_materials,
PRJ0004,Internal Operations 13,Internal,AMER,internal,time_and_materials,
PRJ0001,Internal Operations 14,Internal,AMER,internal,time_and_materials,
PRJ3206,Internal Operations 15,Internal,APAC,internal,time_and_materials,
PRJ1595,Internal Operations 16,Internal,AMER,internal,time_and_materials,
PRJ0032,Internal Operations 17,Internal,AMER,internal,time_and_materials,
PRJ1274,Internal Operations 18,Internal,AMER,internal,time_and_materials,
PRJ0010,Internal Operations 19,Internal,AMER,internal,time_and_materials,
PRJ1862,Internal Operations 20,Internal,AMER,internal,time_and_materials,
PRJ0033,Internal Operations 21,Internal,EMEA,internal,time_and_materials,
PRJ1093,Internal Operations 22,Internal,AMER,internal,time_and_materials,
PRJ0026,Internal Operations 23,Internal,AMER,internal,time_and_materials,
PRJ3588,Internal Operations 24,Internal,APAC,internal,time_and_materials,
PRJ2876,Internal Operations 25,Internal,EMEA,internal,time_and_materials,
PRJ0049,Internal Operations 26,Internal,AMER,internal,time_and_materials,
PRJ0032,Internal Operations 27,Internal,EMEA,internal,time_and_materials,
PRJ3257,Internal Operations 28,Internal,APAC,internal,time_and_materials,
PRJ1050,Internal Operations 29,Internal,AMER,internal,time_and_materials,
PRJ3474,Internal Operations 30,Internal,APAC,internal,time_and_materials,
PRJ3957,Internal Operations 31,Internal,APAC,internal,time_and_materials,
PRJ3985,Internal Operations 32,Internal,APAC,internal,time_and_materials,
PRJ2757,Internal Operations 33,Internal,EMEA,internal,time_and_materials,
PRJ1761,Internal Operations 34,Internal,AMER,internal,time_and_materials,
PRJ1958,Internal Operations 35,Internal,AMER,internal,time_and_materials,
PRJ0039,Internal Operations 36,Internal,AMER,internal,time_and_materials,
PRJ2113,Internal Operations 37,Internal,EMEA,internal,time_and_materials,
PRJ1740,Internal Operations 38,Internal,AMER,internal,time_and_materials,
PRJ1333,Internal Operations 39,Internal,AMER,internal,time_and_materials,
PRJ2989,Internal Operations 40,Internal,EMEA,internal,time_and_materials,
PRJ0030,Internal Operations 41,Internal,APAC,internal,time_and_materials,
PRJ0037,Internal Operations 42,Internal,AMER,internal,time_and_materials,
PRJ2555,Internal Operations 43,Internal,EMEA,internal,time_and_materials,
PRJ0019,Internal Operations 44,Internal,AMER,internal,time_and_materials,
PRJ0033,Internal Operations 45,Internal,APAC,internal,time_and_materials,
PRJ0020,Internal Operations 46,Internal,AMER,internal,time_and_materials,
PRJ0023,Internal Operations 47,Internal,AMER,internal,time_and_materials,
PRJ0007,Internal Operations 48,Internal,EMEA,internal,time_and_materials,
PRJ1397,Internal Operations 49,Internal,AMER,internal,time_and_materials,
PRJ0027,Internal Operations 50,Internal,AMER,internal,time_and_materials,
PRJ2087,Internal Operations 51,Internal,EMEA,internal,time_and_materials,
PRJ0029,Internal Operations 52,Internal,AMER,internal,time_and_materials,
PRJ2147,Internal Operations 53,Internal,EMEA,internal,time_and_materials,
PRJ0031,Internal Operations 54,Internal,AMER,internal,time_and_materials,
PRJ0040,Internal Operations 55,Internal,EMEA,internal,time_and_materials,
PRJ1281,Internal Operations 56,Internal,AMER,internal,time_and_materials,
PRJ2776,Internal Operations 57,Internal,EMEA,internal,time_and_materials,
PRJ0045,Internal Operations 58,Internal,APAC,internal,time_and_materials,
PRJ1340,Internal Operations 59,Internal,AMER,internal,time_and_materials,
PRJ0018,Internal Operations 60,Internal,EMEA,internal,time_and_materials,
PRJ2070,Internal Operations 61,Internal,EMEA,internal,time_and_materials,
PRJ0023,Internal Operations 62,Internal,EMEA,internal,time_and_materials,
PRJ2914,Internal Operations 63,Internal,EMEA,internal,time_and_materials,
PRJ2296,Internal Operations 64,Internal,EMEA,internal,time_and_materials,
PRJ2929,Internal Operations 65,Internal,EMEA,internal,time_and_materials,
PRJ1416,Internal Operations 66,Internal,AMER,internal,time_and_materials,
PRJ0034,Internal Operations 67,Internal,AMER,internal,time_and_materials,
PRJ3428,Internal Operations 68,Internal,APAC,internal,time_and_materials,
PRJ1952,Internal Operations 69,Internal,AMER,internal,time_and_materials,
PRJ0029,Internal Operations 70,Internal,APAC,internal,time_and_materials,
PRJ0008,Internal Operations 71,Internal,APAC,internal,time_and_materials,
PRJ2522,Internal Operations 72,Internal,EMEA,internal,time_and_materials,
PRJ1682,Internal Operations 73,Internal,AMER,internal,time_and_materials,
PRJ1202,Internal Operations 74,Internal,AMER,internal,time_and_materials,
PRJ2220,Internal Operations 75,Internal,EMEA,internal,time_and_materials,
PRJ0005,Internal Operations 76,Internal,AMER,internal,time_and_materials,
PRJ0041,Internal Operations 77,Internal,AMER,internal,time_and_materials,
PRJ2213,Internal Operations 78,Internal,EMEA,internal,time_and_materials,
PRJ1006,Internal Operations 79,Internal,AMER,internal,time_and_materials,
PRJ1464,Internal Operations 80,Internal,AMER,internal,time_and_materials,
PRJ0017,Internal Operations 81,Internal,AMER,internal,time_and_materials,
PRJ1688,Internal Operations 82,Internal,AMER,internal,time_and_materials,
PRJ1737,Internal Operations 83,Internal,AMER,internal,time_and_materials,
PRJ2355,Internal Operations 84,Internal,EMEA,internal,time_and_materials,
PRJ0025,Internal Operations 85,Internal,AMER,internal,time_and_materials,
PRJ1594,Internal Operations 86,Internal,AMER,internal,time_and_materials,
PRJ2189,Internal Operations 87,Internal,EMEA,internal,time_and_materials,
PRJ1457,Internal Operations 88,Internal,AMER,internal,time_and_materials,
PRJ1148,Internal Operations 89,Internal,AMER,internal,time_and_materials,
PRJ2029,Internal Operations 90,Internal,EMEA,internal,time_and_materials,
PRJ3951,Internal Operations 91,Internal,APAC,internal,time_and_materials,
PRJ3147,Internal Operations 92,Internal,APAC,internal,time_and_materials,
PRJ1602,Internal Operations 93,Internal,AMER,internal,time_and_materials,
PRJ2368,Internal Operations 94,Internal,EMEA,internal,time_and_materials,
PRJ1732,Internal Operations 95,Internal,AMER,internal,time_and_materials,
PRJ1156,Internal Operations 96,Internal,AMER,internal,time_and_materials,
PRJ1160,Internal Operations 97,Internal,AMER,internal,time_and_materials,
PRJ2819,Internal Operations 98,Internal,EMEA,internal,time_and_materials,
PRJ1403,Internal Operations 99,Internal,AMER,internal,time_and_materials,
PRJ2353,Internal Operations 100,Internal,EMEA,internal,time_and_materials,
PRJ1514,Internal Operations 101,Internal,AMER,internal,time_and_materials,
PRJ1748,Internal Operations 102,Internal,AMER,internal,time_and_materials,
PRJ0001,Internal Operations 103,Internal,EMEA,internal,time_and_materials,
PRJ0035,Internal Operations 104,Internal,AMER,internal,time_and_materials,
PRJ0003,Internal Operations 105,Internal,EMEA,internal,time_and_materials,
PRJ0008,Practice Development 01,Internal,EMEA,practice_development,time_and_materials,
PRJ3142,Practice Development 02,Internal,APAC,practice_development,time_and_materials,
PRJ0020,Practice Development 03,Internal,EMEA,practice_development,time_and_materials,
PRJ1633,Practice Development 04,Internal,AMER,practice_development,time_and_materials,
PRJ1057,Practice Development 05,Internal,AMER,practice_development,time_and_materials,
PRJ1129,Practice Development 06,Internal,AMER,practice_development,time_and_materials,
PRJ2760,Practice Development 07,Internal,EMEA,practice_development,time_and_materials,
PRJ1026,Practice Development 08,Internal,AMER,practice_development,time_and_materials,
PRJ1261,Practice Development 09,Internal,AMER,practice_development,time_and_materials,
PRJ0047,Practice Development 10,Internal,APAC,practice_development,time_and_materials,
PRJ1501,Practice Development 11,Internal,AMER,practice_development,time_and_materials,
PRJ0017,Practice Development 12,Internal,EMEA,practice_development,time_and_materials,
PRJ1251,Practice Development 13,Internal,AMER,practice_development,time_and_materials,
PRJ0012,Practice Development 14,Internal,APAC,practice_development,time_and_materials,
PRJ0003,Practice Development 15,Internal,AMER,practice_development,time_and_materials,
PRJ0026,Practice Development 16,Internal,EMEA,practice_development,time_and_materials,
PRJ3627,Practice Development 17,Internal,APAC,practice_development,time_and_materials,
PRJ1872,Practice Development 18,Internal,AMER,practice_development,time_and_materials,
PRJ0043,Practice Development 19,Internal,EMEA,practice_development,time_and_materials,
PRJ2732,Practice Development 20,Internal,EMEA,practice_development,time_and_materials,
PRJ1328,Practice Development 21,Internal,AMER,practice_development,time_and_materials,
PRJ0021,Practice Development 22,Internal,AMER,practice_development,time_and_materials,
PRJ2146,Practice Development 23,Internal,EMEA,practice_development,time_and_materials,
PRJ1452,Practice Development 24,Internal,AMER,practice_development,time_and_materials,
PRJ1307,Practice Development 25,Internal,AMER,practice_development,time_and_materials,
PRJ1884,Practice Development 26,Internal,AMER,practice_development,time_and_materials,
PRJ1811,Practice Development 27,Internal,AMER,practice_development,time_and_materials,
PRJ0022,Practice Development 28,Internal,EMEA,practice_development,time_and_materials,
PRJ0045,Practice Development 29,Internal,EMEA,practice_development,time_and_materials,
PRJ2744,Practice Development 30,Internal,EMEA,practice_development,time_and_materials,
PRJ3002,Practice Development 31,Internal,APAC,practice_development,time_and_materials,
PRJ2551,Practice Development 32,Internal,EMEA,practice_development,time_and_materials,
PRJ1710,Practice Development 33,Internal,AMER,practice_development,time_and_materials,
PRJ2622,Practice Development 34,Internal,EMEA,practice_development,time_and_materials,
PRJ0015,Practice Development 35,Internal,AMER,practice_development,time_and_materials,
PRJ1351,Practice Development 36,Internal,AMER,practice_development,time_and_materials,
PRJ0027,Practice Development 37,Internal,APAC,practice_development,time_and_materials,
PRJ0016,Practice Development 38,Internal,EMEA,practice_development,time_and_materials,
PRJ3629,Practice Development 39,Internal,APAC,practice_development,time_and_materials,
PRJ1102,Practice Development 40,Internal,AMER,practice_development,time_and_materials,
PRJ1157,Practice Development 41,Internal,AMER,practice_development,time_and_materials,
PRJ1063,Practice Development 42,Internal,AMER,practice_development,time_and_materials,
PRJ1149,Practice Development 43,Internal,AMER,practice_development,time_and_materials,
PRJ0001,Practice Development 44,Internal,APAC,practice_development,time_and_materials,
PRJ3129,Practice Development 45,Internal,APAC,practice_development,time_and_materials,
PRJ3469,Practice Development 46,Internal,APAC,practice_development,time_and_materials,
PRJ0040,Practice Development 47,Internal,AMER,practice_development,time_and_materials,
PRJ2449,Practice Development 48,Internal,EMEA,practice_development,time_and_materials,
PRJ0049,Practice Development 49,Internal,EMEA,practice_development,time_and_materials,
PRJ2427,Practice Development 50,Internal,EMEA,practice_development,time_and_materials,
PRJ2575,Practice Development 51,Internal,EMEA,practice_development,time_and_materials,
PRJ2010,Practice Development 52,Internal,EMEA,practice_development,time_and_materials,
PRJ3181,Practice Development 53,Internal,APAC,practice_development,time_and_materials,
PRJ2068,Practice Development 54,Internal,EMEA,practice_development,time_and_materials,
PRJ3533,Practice Development 55,Internal,APAC,practice_development,time_and_materials,
PRJ0029,Practice Development 56,Internal,EMEA,practice_development,time_and_materials,
PRJ2295,Practice Development 57,Internal,EMEA,practice_development,time_and_materials,
PRJ1785,Practice Development 58,Internal,AMER,practice_development,time_and_materials,
PRJ2872,Practice Development 59,Internal,EMEA,practice_development,time_and_materials,
PRJ1227,Practice Development 60,Internal,AMER,practice_development,time_and_materials,
PRJ0034,Practice Development 61,Internal,EMEA,practice_development,time_and_materials,
PRJ1443,Practice Development 62,Internal,AMER,practice_development,time_and_materials,
PRJ0046,Practice Development 63,Internal,EMEA,practice_development,time_and_materials,
PRJ2608,Practice Development 64,Internal,EMEA,practice_development,time_and_materials,
PRJ0012,Practice Development 65,Internal,AMER,practice_development,time_and_materials,
PRJ1858,Practice Development 66,Internal,AMER,practice_development,time_and_materials,
PRJ0006,Practice Development 67,Internal,EMEA,practice_development,time_and_materials,
PRJ0011,Practice Development 68,Internal,EMEA,practice_development,time_and_materials,
PRJ1563,Practice Development 69,Internal,AMER,practice_development,time_and_materials,
PRJ2268,Practice Development 70,Internal,EMEA,practice_development,time_and_materials,
PRJ1623,Practice Development 71,Internal,AMER,practice_development,time_and_materials,
PRJ1183,Practice Development 72,Internal,AMER,practice_development,time_and_materials,
PRJ3734,Practice Development 73,Internal,APAC,practice_development,time_and_materials,
PRJ0033,Practice Development 74,Internal,AMER,practice_development,time_and_materials,
PRJ1795,Practice Development 75,Internal,AMER,practice_development,time_and_materials,
PRJ1800,Practice Development 76,Internal,AMER,practice_development,time_and_materials,
PRJ0014,Practice Development 77,Internal,AMER,practice_development,time_and_materials,
PRJ0030,Practice Development 78,Internal,AMER,practice_development,time_and_materials,
PRJ0031,Practice Development 79,Internal,EMEA,practice_development,time_and_materials,
PRJ2892,Practice Development 80,Internal,EMEA,practice_development,time_and_materials,
PRJ2362,Practice Development 81,Internal,EMEA,practice_development,time_and_materials,
PRJ2624,Practice Development 82,Internal,EMEA,practice_development,time_and_materials,
PRJ1904,Practice Development 83,Internal,AMER,practice_development,time_and_materials,
PRJ2868,Practice Development 84,Internal,EMEA,practice_development,time_and_materials,
PRJ0043,Practice Development 85,Internal,AMER,practice_development,time_and_materials,
PRJ0036,Practice Development 86,Internal,AMER,practice_development,time_and_materials,
PRJ0048,Practice Development 87,Internal,AMER,practice_development,time_and_materials,
PRJ3770,Practice Development 88,Internal,APAC,practice_development,time_and_materials,
PRJ1543,Practice Development 89,Internal,AMER,practice_development,time_and_materials,
PRJ0044,Practice Development 90,Internal,EMEA,practice_development,time_and_materials,
