resource_id,role,region,employment_type,weekly_capacity_hours
R0001,Manager,AMER,Contractor,40.0
R0002,Senior Consultant,AMER,Contractor,40.0
R0003,Manager,EMEA,FTE,40.0
R0004,Consultant,AMER,Contractor,40.0
R0005,Senior Consultant,APAC,FTE,40.0
R0006,Consultant,EMEA,FTE,40.0
R0007,Manager,EMEA,FTE,40.0
R0008,Consultant,APAC,Contractor,40.0
R0009,Manager,AMER,FTE,40.0
R0010,Analyst,AMER,FTE,40.0
R0011,Senior Consultant,APAC,FTE,40.0
R0012,Consultant,EMEA,FTE,40.0
R0013,Analyst,EMEA,FTE,40.0
R0014,Senior Consultant,AMER,FTE,40.0
R0015,Senior Consultant,AMER,FTE,40.0
R0016,Manager,AMER,FTE,40.0
R0017,Senior Consultant,AMER,FTE,40.0
R0018,Analyst,EMEA,FTE,40.0
R0019,Senior Consultant,EMEA,FTE,40.0
R0020,Senior Consultant,AMER,FTE,40.0
R0021,Senior Consultant,EMEA,FTE,40.0
R0022,Manager,EMEA,FTE,40.0
R0023,Senior Consultant,AMER,FTE,40.0
R0024,Consultant,AMER,FTE,40.0
R0025,Manager,AMER,FTE,40.0
R0026,Consultant,AMER,FTE,40.0
R0027,Senior Consultant,EMEA,FTE,40.0
R0028,Consultant,APAC,FTE,40.0
R0029,Analyst,AMER,FTE,40.0
R0030,Consultant,AMER,FTE,40.0
R0031,Analyst,EMEA,FTE,40.0
R0032,Consultant,AMER,FTE,40.0
R0033,Consultant,AMER,FTE,40.0
R0034,Architect,APAC,FTE,40.0
R0035,Consultant,APAC,FTE,40.0
R0036,Senior Consultant,AMER,FTE,40.0
R0037,Analyst,APAC,FTE,40.0
R0038,Consultant,AMER,FTE,40.0
R0039,Analyst,APAC,FTE,40.0
R0040,Senior Consultant,AMER,FTE,40.0
R0041,Senior Consultant,EMEA,FTE,40.0
R0042,Consultant,AMER,FTE,40.0
R0043,Consultant,AMER,FTE,40.0
R0044,Senior Consultant,AMER,Contractor,40.0
R0045,Senior Consultant,AMER,FTE,40.0
R0046,Analyst,APAC,FTE,40.0
R0047,Manager,AMER,FTE,40.0
R0048,Consultant,APAC,FTE,40.0
R0049,Consultant,AMER,FTE,40.0
R0050,Senior Consultant,AMER,FTE,40.0
R0051,Manager,APAC,FTE,40.0
R0052,Senior Consultant,AMER,FTE,40.0
R0053,Consultant,EMEA,FTE,40.0
R0054,Manager,AMER,Contractor,40.0
R0055,Consultant,AMER,FTE,40.0
R0056,Consultant,APAC,FTE,40.0
R0057,Consultant,APAC,FTE,40.0
R0058,Senior Consultant,AMER,Contractor,40.0
R0059,Analyst,AMER,FTE,40.0
R0060,Architect,APAC,FTE,40.0
R0061,Manager,APAC,FTE,40.0
R0062,Consultant,EMEA,FTE,40.0
R0063,Consultant,AMER,FTE,40.0
R0064,Consultant,APAC,FTE,40.0
R0065,Analyst,APAC,FTE,40.0
R0066,Analyst,EMEA,Contractor,40.0
R0067,Analyst,AMER,FTE,40.0
R0068,Architect,EMEA,FTE,40.0
R0069,Analyst,AMER,FTE,40.0
R0070,Senior Consultant,AMER,FTE,40.0
R0071,Senior Consultant,EMEA,FTE,40.0
R0072,Manager,EMEA,FTE,40.0
R0073,Analyst,AMER,Contractor,40.0
R0074,Consultant,AMER,FTE,40.0
R0075,Senior Consultant,APAC,FTE,40.0
R0076,Architect,AMER,FTE,40.0
R0077,Senior Consultant,AMER,FTE,40.0
R0078,Consultant,APAC,FTE,40.0
R0079,Architect,APAC,FTE,40.0
R0080,Manager,AMER,FTE,40.0
R0081,Manager,EMEA,FTE,40.0
R0082,Senior Consultant,EMEA,Contractor,40.0
R0083,Senior Consultant,AMER,FTE,40.0
R0084,Consultant,EMEA,Contractor,40.0
R0085,Consultant,AMER,FTE,40.0
R0086,Senior Consultant,APAC,FTE,40.0
R0087,Analyst,EMEA,FTE,40.0
R0088,Manager,AMER,FTE,40.0
R0089,Architect,AMER,FTE,40.0
R0090,Analyst,AMER,FTE,40.0
R0091,Analyst,AMER,FTE,40.0
R0092,Senior Consultant,EMEA,FTE,40.0
R0093,Consultant,EMEA,Contractor,40.0
R0094,Manager,AMER,FTE,40.0
R0095,Consultant,AMER,FTE,40.0
R0096,Consultant,AMER,FTE,40.0
R0097,Senior Consultant,AMER,FTE,40.0
R0098,Analyst,APAC,FTE,40.0
R0099,Manager,APAC,Contractor,40.0
R0100,Manager,EMEA,FTE,40.0
R0101,Manager,AMER,FTE,40.0
R0102,Senior Consultant,APAC,FTE,40.0
R0103,Consultant,EMEA,FTE,40.0
R0104,Analyst,EMEA,FTE,40.0
R0105,Consultant,AMER,FTE,40.0
R0106,Consultant,AMER,FTE,40.0
R0107,Consultant,APAC,Contractor,40.0
R0108,Consultant,AMER,FTE,40.0
R0109,Manager,EMEA,FTE,40.0
R0110,Senior Consultant,EMEA,FTE,40.0
R0111,Senior Consultant,AMER,FTE,40.0
R0112,Manager,AMER,FTE,40.0
R0113,Analyst,EMEA,FTE,40.0
R0114,Architect,AMER,Contractor,40.0
R0115,Manager,EMEA,FTE,40.0
R0116,Manager,APAC,FTE,40.0
R0117,Senior Consultant,AMER,FTE,40.0
R0118,Analyst,EMEA,FTE,40.0
R0119,Consultant,EMEA,FTE,40.0
R0120,Manager,EMEA,FTE,40.0
R0121,Architect,AMER,FTE,40.0
R0122,Analyst,EMEA,FTE,40.0
R0123,Manager,EMEA,FTE,40.0
R0124,Manager,EMEA,FTE,40.0
R0125,Consultant,AMER,FTE,40.0
R0126,Analyst,APAC,FTE,40.0
R0127,Consultant,EMEA,FTE,40.0
R0128,Architect,EMEA,FTE,40.0
R0129,Consultant,APAC,FTE,40.0
R0130,Architect,AMER,Contractor,40.0
R0131,Senior Consultant,AMER,FTE,40.0
R0132,Senior Consultant,AMER,FTE,40.0
R0133,Manager,AMER,FTE,40.0
R0134,Consultant,AMER,Contractor,40.0
R0135,Manager,AMER,Contractor,40.0
R0136,Manager,AMER,FTE,40.0
R0137,Analyst,APAC,FTE,40.0
R0138,Senior Consultant,AMER,Contractor,40.0
R0139,Analyst,AMER,FTE,40.0
R0140,Manager,AMER,Contractor,40.0
R0141,Senior Consultant,AMER,FTE,40.0
R0142,Analyst,EMEA,FTE,40.0
R0143,Consultant,APAC,FTE,40.0
R0144,Manager,APAC,FTE,40.0
R0145,Senior Consultant,APAC,FTE,40.0
R0146,Consultant,AMER,FTE,40.0
R0147,Senior Consultant,EMEA,Contractor,40.0
R0148,Analyst,EMEA,FTE,40.0
R0149,Consultant,EMEA,Contractor,40.0
R0150,Senior Consultant,AMER,FTE,40.0
R0151,Analyst,APAC,FTE,40.0
R0152,Analyst,AMER,FTE,40.0
R0153,Architect,EMEA,FTE,40.0
R0154,Senior Consultant,EMEA,FTE,40.0
R0155,Architect,AMER,FTE,40.0
R0156,Senior Consultant,EMEA,Contractor,40.0
R0157,Analyst,EMEA,FTE,40.0
R0158,Consultant,AMER,FTE,40.0
R0159,Consultant,AMER,FTE,40.0
R0160,Senior Consultant,EMEA,FTE,40.0
R0161,Consultant,AMER,FTE,40.0
R0162,Consultant,AMER,FTE,40.0
R0163,Consultant,AMER,FTE,40.0
R0164,Senior Consultant,EMEA,FTE,40.0
R0165,Senior Consultant,AMER,FTE,40.0
R0166,Senior Consultant,AMER,FTE,40.0
R0167,Consultant,EMEA,FTE,40.0
R0168,Manager,APAC,FTE,40.0
R0169,Senior Consultant,EMEA,FTE,40.0
R0170,Manager,EMEA,FTE,40.0
R0171,Analyst,APAC,FTE,40.0
R0172,Consultant,AMER,FTE,40.0
R0173,Consultant,EMEA,FTE,40.0
R0174,Manager,APAC,FTE,40.0
R0175,Analyst,EMEA,FTE,40.0
R0176,Consultant,APAC,Contractor,40.0
R0177,Manager,AMER,FTE,40.0
R0178,Senior Consultant,AMER,FTE,40.0
R0179,Analyst,AMER,FTE,40.0
R0180,Analyst,AMER,FTE,40.0
R0181,Architect,EMEA,FTE,40.0
R0182,Architect,AMER,FTE,40.0
R0183,Consultant,AMER,FTE,40.0
R0184,Consultant,EMEA,FTE,40.0
R0185,Analyst,APAC,FTE,40.0
R0186,Consultant,AMER,FTE,40.0
R0187,Senior Consultant,EMEA,FTE,40.0
R0188,Consultant,APAC,FTE,40.0
R0189,Senior Consultant,EMEA,FTE,40.0
R0190,Analyst,AMER,FTE,40.0
R0191,Consultant,APAC,FTE,40.0
R0192,Manager,APAC,FTE,40.0
R0193,Architect,EMEA,Contractor,40.0
R0194,Consultant,EMEA,FTE,40.0
R0195,Analyst,AMER,Contractor,40.0
R0196,Senior Consultant,AMER,FTE,40.0
R0197,Analyst,AMER,Contractor,40.0
R0198,Consultant,AMER,FTE,40.0
R0199,Analyst,AMER,FTE,40.0
R0200,Senior Consultant,APAC,FTE,40.0
R0201,Consultant,EMEA,Contractor,40.0
R0202,Senior Consultant,APAC,FTE,40.0
R0203,Manager,AMER,FTE,40.0
R0204,Consultant,EMEA,FTE,40.0
R0205,Architect,APAC,FTE,40.0
R0206,Senior Consultant,EMEA,FTE,40.0
R0207,Analyst,AMER,FTE,40.0
R0208,Consultant,APAC,FTE,40.0
R0209,Architect,AMER,FTE,40.0
R0210,Analyst,EMEA,FTE,40.0
R0211,Architect,APAC,FTE,40.0
R0212,Consultant,AMER,FTE,40.0
R0213,Senior Consultant,EMEA,FTE,40.0
R0214,Manager,EMEA,FTE,40.0
R0215,Analyst,AMER,FTE,40.0
R0216,Manager,AMER,FTE,40.0
R0217,Senior Consultant,AMER,FTE,40.0
R0218,Manager,EMEA,FTE,40.0
R0219,Manager,AMER,Contractor,40.0
R0220,Consultant,EMEA,FTE,40.0
R0221,Consultant,APAC,FTE,40.0
R0222,Analyst,AMER,FTE,40.0
R0223,Manager,APAC,FTE,40.0
R0224,Consultant,AMER,FTE,40.0
R0225,Architect,EMEA,FTE,40.0
R0226,Consultant,APAC,FTE,40.0
R0227,Analyst,AMER,FTE,40.0
R0228,Consultant,AMER,FTE,40.0
R0229,Senior Consultant,AMER,FTE,40.0
R0230,Architect,EMEA,FTE,40.0
R0231,Consultant,APAC,FTE,40.0
R0232,Consultant,APAC,FTE,40.0
R0233,Senior Consultant,EMEA,FTE,40.0
R0234,Consultant,AMER,FTE,40.0
R0235,Analyst,APAC,FTE,40.0
R0236,Senior Consultant,EMEA,FTE,40.0
R0237,Consultant,EMEA,Contractor,40.0
R0238,Senior Consultant,APAC,Contractor,40.0
R0239,Manager,AMER,FTE,40.0
R0240,Analyst,EMEA,Contractor,40.0
R0241,Senior Consultant,AMER,FTE,40.0
R0242,Architect,AMER,FTE,40.0
R0243,Consultant,AMER,FTE,40.0
R0244,Senior Consultant,AMER,FTE,40.0
R0245,Analyst,AMER,FTE,40.0
R0246,Senior Consultant,AMER,FTE,40.0
R0247,Consultant,AMER,FTE,40.0
R0248,Analyst,APAC,FTE,40.0
R0249,Senior Consultant,EMEA,FTE,40.0
R0250,Consultant,EMEA,FTE,40.0
R0251,Consultant,AMER,FTE,40.0
R0252,Consultant,EMEA,FTE,40.0
R0253,Consultant,APAC,FTE,40.0
R0254,Consultant,EMEA,FTE,40.0
R0255,Analyst,AMER,Contractor,40.0
R0256,Analyst,AMER,FTE,40.0
R0257,Analyst,EMEA,FTE,40.0
R0258,Senior Consultant,EMEA,FTE,40.0
R0259,Analyst,APAC,FTE,40.0
R0260,Analyst,EMEA,Contractor,40.0
R0261,Consultant,APAC,FTE,40.0
R0262,Senior Consultant,APAC,FTE,40.0
R0263,Manager,AMER,FTE,40.0
R0264,Senior Consultant,AMER,FTE,40.0
R0265,Consultant,AMER,FTE,40.0
R0266,Consultant,AMER,FTE,40.0
R0267,Senior Consultant,EMEA,FTE,40.0
R0268,Consultant,APAC,FTE,40.0
R0269,Analyst,AMER,FTE,40.0
R0270,Analyst,EMEA,Contractor,40.0
R0271,Analyst,AMER,Contractor,40.0
R0272,Senior Consultant,AMER,Contractor,40.0
R0273,Manager,EMEA,FTE,40.0
R0274,Consultant,AMER,FTE,40.0
R0275,Consultant,EMEA,FTE,40.0
R0276,Analyst,EMEA,FTE,40.0
R0277,Manager,AMER,FTE,40.0
R0278,Senior Consultant,AMER,FTE,40.0
R0279,Senior Consultant,EMEA,FTE,40.0
R0280,Architect,AMER,FTE,40.0
R0281,Analyst,EMEA,FTE,40.0
R0282,Consultant,AMER,Contractor,40.0
R0283,Consultant,EMEA,FTE,40.0
R0284,Architect,AMER,FTE,40.0
R0285,Manager,APAC,FTE,40.0
R0286,Consultant,EMEA,Contractor,40.0
R0287,Consultant,EMEA,FTE,40.0
R0288,Senior Consultant,EMEA,FTE,40.0
R0289,Analyst,APAC,Contractor,40.0
R0290,Manager,AMER,FTE,40.0
R0291,Senior Consultant,AMER,Contractor,40.0
R0292,Consultant,EMEA,Contractor,40.0
R0293,Consultant,AMER,FTE,40.0
R0294,Senior Consultant,AMER,FTE,40.0
R0295,Architect,EMEA,FTE,40.0
R0296,Consultant,AMER,FTE,40.0
R0297,Analyst,EMEA,FTE,40.0
R0298,Architect,AMER,FTE,40.0
R0299,Manager,APAC,FTE,40.0
R0300,Consultant,AMER,FTE,40.0
R0301,Consultant,AMER,FTE,40.0
R0302,Consultant,APAC,FTE,40.0
R0303,Consultant,AMER,FTE,40.0
R0304,Consultant,EMEA,Contractor,40.0
R0305,Architect,APAC,Contractor,40.0
R0306,Architect,AMER,FTE,40.0
R0307,Consultant,EMEA,FTE,40.0
R0308,Manager,EMEA,FTE,40.0
R0309,Analyst,AMER,FTE,40.0
R0310,Manager,EMEA,FTE,40.0
R0311,Consultant,AMER,FTE,40.0
R0312,Manager,EMEA,FTE,40.0
R0313,Architect,AMER,Contractor,40.0
R0314,Analyst,AMER,FTE,40.0
R0315,Analyst,AMER,FTE,40.0
R0316,Consultant,EMEA,Contractor,40.0
R0317,Manager,AMER,FTE,40.0
R0318,Consultant,AMER,FTE,40.0
R0319,Architect,APAC,FTE,40.0
R0320,Senior Consultant,EMEA,FTE,40.0
R0321,Senior Consultant,AMER,FTE,40.0
R0322,Analyst,APAC,FTE,40.0
R0323,Architect,AMER,FTE,40.0
R0324,Consultant,AMER,FTE,40.0
R0325,Analyst,APAC,FTE,40.0
R0326,Senior Consultant,EMEA,FTE,40.0
R0327,Senior Consultant,AMER,Contractor,40.0
R0328,Manager,EMEA,FTE,40.0
R0329,Analyst,APAC,FTE,40.0
R0330,Analyst,AMER,FTE,40.0
R0331,Senior Consultant,EMEA,FTE,40.0
R0332,Consultant,APAC,FTE,40.0
R0333,Senior Consultant,AMER,Contractor,40.0
R0334,Consultant,AMER,FTE,40.0
R0335,Analyst,AMER,FTE,40.0
R0336,Consultant,APAC,FTE,40.0
R0337,Senior Consultant,EMEA,FTE,40.0
R0338,Senior Consultant,EMEA,Contractor,40.0
R0339,Consultant,AMER,FTE,40.0
R0340,Manager,AMER,FTE,40.0
R0341,Manager,EMEA,Contractor,40.0
R0342,Senior Consultant,EMEA,FTE,40.0
R0343,Architect,AMER,FTE,40.0
R0344,Consultant,EMEA,FTE,40.0
R0345,Senior Consultant,APAC,FTE,40.0
R0346,Senior Consultant,AMER,FTE,40.0
R0347,Consultant,AMER,FTE,40.0
R0348,Senior Consultant,EMEA,FTE,40.0
R0349,Analyst,AMER,FTE,40.0
R0350,Manager,APAC,FTE,40.0
R0351,Senior Consultant,AMER,FTE,40.0
R0352,Analyst,AMER,FTE,40.0
R0353,Architect,AMER,FTE,40.0
R0354,Senior Consultant,APAC,FTE,40.0
R0355,Consultant,EMEA,FTE,40.0
R0356,Architect,AMER,FTE,40.0
R0357,Analyst,AMER,Contractor,40.0
R0358,Senior Consultant,AMER,Contractor,40.0
R0359,Manager,AMER,FTE,40.0
R0360,Consultant,EMEA,FTE,40.0
R0361,Consultant,APAC,Contractor,40.0
R0362,Manager,APAC,FTE,40.0
R0363,Manager,EMEA,FTE,40.0
R0364,Consultant,AMER,FTE,40.0
R0365,Consultant,AMER,FTE,40.0
R0366,Consultant,AMER,FTE,40.0
R0367,Manager,AMER,FTE,40.0
R0368,Consultant,EMEA,FTE,40.0
R0369,Analyst,EMEA,FTE,40.0
R0370,Consultant,APAC,FTE,40.0
R0371,Analyst,AMER,FTE,40.0
R0372,Architect,APAC,FTE,40.0
R0373,Analyst,EMEA,FTE,40.0
R0374,Manager,EMEA,FTE,40.0
R0375,Manager,AMER,FTE,40.0
R0376,Senior Consultant,EMEA,FTE,40.0
R0377,Senior Consultant,APAC,Contractor,40.0
R0378,Senior Consultant,AMER,FTE,40.0
R0379,Architect,AMER,FTE,40.0
R0380,Consultant,AMER,FTE,40.0
R0381,Consultant,EMEA,FTE,40.0
R0382,Manager,AMER,FTE,40.0
R0383,Senior Consultant,APAC,FTE,40.0
R0384,Manager,AMER,Contractor,40.0
R0385,Analyst,AMER,FTE,40.0
R0386,Analyst,AMER,FTE,40.0
R0387,Consultant,EMEA,FTE,40.0
R0388,Senior Consultant,APAC,FTE,40.0
R0389,Analyst,APAC,FTE,40.0
R0390,Senior Consultant,APAC,FTE,40.0
R0391,Consultant,EMEA,FTE,40.0
R0392,Manager,EMEA,FTE,40.0
R0393,Consultant,AMER,FTE,40.0
R0394,Consultant,EMEA,FTE,40.0
R0395,Analyst,AMER,FTE,40.0
R0396,Manager,AMER,Contractor,40.0
R0397,Analyst,EMEA,FTE,40.0
R0398,Consultant,APAC,Contractor,40.0
R0399,Manager,AMER,FTE,40.0
R0400,Senior Consultant,AMER,FTE,40.0
R0401,Senior Consultant,EMEA,FTE,40.0
R0402,Senior Consultant,AMER,FTE,40.0
R0403,Senior Consultant,EMEA,FTE,40.0
R0404,Consultant,EMEA,FTE,40.0
R0405,Senior Consultant,AMER,FTE,40.0
R0406,Senior Consultant,AMER,FTE,40.0
R0407,Senior Consultant,AMER,FTE,40.0
R0408,Consultant,APAC,FTE,40.0
R0409,Analyst,APAC,FTE,40.0
R0410,Consultant,APAC,FTE,40.0
R0411,Consultant,EMEA,FTE,40.0
R0412,Senior Consultant,AMER,FTE,40.0
R0413,Consultant,AMER,FTE,40.0
R0414,Analyst,APAC,FTE,40.0
R0415,Consultant,AMER,FTE,40.0
R0416,Consultant,EMEA,FTE,40.0
R0417,Manager,APAC,FTE,40.0
R0418,Analyst,AMER,FTE,40.0
R0419,Analyst,APAC,FTE,40.0
R0420,Manager,EMEA,Contractor,40.0
R0421,Analyst,AMER,FTE,40.0
R0422,Architect,EMEA,FTE,40.0
R0423,Analyst,APAC,FTE,40.0
R0424,Consultant,APAC,FTE,40.0
R0425,Consultant,EMEA,FTE,40.0
R0426,Consultant,AMER,FTE,40.0
R0427,Manager,EMEA,FTE,40.0
R0428,Consultant,AMER,FTE,40.0
R0429,Architect,APAC,FTE,40.0
R0430,Consultant,EMEA,FTE,40.0
R0431,Consultant,EMEA,FTE,40.0
R0432,Consultant,AMER,FTE,40.0
R0433,Analyst,AMER,FTE,40.0
R0434,Consultant,AMER,FTE,40.0
R0435,Manager,AMER,FTE,40.0
R0436,Architect,EMEA,FTE,40.0
R0437,Analyst,APAC,FTE,40.0
R0438,Architect,EMEA,FTE,40.0
R0439,Analyst,EMEA,FTE,40.0
R0440,Analyst,EMEA,Contractor,40.0
R0441,Consultant,EMEA,FTE,40.0
R0442,Manager,AMER,Contractor,40.0
R0443,Consultant,EMEA,FTE,40.0
R0444,Analyst,EMEA,FTE,40.0
R0445,Senior Consultant,APAC,Contractor,40.0
R0446,Manager,AMER,FTE,40.0
R0447,Manager,AMER,FTE,40.0
R0448,Manager,EMEA,FTE,40.0
R0449,Architect,EMEA,FTE,40.0
R0450,Consultant,AMER,FTE,40.0
R0451,Manager,APAC,FTE,40.0
R0452,Consultant,APAC,FTE,40.0
R0453,Senior Consultant,EMEA,FTE,40.0
R0454,Analyst,EMEA,FTE,40.0
R0455,Senior Consultant,AMER,FTE,40.0
R0456,Senior Consultant,AMER,FTE,40.0
R0457,Analyst,AMER,FTE,40.0
R0458,Architect,AMER,FTE,40.0
R0459,Architect,AMER,FTE,40.0
R0460,Manager,EMEA,FTE,40.0
R0461,Consultant,AMER,FTE,40.0
R0462,Architect,APAC,FTE,40.0
R0463,Senior Consultant,AMER,Contractor,40.0
R0464,Analyst,APAC,FTE,40.0
R0465,Analyst,AMER,FTE,40.0
R0466,Analyst,EMEA,Contractor,40.0
R0467,Senior Consultant,AMER,FTE,40.0
R0468,Analyst,APAC,FTE,40.0
R0469,Analyst,AMER,Contractor,40.0
R0470,Analyst,APAC,FTE,40.0
R0471,Manager,APAC,FTE,40.0
R0472,Architect,AMER,FTE,40.0
R0473,Senior Consultant,EMEA,Contractor,40.0
R0474,Architect,EMEA,FTE,40.0
R0475,Consultant,AMER,FTE,40.0
R0476,Consultant,AMER,FTE,40.0
R0477,Manager,AMER,Contractor,40.0
R0478,Senior Consultant,AMER,FTE,40.0
R0479,Consultant,APAC,FTE,40.0
R0480,Senior Consultant,APAC,Contractor,40.0
R0481,Consultant,AMER,FTE,40.0
R0482,Analyst,AMER,FTE,40.0
R0483,Architect,EMEA,FTE,40.0
R0484,Consultant,APAC,FTE,40.0
R0485,Manager,APAC,FTE,40.0
R0486,Analyst,AMER,FTE,40.0
R0487,Architect,AMER,FTE,40.0
R0488,Senior Consultant,AMER,FTE,40.0
R0489,Senior Consultant,EMEA,FTE,40.0
R0490,Consultant,EMEA,FTE,40.0
R0491,Architect,AMER,FTE,40.0
R0492,Consultant,EMEA,FTE,40.0
R0493,Consultant,APAC,FTE,40.0
R0494,Consultant,AMER,FTE,40.0
R0495,Senior Consultant,AMER,FTE,40.0
R0496,Analyst,APAC,FTE,40.0
R0497,Manager,EMEA,FTE,40.0
R0498,Manager,EMEA,FTE,40.0
R0499,Consultant,EMEA,Contractor,40.0
R0500,Senior Consultant,AMER,FTE,40.0
R0501,Senior Consultant,APAC,FTE,40.0
R0502,Consultant,APAC,FTE,40.0
R0503,Senior Consultant,EMEA,FTE,40.0
R0504,Senior Consultant,AMER,FTE,40.0
R0505,Senior Consultant,EMEA,Contractor,40.0
R0506,Consultant,AMER,Contractor,40.0
R0507,Analyst,AMER,FTE,40.0
R0508,Senior Consultant,APAC,FTE,40.0
R0509,Senior Consultant,AMER,FTE,40.0
R0510,Consultant,AMER,FTE,40.0
R0511,Consultant,AMER,FTE,40.0
R0512,Senior Consultant,AMER,FTE,40.0
R0513,Manager,EMEA,FTE,40.0
R0514,Consultant,APAC,FTE,40.0
R0515,Consultant,AMER,FTE,40.0
R0516,Consultant,AMER,FTE,40.0
R0517,Consultant,AMER,FTE,40.0
R0518,Consultant,AMER,FTE,40.0
R0519,Consultant,EMEA,Contractor,40.0
R0520,Consultant,EMEA,Contractor,40.0
R0521,Architect,EMEA,Contractor,40.0
R0522,Architect,EMEA,FTE,40.0
R0523,Analyst,AMER,FTE,40.0
R0524,Consultant,AMER,FTE,40.0
R0525,Senior Consultant,APAC,FTE,40.0
R0526,Consultant,EMEA,FTE,40.0
R0527,Architect,APAC,Contractor,40.0
R0528,Consultant,AMER,FTE,40.0
R0529,Senior Consultant,APAC,FTE,40.0
R0530,Senior Consultant,AMER,FTE,40.0
R0531,Analyst,AMER,Contractor,40.0
R0532,Consultant,APAC,FTE,40.0
R0533,Analyst,AMER,FTE,40.0
R0534,Consultant,APAC,FTE,40.0
R0535,Senior Consultant,APAC,FTE,40.0
R0536,Consultant,APAC,FTE,40.0
R0537,Consultant,AMER,FTE,40.0
R0538,Manager,EMEA,FTE,40.0
R0539,Manager,AMER,FTE,40.0
R0540,Senior Consultant,APAC,FTE,40.0
R0541,Consultant,EMEA,FTE,40.0
R0542,Analyst,AMER,FTE,40.0
R0543,Consultant,AMER,FTE,40.0
R0544,Consultant,EMEA,Contractor,40.0
R0545,Senior Consultant,EMEA,Contractor,40.0
R0546,Consultant,AMER,Contractor,40.0
R0547,Consultant,EMEA,FTE,40.0
R0548,Analyst,EMEA,FTE,40.0
R0549,Analyst,EMEA,FTE,40.0
R0550,Manager,APAC,FTE,40.0
R0551,Consultant,AMER,FTE,40.0
R0552,Analyst,APAC,FTE,40.0
R0553,Consultant,APAC,FTE,40.0
R0554,Analyst,AMER,FTE,40.0
R0555,Manager,AMER,Contractor,40.0
R0556,Manager,APAC,FTE,40.0
R0557,Analyst,APAC,FTE,40.0
R0558,Senior Consultant,EMEA,FTE,40.0
R0559,Manager,APAC,FTE,40.0
R0560,Consultant,APAC,FTE,40.0
R0561,Senior Consultant,APAC,FTE,40.0
R0562,Consultant,AMER,FTE,40.0
R0563,Senior Consultant,EMEA,FTE,40.0
R0564,Consultant,EMEA,Contractor,40.0
R0565,Consultant,EMEA,FTE,40.0
R0566,Senior Consultant,AMER,FTE,40.0
R0567,Architect,EMEA,Contractor,40.0
R0568,Architect,AMER,FTE,40.0
R0569,Consultant,APAC,FTE,40.0
R0570,Consultant,APAC,FTE,40.0
R0571,Manager,AMER,Contractor,40.0
R0572,Manager,AMER,FTE,40.0
R0573,Consultant,EMEA,FTE,40.0
R0574,Manager,AMER,FTE,40.0
R0575,Senior Consultant,EMEA,FTE,40.0
R0576,Analyst,AMER,Contractor,40.0
R0577,Analyst,AMER,Contractor,40.0
R0578,Analyst,EMEA,FTE,40.0
R0579,Manager,EMEA,Contractor,40.0
R0580,Consultant,EMEA,FTE,40.0
R0581,Consultant,AMER,FTE,40.0
R0582,Architect,EMEA,FTE,40.0
R0583,Senior Consultant,EMEA,FTE,40.0
R0584,Consultant,EMEA,FTE,40.0
R0585,Manager,APAC,FTE,40.0
R0586,Senior Consultant,AMER,Contractor,40.0
R0587,Architect,APAC,FTE,40.0
R0588,Analyst,AMER,FTE,40.0
R0589,Analyst,AMER,Contractor,40.0
R0590,Analyst,AMER,FTE,40.0
R0591,Senior Consultant,EMEA,FTE,40.0
R0592,Manager,EMEA,FTE,40.0
R0593,Senior Consultant,AMER,FTE,40.0
R0594,Consultant,AMER,FTE,40.0
R0595,Consultant,AMER,FTE,40.0
R0596,Manager,AMER,FTE,40.0
R0597,Manager,AMER,FTE,40.0
R0598,Consultant,AMER,FTE,40.0
R0599,Architect,AMER,FTE,40.0
R0600,Consultant,EMEA,FTE,40.0
R0601,Senior Consultant,EMEA,FTE,40.0
R0602,Senior Consultant,EMEA,FTE,40.0
R0603,Analyst,AMER,FTE,40.0
R0604,Analyst,AMER,FTE,40.0
R0605,Senior Consultant,AMER,FTE,40.0
R0606,Senior Consultant,EMEA,FTE,40.0
R0607,Consultant,EMEA,Contractor,40.0
R0608,Consultant,EMEA,FTE,40.0
R0609,Senior Consultant,AMER,FTE,40.0
R0610,Consultant,APAC,FTE,40.0
R0611,Consultant,APAC,FTE,40.0
R0612,Analyst,AMER,FTE,40.0
R0613,Analyst,AMER,FTE,40.0
R0614,Senior Consultant,AMER,FTE,40.0
R0615,Analyst,APAC,FTE,40.0
R0616,Senior Consultant,AMER,FTE,40.0
R0617,Consultant,EMEA,FTE,40.0
R0618,Architect,EMEA,FTE,40.0
R0619,Manager,APAC,FTE,40.0
R0620,Consultant,AMER,FTE,40.0
R0621,Senior Consultant,APAC,Contractor,40.0
R0622,Senior Consultant,EMEA,Contractor,40.0
R0623,Architect,AMER,FTE,40.0
R0624,Manager,AMER,FTE,40.0
R0625,Architect,APAC,Contractor,40.0
R0626,Manager,AMER,FTE,40.0
R0627,Senior Consultant,EMEA,FTE,40.0
R0628,Senior Consultant,AMER,FTE,40.0
R0629,Consultant,AMER,FTE,40.0
R0630,Analyst,APAC,FTE,40.0
R0631,Consultant,EMEA,FTE,40.0
R0632,Analyst,AMER,FTE,40.0
R0633,Senior Consultant,AMER,FTE,40.0
R0634,Analyst,EMEA,FTE,40.0
R0635,Manager,AMER,FTE,40.0
R0636,Consultant,AMER,FTE,40.0
R0637,Manager,APAC,FTE,40.0
R0638,Analyst,APAC,FTE,40.0
R0639,Analyst,AMER,FTE,40.0
R0640,Senior Consultant,EMEA,Contractor,40.0
R0641,Consultant,AMER,FTE,40.0
R0642,Consultant,AMER,FTE,40.0
R0643,Consultant,EMEA,FTE,40.0
R0644,Consultant,EMEA,FTE,40.0
R0645,Manager,APAC,FTE,40.0
R0646,Analyst,EMEA,FTE,40.0
R0647,Consultant,AMER,FTE,40.0
R0648,Consultant,AMER,FTE,40.0
R0649,Manager,APAC,FTE,40.0
R0650,Architect,AMER,Contractor,40.0
R0651,Architect,AMER,FTE,40.0
R0652,Architect,APAC,Contractor,40.0
R0653,Senior Consultant,AMER,FTE,40.0
R0654,Senior Consultant,EMEA,FTE,40.0
R0655,Senior Consultant,AMER,FTE,40.0
R0656,Analyst,EMEA,FTE,40.0
R0657,Consultant,EMEA,FTE,40.0
R0658,Architect,EMEA,FTE,40.0
R0659,Analyst,AMER,FTE,40.0
R0660,Architect,EMEA,FTE,40.0
R0661,Manager,AMER,Contractor,40.0
R0662,Consultant,EMEA,Contractor,40.0
R0663,Consultant,EMEA,Contractor,40.0
R0664,Analyst,AMER,FTE,40.0
R0665,Consultant,AMER,FTE,40.0
R0666,Manager,AMER,FTE,40.0
R0667,Manager,EMEA,FTE,40.0
R0668,Consultant,APAC,FTE,40.0
R0669,Analyst,APAC,FTE,40.0
R0670,Analyst,AMER,FTE,40.0
R0671,Analyst,AMER,FTE,40.0
R0672,Consultant,AMER,FTE,40.0
R0673,Consultant,AMER,FTE,40.0
R0674,Consultant,EMEA,FTE,40.0
R0675,Analyst,AMER,FTE,40.0
R0676,Consultant,APAC,FTE,40.0
R0677,Senior Consultant,EMEA,FTE,40.0
R0678,Senior Consultant,AMER,FTE,40.0
R0679,Analyst,EMEA,Contractor,40.0
R0680,Analyst,EMEA,FTE,40.0
R0681,Consultant,EMEA,FTE,40.0
R0682,Architect,APAC,FTE,40.0
R0683,Consultant,EMEA,FTE,40.0
R0684,Consultant,APAC,FTE,40.0
R0685,Consultant,APAC,FTE,40.0
R0686,Consultant,APAC,FTE,40.0
R0687,Analyst,AMER,Contractor,40.0
R0688,Consultant,EMEA,FTE,40.0
R0689,Consultant,APAC,FTE,40.0
R0690,Architect,AMER,FTE,40.0
R0691,Manager,AMER,FTE,40.0
R0692,Manager,AMER,FTE,40.0
R0693,Architect,AMER,FTE,40.0
R0694,Analyst,AMER,FTE,40.0
R0695,Senior Consultant,AMER,FTE,40.0
R0696,Consultant,AMER,FTE,40.0
R0697,Senior Consultant,EMEA,FTE,40.0
R0698,Manager,EMEA,FTE,40.0
R0699,Architect,AMER,FTE,40.0
R0700,Consultant,AMER,FTE,40.0
R0701,Senior Consultant,AMER,FTE,40.0
R0702,Architect,EMEA,FTE,40.0
R0703,Senior Consultant,APAC,FTE,40.0
R0704,Analyst,EMEA,FTE,40.0
R0705,Analyst,EMEA,FTE,40.0
R0706,Architect,AMER,FTE,40.0
R0707,Analyst,AMER,FTE,40.0
R0708,Analyst,AMER,FTE,40.0
R0709,Consultant,AMER,FTE,40.0
R0710,Consultant,AMER,FTE,40.0
R0711,Consultant,EMEA,Contractor,40.0
R0712,Architect,EMEA,FTE,40.0
R0713,Consultant,EMEA,FTE,40.0
R0714,Manager,APAC,FTE,40.0
R0715,Manager,APAC,FTE,40.0
R0716,Architect,AMER,Contractor,40.0
R0717,Manager,AMER,FTE,40.0
R0718,Analyst,EMEA,FTE,40.0
R0719,Senior Consultant,APAC,FTE,40.0
R0720,Consultant,AMER,FTE,40.0
R0721,Consultant,AMER,FTE,40.0
R0722,Consultant,APAC,FTE,40.0
R0723,Manager,AMER,FTE,40.0
R0724,Senior Consultant,AMER,FTE,40.0
R0725,Senior Consultant,AMER,FTE,40.0
R0726,Senior Consultant,AMER,FTE,40.0
R0727,Consultant,APAC,FTE,40.0
R0728,Architect,APAC,FTE,40.0
R0729,Senior Consultant,AMER,FTE,40.0
R0730,Senior Consultant,AMER,Contractor,40.0
R0731,Analyst,EMEA,FTE,40.0
R0732,Analyst,EMEA,FTE,40.0
R0733,Analyst,EMEA,FTE,40.0
R0734,Senior Consultant,AMER,Contractor,40.0
R0735,Manager,AMER,FTE,40.0
R0736,Senior Consultant,EMEA,FTE,40.0
R0737,Analyst,AMER,Contractor,40.0
R0738,Consultant,APAC,FTE,40.0
R0739,Architect,AMER,FTE,40.0
R0740,Architect,APAC,FTE,40.0
R0741,Consultant,EMEA,FTE,40.0
R0742,Analyst,APAC,FTE,40.0
R0743,Senior Consultant,AMER,FTE,40.0
R0744,Senior Consultant,AMER,FTE,40.0
R0745,Analyst,APAC,FTE,40.0
R0746,Manager,AMER,FTE,40.0
R0747,Consultant,EMEA,FTE,40.0
R0748,Analyst,AMER,FTE,40.0
R0749,Consultant,AMER,FTE,40.0
R0750,Senior Consultant,AMER,FTE,40.0
R0751,Senior Consultant,EMEA,FTE,40.0
R0752,Senior Consultant,APAC,FTE,40.0
R0753,Architect,EMEA,FTE,40.0
R0754,Consultant,EMEA,Contractor,40.0
R0755,Consultant,AMER,FTE,40.0
R0756,Analyst,EMEA,FTE,40.0
R0757,Senior Consultant,APAC,FTE,40.0
R0758,Senior Consultant,EMEA,FTE,40.0
R0759,Manager,AMER,FTE,40.0
R0760,Consultant,APAC,FTE,40.0
R0761,Consultant,AMER,FTE,40.0
R0762,Senior Consultant,AMER,FTE,40.0
R0763,Manager,EMEA,FTE,40.0
R0764,Consultant,APAC,FTE,40.0
R0765,Senior Consultant,AMER,FTE,40.0
R0766,Analyst,EMEA,FTE,40.0
R0767,Analyst,EMEA,Contractor,40.0
R0768,Manager,EMEA,FTE,40.0
R0769,Consultant,AMER,FTE,40.0
R0770,Consultant,EMEA,Contractor,40.0
R0771,Architect,AMER,FTE,40.0
R0772,Analyst,AMER,FTE,40.0
R0773,Analyst,EMEA,FTE,40.0
R0774,Architect,AMER,FTE,40.0
R0775,Consultant,AMER,FTE,40.0
R0776,Architect,AMER,FTE,40.0
R0777,Senior Consultant,EMEA,FTE,40.0
R0778,Consultant,APAC,FTE,40.0
R0779,Consultant,EMEA,Contractor,40.0
R0780,Consultant,EMEA,FTE,40.0
R0781,Analyst,AMER,FTE,40.0
R0782,Consultant,EMEA,FTE,40.0
R0783,Manager,APAC,FTE,40.0
R0784,Analyst,AMER,Contractor,40.0
R0785,Consultant,EMEA,FTE,40.0
R0786,Manager,EMEA,FTE,40.0
R0787,Architect,AMER,FTE,40.0
R0788,Analyst,EMEA,Contractor,40.0
R0789,Senior Consultant,EMEA,FTE,40.0
R0790,Consultant,AMER,FTE,40.0
R0791,Consultant,AMER,FTE,40.0
R0792,Consultant,AMER,FTE,40.0
R0793,Manager,EMEA,FTE,40.0
R0794,Senior Consultant,APAC,FTE,40.0
R0795,Analyst,AMER,FTE,40.0
R0796,Manager,APAC,FTE,40.0
R0797,Senior Consultant,AMER,FTE,40.0
R0798,Manager,AMER,FTE,40.0
R0799,Senior Consultant,APAC,FTE,40.0
R0800,Analyst,AMER,FTE,40.0
R0801,Senior Consultant,EMEA,FTE,40.0
R0802,Manager,APAC,FTE,40.0
R0803,Senior Consultant,AMER,FTE,40.0
R0804,Architect,EMEA,Contractor,40.0
R0805,Consultant,EMEA,FTE,40.0
R0806,Analyst,AMER,FTE,40.0
R0807,Analyst,APAC,FTE,40.0
R0808,Analyst,EMEA,FTE,40.0
R0809,Architect,EMEA,FTE,40.0
R0810,Senior Consultant,EMEA,FTE,40.0
R0811,Manager,EMEA,FTE,40.0
R0812,Consultant,EMEA,Contractor,40.0
R0813,Senior Consultant,EMEA,FTE,40.0
R0814,Manager,APAC,FTE,40.0
R0815,Consultant,EMEA,FTE,40.0
R0816,Senior Consultant,AMER,FTE,40.0
R0817,Senior Consultant,EMEA,FTE,40.0
R0818,Senior Consultant,EMEA,FTE,40.0
R0819,Senior Consultant,EMEA,FTE,40.0
R0820,Analyst,AMER,FTE,40.0
R0821,Manager,EMEA,FTE,40.0
R0822,Senior Consultant,AMER,FTE,40.0
R0823,Manager,EMEA,FTE,40.0
R0824,Consultant,AMER,Contractor,40.0
R0825,Senior Consultant,EMEA,FTE,40.0
R0826,Analyst,AMER,FTE,40.0
R0827,Consultant,APAC,FTE,40.0
R0828,Consultant,AMER,FTE,40.0
R0829,Manager,AMER,FTE,40.0
R0830,Manager,AMER,FTE,40.0
R0831,Architect,AMER,FTE,40.0
R0832,Architect,APAC,FTE,40.0
R0833,Senior Consultant,AMER,FTE,40.0
R0834,Consultant,AMER,FTE,40.0
R0835,Architect,APAC,FTE,40.0
R0836,Analyst,APAC,Contractor,40.0
R0837,Senior Consultant,EMEA,FTE,40.0
R0838,Consultant,AMER,FTE,40.0
R0839,Consultant,APAC,FTE,40.0
R0840,Consultant,EMEA,FTE,40.0
R0841,Analyst,EMEA,FTE,40.0
R0842,Senior Consultant,APAC,FTE,40.0
R0843,Architect,APAC,FTE,40.0
R0844,Senior Consultant,EMEA,FTE,40.0
R0845,Senior Consultant,AMER,Contractor,40.0
R0846,Senior Consultant,EMEA,FTE,40.0
R0847,Analyst,EMEA,FTE,40.0
R0848,Consultant,AMER,FTE,40.0
R0849,Senior Consultant,AMER,Contractor,40.0
R0850,Analyst,AMER,FTE,40.0
R0851,Senior Consultant,EMEA,FTE,40.0
R0852,Architect,AMER,FTE,40.0
R0853,Analyst,AMER,FTE,40.0
R0854,Analyst,EMEA,FTE,40.0
R0855,Senior Consultant,EMEA,FTE,40.0
R0856,Consultant,AMER,FTE,40.0
R0857,Senior Consultant,APAC,FTE,40.0
R0858,Senior Consultant,EMEA,FTE,40.0
R0859,Senior Consultant,EMEA,FTE,40.0
R0860,Manager,AMER,Contractor,40.0
R0861,Analyst,APAC,FTE,40.0
R0862,Analyst,AMER,FTE,40.0
R0863,Consultant,AMER,FTE,40.0
R0864,Consultant,EMEA,Contractor,40.0
R0865,Senior Consultant,AMER,FTE,40.0
R0866,Architect,AMER,FTE,40.0
R0867,Architect,APAC,FTE,40.0
R0868,Senior Consultant,EMEA,FTE,40.0
R0869,Analyst,AMER,FTE,40.0
R0870,Consultant,EMEA,FTE,40.0
R0871,Manager,APAC,FTE,40.0
R0872,Manager,AMER,FTE,40.0
R0873,Analyst,APAC,FTE,40.0
R0874,Architect,APAC,Contractor,40.0
R0875,Consultant,APAC,FTE,40.0
R0876,Consultant,EMEA,FTE,40.0
R0877,Consultant,AMER,FTE,40.0
R0878,Consultant,APAC,FTE,40.0
R0879,Senior Consultant,AMER,FTE,40.0
R0880,Consultant,APAC,FTE,40.0
R0881,Senior Consultant,EMEA,FTE,40.0
R0882,Manager,AMER,Contractor,40.0
R0883,Senior Consultant,EMEA,FTE,40.0
R0884,Manager,APAC,FTE,40.0
R0885,Manager,EMEA,FTE,40.0
R0886,Architect,AMER,FTE,40.0
R0887,Analyst,AMER,FTE,40.0
R0888,Consultant,AMER,FTE,40.0
R0889,Consultant,APAC,Contractor,40.0
R0890,Analyst,EMEA,FTE,40.0
R0891,Senior Consultant,AMER,FTE,40.0
R0892,Consultant,EMEA,FTE,40.0
R0893,Consultant,APAC,FTE,40.0
R0894,Consultant,APAC,Contractor,40.0
R0895,Analyst,EMEA,FTE,40.0
R0896,Senior Consultant,AMER,FTE,40.0
R0897,Consultant,EMEA,Contractor,40.0
R0898,Consultant,APAC,Contractor,40.0
R0899,Manager,AMER,FTE,40.0
R0900,Analyst,AMER,Contractor,40.0
R0901,Senior Consultant,EMEA,FTE,40.0
R0902,Manager,EMEA,FTE,40.0
R0903,Manager,AMER,FTE,40.0
R0904,Senior Consultant,APAC,FTE,40.0
R0905,Consultant,AMER,Contractor,40.0
R0906,Consultant,EMEA,Contractor,40.0
R0907,Analyst,EMEA,FTE,40.0
R0908,Manager,AMER,FTE,40.0
R0909,Analyst,EMEA,FTE,40.0
R0910,Analyst,AMER,Contractor,40.0
R0911,Analyst,AMER,FTE,40.0
R0912,Consultant,AMER,FTE,40.0
R0913,Analyst,EMEA,FTE,40.0
R0914,Senior Consultant,AMER,FTE,40.0
R0915,Analyst,EMEA,FTE,40.0
R0916,Manager,AMER,FTE,40.0
R0917,Consultant,AMER,FTE,40.0
R0918,Senior Consultant,APAC,FTE,40.0
R0919,Manager,EMEA,Contractor,40.0
R0920,Senior Consultant,EMEA,FTE,40.0
R0921,Senior Consultant,APAC,FTE,40.0
R0922,Consultant,AMER,Contractor,40.0
R0923,Consultant,EMEA,FTE,40.0
R0924,Architect,AMER,FTE,40.0
R0925,Manager,AMER,FTE,40.0
R0926,Consultant,EMEA,FTE,40.0
R0927,Consultant,AMER,FTE,40.0
R0928,Analyst,EMEA,FTE,40.0
R0929,Consultant,EMEA,FTE,40.0
R0930,Senior Consultant,APAC,FTE,40.0
R0931,Manager,AMER,FTE,40.0
R0932,Architect,APAC,FTE,40.0
R0933,Senior Consultant,AMER,FTE,40.0
R0934,Manager,APAC,FTE,40.0
R0935,Analyst,EMEA,FTE,40.0
R0936,Consultant,AMER,FTE,40.0
R0937,Analyst,AMER,FTE,40.0
R0938,Manager,EMEA,FTE,40.0
R0939,Analyst,EMEA,FTE,40.0
R0940,Senior Consultant,AMER,Contractor,40.0
R0941,Consultant,EMEA,FTE,40.0
R0942,Architect,APAC,FTE,40.0
R0943,Consultant,AMER,FTE,40.0
R0944,Senior Consultant,AMER,FTE,40.0
R0945,Consultant,APAC,FTE,40.0
R0946,Senior Consultant,EMEA,FTE,40.0
R0947,Consultant,AMER,FTE,40.0
R0948,Consultant,AMER,FTE,40.0
R0949,Consultant,EMEA,FTE,40.0
R0950,Analyst,EMEA,FTE,40.0
R0951,Consultant,AMER,FTE,40.0
R0952,Consultant,EMEA,Contractor,40.0
R0953,Senior Consultant,AMER,FTE,40.0
R0954,Consultant,AMER,FTE,40.0
R0955,Consultant,AMER,FTE,40.0
R0956,Analyst,AMER,FTE,40.0
R0957,Architect,AMER,FTE,40.0
R0958,Consultant,AMER,FTE,40.0
R0959,Analyst,AMER,FTE,40.0
R0960,Consultant,EMEA,FTE,40.0
R0961,Analyst,AMER,FTE,40.0
R0962,Consultant,EMEA,FTE,40.0
R0963,Analyst,APAC,FTE,40.0
R0964,Analyst,AMER,Contractor,40.0
R0965,Senior Consultant,EMEA,Contractor,40.0
R0966,Analyst,APAC,FTE,40.0
R0967,Senior Consultant,AMER,FTE,40.0
R0968,Architect,AMER,Contractor,40.0
R0969,Consultant,EMEA,Contractor,40.0
R0970,Analyst,APAC,FTE,40.0
R0971,Senior Consultant,AMER,FTE,40.0
R0972,Senior Consultant,EMEA,FTE,40.0
R0973,Consultant,APAC,FTE,40.0
R0974,Senior Consultant,APAC,FTE,40.0
R0975,Analyst,EMEA,FTE,40.0
R0976,Senior Consultant,EMEA,FTE,40.0
R0977,Consultant,EMEA,FTE,40.0
R0978,Consultant,EMEA,Contractor,40.0
R0979,Senior Consultant,EMEA,FTE,40.0
R0980,Analyst,AMER,FTE,40.0
R0981,Architect,AMER,FTE,40.0
R0982,Analyst,AMER,FTE,40.0
R0983,Consultant,EMEA,Contractor,40.0
R0984,Manager,AMER,FTE,40.0
R0985,Analyst,APAC,FTE,40.0
R0986,Consultant,AMER,FTE,40.0
R0987,Consultant,APAC,FTE,40.0
R0988,Architect,AMER,FTE,40.0
R0989,Consultant,EMEA,FTE,40.0
R0990,Consultant,EMEA,FTE,40.0
R0991,Consultant,EMEA,FTE,40.0
R0992,Architect,EMEA,FTE,40.0
R0993,Senior Consultant,EMEA,FTE,40.0
R0994,Manager,EMEA,FTE,40.0
R0995,Analyst,EMEA,FTE,40.0
R0996,Consultant,AMER,FTE,40.0
R0997,Analyst,EMEA,FTE,40.0
R0998,Manager,AMER,FTE,40.0
R0999,Senior Consultant,EMEA,FTE,40.0
R1000,Consultant,APAC,FTE,40.0
R1001,Manager,EMEA,FTE,40.0
R1002,Senior Consultant,AMER,FTE,40.0
R1003,Senior Consultant,AMER,FTE,40.0
R1004,Manager,AMER,Contractor,40.0
R1005,Manager,EMEA,FTE,40.0
R1006,Senior Consultant,APAC,FTE,40.0
R1007,Consultant,AMER,FTE,40.0
R1008,Senior Consultant,EMEA,FTE,40.0
R1009,Consultant,AMER,FTE,40.0
R1010,Manager,EMEA,FTE,40.0
R1011,Manager,AMER,FTE,40.0
R1012,Consultant,APAC,FTE,40.0
R1013,Senior Consultant,AMER,FTE,40.0
R1014,Senior Consultant,AMER,Contractor,40.0
R1015,Manager,AMER,FTE,40.0
R1016,Architect,EMEA,FTE,40.0
R1017,Architect,AMER,Contractor,40.0
R1018,Analyst,EMEA,FTE,40.0
R1019,Senior Consultant,EMEA,FTE,40.0
R1020,Analyst,AMER,FTE,40.0
R1021,Senior Consultant,AMER,FTE,40.0
R1022,Manager,AMER,FTE,40.0
R1023,Consultant,AMER,FTE,40.0
R1024,Consultant,AMER,Contractor,40.0
R1025,Manager,EMEA,Contractor,40.0
R1026,Architect,AMER,FTE,40.0
R1027,Senior Consultant,AMER,FTE,40.0
R1028,Analyst,EMEA,FTE,40.0
R1029,Manager,AMER,FTE,40.0
R1030,Consultant,EMEA,Contractor,40.0
R1031,Manager,APAC,Contractor,40.0
R1032,Architect,EMEA,FTE,40.0
R1033,Analyst,AMER,FTE,40.0
R1034,Analyst,APAC,FTE,40.0
R1035,Architect,EMEA,FTE,40.0
R1036,Senior Consultant,AMER,FTE,40.0
R1037,Analyst,APAC,FTE,40.0
R1038,Consultant,EMEA,FTE,40.0
R1039,Consultant,EMEA,FTE,40.0
R1040,Senior Consultant,AMER,FTE,40.0
R1041,Analyst,AMER,FTE,40.0
R1042,Consultant,AMER,FTE,40.0
R1043,Senior Consultant,AMER,FTE,40.0
R1044,Architect,AMER,Contractor,40.0
R1045,Analyst,AMER,FTE,40.0
R1046,Manager,APAC,FTE,40.0
R1047,Manager,AMER,FTE,40.0
R1048,Analyst,APAC,FTE,40.0
R1049,Manager,EMEA,FTE,40.0
R1050,Senior Consultant,APAC,FTE,40.0
R1051,Analyst,EMEA,FTE,40.0
R1052,Analyst,AMER,FTE,40.0
R1053,Analyst,AMER,Contractor,40.0
R1054,Consultant,APAC,Contractor,40.0
R1055,Analyst,EMEA,FTE,40.0
R1056,Senior Consultant,AMER,FTE,40.0
R1057,Analyst,EMEA,Contractor,40.0
R1058,Senior Consultant,EMEA,Contractor,40.0
R1059,Senior Consultant,AMER,Contractor,40.0
R1060,Consultant,AMER,FTE,40.0
R1061,Architect,AMER,FTE,40.0
R1062,Analyst,AMER,FTE,40.0
R1063,Senior Consultant,APAC,FTE,40.0
R1064,Consultant,AMER,FTE,40.0
R1065,Senior Consultant,EMEA,FTE,40.0
R1066,Consultant,EMEA,FTE,40.0
R1067,Analyst,APAC,FTE,40.0
R1068,Architect,APAC,FTE,40.0
R1069,Architect,AMER,FTE,40.0
R1070,Analyst,AMER,FTE,40.0
R1071,Consultant,EMEA,FTE,40.0
R1072,Senior Consultant,AMER,FTE,40.0
R1073,Consultant,AMER,FTE,40.0
R1074,Consultant,AMER,FTE,40.0
R1075,Manager,EMEA,FTE,40.0
R1076,Manager,EMEA,FTE,40.0
R1077,Senior Consultant,EMEA,FTE,40.0
R1078,Analyst,EMEA,FTE,40.0
R1079,Analyst,AMER,Contractor,40.0
R1080,Consultant,AMER,FTE,40.0
R1081,Manager,EMEA,Contractor,40.0
R1082,Consultant,AMER,FTE,40.0
R1083,Consultant,APAC,Contractor,40.0
R1084,Consultant,APAC,FTE,40.0
R1085,Consultant,EMEA,FTE,40.0
R1086,Manager,AMER,FTE,40.0
R1087,Senior Consultant,AMER,FTE,40.0
R1088,Senior Consultant,AMER,FTE,40.0
R1089,Consultant,AMER,FTE,40.0
R1090,Manager,APAC,FTE,40.0
R1091,Architect,EMEA,FTE,40.0
R1092,Senior Consultant,EMEA,FTE,40.0
R1093,Consultant,EMEA,FTE,40.0
R1094,Analyst,EMEA,FTE,40.0
R1095,Consultant,AMER,FTE,40.0
R1096,Senior Consultant,EMEA,FTE,40.0
R1097,Analyst,AMER,FTE,40.0
R1098,Senior Consultant,EMEA,FTE,40.0
R1099,Consultant,APAC,FTE,40.0
R1100,Consultant,EMEA,FTE,40.0
R1101,Architect,AMER,FTE,40.0
R1102,Architect,EMEA,FTE,40.0
R1103,Analyst,AMER,FTE,40.0
R1104,Analyst,APAC,Contractor,40.0
R1105,Senior Consultant,EMEA,FTE,40.0
R1106,Analyst,EMEA,FTE,40.0
R1107,Analyst,AMER,FTE,40.0
R1108,Consultant,EMEA,FTE,40.0
R1109,Senior Consultant,APAC,FTE,40.0
R1110,Manager,EMEA,FTE,40.0
R1111,Architect,AMER,FTE,40.0
R1112,Consultant,AMER,FTE,40.0
R1113,Senior Consultant,APAC,FTE,40.0
R1114,Senior Consultant,AMER,FTE,40.0
R1115,Analyst,AMER,FTE,40.0
R1116,Senior Consultant,EMEA,FTE,40.0
R1117,Manager,AMER,FTE,40.0
R1118,Analyst,AMER,FTE,40.0
R1119,Consultant,AMER,FTE,40.0
R1120,Consultant,EMEA,FTE,40.0
R1121,Consultant,AMER,FTE,40.0
R1122,Senior Consultant,AMER,FTE,40.0
R1123,Senior Consultant,EMEA,FTE,40.0
R1124,Consultant,APAC,FTE,40.0
R1125,Manager,AMER,FTE,40.0
R1126,Consultant,AMER,Contractor,40.0
R1127,Consultant,APAC,FTE,40.0
R1128,Manager,APAC,FTE,40.0
R1129,Consultant,EMEA,FTE,40.0
R1130,Architect,AMER,FTE,40.0
R1131,Analyst,EMEA,Contractor,40.0
R1132,Analyst,EMEA,Contractor,40.0
R1133,Analyst,AMER,FTE,40.0
R1134,Senior Consultant,AMER,FTE,40.0
R1135,Senior Consultant,APAC,Contractor,40.0
R1136,Manager,EMEA,FTE,40.0
R1137,Senior Consultant,AMER,FTE,40.0
R1138,Analyst,EMEA,FTE,40.0
R1139,Consultant,AMER,FTE,40.0
R1140,Manager,AMER,Contractor,40.0
R1141,Manager,AMER,FTE,40.0
R1142,Consultant,AMER,FTE,40.0
R1143,Analyst,APAC,Contractor,40.0
R1144,Manager,EMEA,FTE,40.0
R1145,Architect,AMER,FTE,40.0
R1146,Senior Consultant,AMER,FTE,40.0
R1147,Analyst,EMEA,FTE,40.0
R1148,Analyst,AMER,FTE,40.0
R1149,Manager,AMER,FTE,40.0
R1150,Manager,AMER,FTE,40.0
R1151,Senior Consultant,EMEA,FTE,40.0
R1152,Analyst,APAC,FTE,40.0
R1153,Architect,APAC,FTE,40.0
R1154,Manager,EMEA,FTE,40.0
R1155,Analyst,AMER,FTE,40.0
R1156,Manager,EMEA,FTE,40.0
R1157,Consultant,APAC,FTE,40.0
R1158,Consultant,EMEA,FTE,40.0
R1159,Senior Consultant,AMER,FTE,40.0
R1160,Architect,APAC,FTE,40.0
R1161,Consultant,EMEA,FTE,40.0
R1162,Senior Consultant,EMEA,FTE,40.0
R1163,Senior Consultant,EMEA,FTE,40.0
R1164,Consultant,EMEA,FTE,40.0
R1165,Manager,EMEA,FTE,40.0
R1166,Manager,EMEA,FTE,40.0
R1167,Consultant,APAC,FTE,40.0
R1168,Senior Consultant,AMER,FTE,40.0
R1169,Senior Consultant,EMEA,FTE,40.0
R1170,Manager,EMEA,FTE,40.0
R1171,Architect,EMEA,Contractor,40.0
R1172,Architect,APAC,FTE,40.0
R1173,Senior Consultant,AMER,FTE,40.0
R1174,Manager,EMEA,Contractor,40.0
R1175,Analyst,AMER,FTE,40.0
R1176,Consultant,AMER,FTE,40.0
R1177,Manager,EMEA,FTE,40.0
R1178,Analyst,EMEA,FTE,40.0
R1179,Senior Consultant,EMEA,FTE,40.0
R1180,Senior Consultant,AMER,FTE,40.0
R1181,Manager,EMEA,Contractor,40.0
R1182,Consultant,AMER,FTE,40.0
R1183,Consultant,APAC,FTE,40.0
R1184,Manager,APAC,FTE,40.0
R1185,Consultant,EMEA,FTE,40.0
R1186,Manager,EMEA,Contractor,40.0
R1187,Senior Consultant,EMEA,FTE,40.0
R1188,Senior Consultant,APAC,FTE,40.0
R1189,Architect,APAC,Contractor,40.0
R1190,Consultant,APAC,FTE,40.0
R1191,Manager,AMER,FTE,40.0
R1192,Consultant,AMER,FTE,40.0
R1193,Manager,AMER,FTE,40.0
R1194,Analyst,EMEA,FTE,40.0
R1195,Consultant,EMEA,Contractor,40.0
R1196,Manager,AMER,FTE,40.0
R1197,Manager,AMER,FTE,40.0
R1198,Consultant,APAC,FTE,40.0
R1199,Analyst,APAC,Contractor,40.0
R1200,Manager,APAC,FTE,40.0
R1201,Consultant,AMER,FTE,40.0
R1202,Consultant,APAC,FTE,40.0
R1203,Analyst,AMER,FTE,40.0
R1204,Consultant,EMEA,FTE,40.0
R1205,Senior Consultant,APAC,FTE,40.0
R1206,Senior Consultant,AMER,FTE,40.0
R1207,Consultant,APAC,FTE,40.0
R1208,Consultant,EMEA,FTE,40.0
R1209,Senior Consultant,EMEA,Contractor,40.0
R1210,Senior Consultant,EMEA,FTE,40.0
R1211,Analyst,APAC,FTE,40.0
R1212,Consultant,EMEA,FTE,40.0
R1213,Manager,AMER,FTE,40.0
R1214,Senior Consultant,AMER,FTE,40.0
R1215,Manager,AMER,FTE,40.0
R1216,Manager,AMER,FTE,40.0
R1217,Consultant,APAC,FTE,40.0
R1218,Consultant,AMER,FTE,40.0
R1219,Consultant,AMER,FTE,40.0
R1220,Consultant,APAC,FTE,40.0
R1221,Consultant,APAC,Contractor,40.0
R1222,Senior Consultant,AMER,FTE,40.0
R1223,Consultant,AMER,FTE,40.0
R1224,Senior Consultant,AMER,FTE,40.0
R1225,Consultant,AMER,FTE,40.0
R1226,Manager,AMER,FTE,40.0
R1227,Consultant,AMER,FTE,40.0
R1228,Analyst,AMER,FTE,40.0
R1229,Analyst,AMER,FTE,40.0
R1230,Architect,EMEA,FTE,40.0
R1231,Analyst,EMEA,FTE,40.0
R1232,Senior Consultant,EMEA,FTE,40.0
R1233,Consultant,AMER,FTE,40.0
R1234,Consultant,APAC,FTE,40.0
R1235,Senior Consultant,EMEA,FTE,40.0
R1236,Analyst,AMER,FTE,40.0
R1237,Consultant,EMEA,Contractor,40.0
R1238,Manager,APAC,FTE,40.0
R1239,Manager,APAC,FTE,40.0
R1240,Manager,APAC,FTE,40.0
R1241,Senior Consultant,EMEA,Contractor,40.0
R1242,Consultant,APAC,FTE,40.0
R1243,Architect,AMER,FTE,40.0
R1244,Manager,APAC,Contractor,40.0
R1245,Senior Consultant,EMEA,FTE,40.0
R1246,Architect,AMER,FTE,40.0
R1247,Manager,AMER,FTE,40.0
R1248,Analyst,APAC,FTE,40.0
R1249,Analyst,EMEA,FTE,40.0
R1250,Manager,AMER,FTE,40.0
R1251,Analyst,EMEA,FTE,40.0
R1252,Manager,EMEA,FTE,40.0
R1253,Consultant,AMER,Contractor,40.0
R1254,Analyst,APAC,FTE,40.0
R1255,Analyst,AMER,FTE,40.0
R1256,Manager,EMEA,FTE,40.0
R1257,Senior Consultant,EMEA,Contractor,40.0
R1258,Architect,EMEA,FTE,40.0
R1259,Manager,EMEA,FTE,40.0
R1260,Analyst,EMEA,Contractor,40.0
R1261,Analyst,APAC,Contractor,40.0
R1262,Consultant,EMEA,Contractor,40.0
R1263,Architect,AMER,FTE,40.0
R1264,Senior Consultant,AMER,FTE,40.0
R1265,Analyst,AMER,FTE,40.0
R1266,Senior Consultant,EMEA,FTE,40.0
R1267,Consultant,AMER,FTE,40.0
R1268,Consultant,AMER,FTE,40.0
R1269,Analyst,AMER,FTE,40.0
R1270,Senior Consultant,APAC,FTE,40.0
R1271,Senior Consultant,AMER,FTE,40.0
R1272,Analyst,AMER,FTE,40.0
R1273,Consultant,AMER,FTE,40.0
R1274,Manager,EMEA,FTE,40.0
R1275,Senior Consultant,AMER,FTE,40.0
R1276,Senior Consultant,AMER,FTE,40.0
R1277,Architect,EMEA,FTE,40.0
R1278,Senior Consultant,AMER,FTE,40.0
R1279,Consultant,AMER,FTE,40.0
R1280,Analyst,EMEA,FTE,40.0
R1281,Senior Consultant,EMEA,FTE,40.0
R1282,Senior Consultant,APAC,FTE,40.0
R1283,Senior Consultant,EMEA,FTE,40.0
R1284,Consultant,AMER,FTE,40.0
R1285,Consultant,AMER,FTE,40.0
R1286,Consultant,APAC,FTE,40.0
R1287,Senior Consultant,AMER,FTE,40.0
R1288,Analyst,EMEA,FTE,40.0
R1289,Architect,AMER,FTE,40.0
R1290,Consultant,EMEA,FTE,40.0
R1291,Consultant,AMER,FTE,40.0
R1292,Analyst,APAC,FTE,40.0
R1293,Analyst,APAC,FTE,40.0
R1294,Consultant,EMEA,Contractor,40.0
R1295,Senior Consultant,EMEA,Contractor,40.0
R1296,Analyst,APAC,FTE,40.0
R1297,Architect,AMER,FTE,40.0
R1298,Senior Consultant,EMEA,FTE,40.0
R1299,Architect,EMEA,FTE,40.0
R1300,Consultant,AMER,FTE,40.0
R1301,Analyst,APAC,FTE,40.0
R1302,Senior Consultant,AMER,FTE,40.0
R1303,Manager,APAC,FTE,40.0
R1304,Manager,EMEA,FTE,40.0
R1305,Manager,AMER,FTE,40.0
R1306,Consultant,EMEA,FTE,40.0
R1307,Senior Consultant,AMER,FTE,40.0
R1308,Manager,AMER,Contractor,40.0
R1309,Consultant,EMEA,FTE,40.0
R1310,Manager,AMER,Contractor,40.0
R1311,Senior Consultant,EMEA,FTE,40.0
R1312,Analyst,EMEA,FTE,40.0
R1313,Consultant,EMEA,FTE,40.0
R1314,Analyst,AMER,FTE,40.0
R1315,Analyst,EMEA,FTE,40.0
R1316,Manager,AMER,FTE,40.0
R1317,Manager,AMER,FTE,40.0
R1318,Architect,APAC,FTE,40.0
R1319,Analyst,EMEA,Contractor,40.0
R1320,Architect,AMER,FTE,40.0
R1321,Consultant,AMER,FTE,40.0
R1322,Consultant,AMER,FTE,40.0
R1323,Consultant,AMER,FTE,40.0
R1324,Analyst,APAC,FTE,40.0
R1325,Senior Consultant,AMER,FTE,40.0
R1326,Consultant,AMER,FTE,40.0
R1327,Consultant,EMEA,FTE,40.0
R1328,Consultant,EMEA,FTE,40.0
R1329,Consultant,AMER,FTE,40.0
R1330,Consultant,APAC,Contractor,40.0
R1331,Architect,AMER,FTE,40.0
R1332,Consultant,AMER,FTE,40.0
R1333,Analyst,EMEA,FTE,40.0
R1334,Analyst,EMEA,FTE,40.0
R1335,Manager,AMER,FTE,40.0
R1336,Analyst,EMEA,FTE,40.0
R1337,Analyst,EMEA,FTE,40.0
R1338,Analyst,APAC,FTE,40.0
R1339,Senior Consultant,EMEA,FTE,40.0
R1340,Consultant,AMER,FTE,40.0
R1341,Consultant,AMER,FTE,40.0
R1342,Architect,EMEA,Contractor,40.0
R1343,Senior Consultant,EMEA,FTE,40.0
R1344,Architect,EMEA,FTE,40.0
R1345,Senior Consultant,EMEA,FTE,40.0
R1346,Consultant,AMER,FTE,40.0
R1347,Consultant,APAC,FTE,40.0
R1348,Manager,AMER,Contractor,40.0
R1349,Consultant,AMER,FTE,40.0
R1350,Consultant,AMER,FTE,40.0
R1351,Architect,EMEA,FTE,40.0
R1352,Consultant,APAC,FTE,40.0
R1353,Consultant,APAC,FTE,40.0
R1354,Manager,APAC,FTE,40.0
R1355,Analyst,EMEA,FTE,40.0
R1356,Manager,AMER,FTE,40.0
R1357,Architect,AMER,FTE,40.0
R1358,Senior Consultant,AMER,FTE,40.0
R1359,Analyst,AMER,FTE,40.0
R1360,Senior Consultant,AMER,FTE,40.0
R1361,Consultant,AMER,FTE,40.0
R1362,Consultant,EMEA,Contractor,40.0
R1363,Senior Consultant,EMEA,FTE,40.0
R1364,Analyst,AMER,FTE,40.0
R1365,Manager,AMER,FTE,40.0
R1366,Consultant,EMEA,FTE,40.0
R1367,Senior Consultant,APAC,FTE,40.0
R1368,Senior Consultant,EMEA,FTE,40.0
R1369,Architect,AMER,FTE,40.0
R1370,Senior Consultant,APAC,FTE,40.0
R1371,Consultant,APAC,FTE,40.0
R1372,Senior Consultant,EMEA,FTE,40.0
R1373,Senior Consultant,APAC,FTE,40.0
R1374,Consultant,APAC,FTE,40.0
R1375,Manager,AMER,Contractor,40.0
R1376,Analyst,EMEA,FTE,40.0
R1377,Manager,APAC,FTE,40.0
R1378,Senior Consultant,AMER,FTE,40.0
R1379,Senior Consultant,AMER,FTE,40.0
R1380,Manager,EMEA,FTE,40.0
R1381,Consultant,EMEA,FTE,40.0
R1382,Consultant,EMEA,FTE,40.0
R1383,Analyst,EMEA,FTE,40.0
R1384,Consultant,AMER,FTE,40.0
R1385,Consultant,EMEA,FTE,40.0
R1386,Analyst,APAC,FTE,40.0
R1387,Consultant,AMER,FTE,40.0
R1388,Consultant,APAC,FTE,40.0
R1389,Senior Consultant,AMER,FTE,40.0
R1390,Consultant,EMEA,FTE,40.0
R1391,Architect,EMEA,Contractor,40.0
R1392,Consultant,EMEA,FTE,40.0
R1393,Senior Consultant,APAC,FTE,40.0
R1394,Manager,EMEA,FTE,40.0
R1395,Senior Consultant,EMEA,Contractor,40.0
R1396,Manager,AMER,FTE,40.0
R1397,Analyst,EMEA,FTE,40.0
R1398,Senior Consultant,EMEA,FTE,40.0
R1399,Consultant,EMEA,FTE,40.0
R1400,Manager,AMER,FTE,40.0
R1401,Consultant,APAC,FTE,40.0
R1402,Senior Consultant,EMEA,FTE,40.0
R1403,Analyst,AMER,FTE,40.0
R1404,Consultant,EMEA,FTE,40.0
R1405,Consultant,AMER,FTE,40.0
R1406,Analyst,EMEA,FTE,40.0
R1407,Architect,EMEA,FTE,40.0
R1408,Analyst,AMER,FTE,40.0
R1409,Consultant,APAC,FTE,40.0
R1410,Analyst,EMEA,FTE,40.0
R1411,Architect,AMER,FTE,40.0
R1412,Manager,AMER,FTE,40.0
R1413,Consultant,APAC,FTE,40.0
R1414,Senior Consultant,EMEA,FTE,40.0
R1415,Consultant,EMEA,FTE,40.0
R1416,Consultant,APAC,FTE,40.0
R1417,Analyst,APAC,FTE,40.0
R1418,Analyst,AMER,FTE,40.0
R1419,Manager,AMER,FTE,40.0
R1420,Consultant,APAC,FTE,40.0
R1421,Architect,APAC,FTE,40.0
R1422,Manager,EMEA,FTE,40.0
R1423,Consultant,APAC,FTE,40.0
R1424,Manager,APAC,FTE,40.0
R1425,Manager,APAC,FTE,40.0
R1426,Analyst,AMER,Contractor,40.0
R1427,Consultant,EMEA,FTE,40.0
R1428,Consultant,EMEA,FTE,40.0
R1429,Manager,AMER,Contractor,40.0
R1430,Consultant,APAC,FTE,40.0
R1431,Analyst,AMER,FTE,40.0
R1432,Senior Consultant,APAC,FTE,40.0
R1433,Consultant,EMEA,FTE,40.0
R1434,Senior Consultant,EMEA,FTE,40.0
R1435,Architect,AMER,FTE,40.0
R1436,Analyst,EMEA,FTE,40.0
R1437,Architect,EMEA,FTE,40.0
R1438,Manager,AMER,FTE,40.0
R1439,Analyst,EMEA,Contractor,40.0
R1440,Manager,APAC,FTE,40.0
R1441,Manager,EMEA,FTE,40.0
R1442,Analyst,AMER,FTE,40.0
R1443,Analyst,EMEA,FTE,40.0
R1444,Architect,AMER,Contractor,40.0
R1445,Analyst,EMEA,FTE,40.0
R1446,Analyst,AMER,FTE,40.0
R1447,Senior Consultant,APAC,FTE,40.0
R1448,Analyst,EMEA,FTE,40.0
R1449,Senior Consultant,APAC,FTE,40.0
R1450,Manager,EMEA,FTE,40.0
R1451,Analyst,AMER,FTE,40.0
R1452,Analyst,APAC,FTE,40.0
R1453,Architect,AMER,FTE,40.0
R1454,Senior Consultant,AMER,FTE,40.0
R1455,Senior Consultant,APAC,FTE,40.0
R1456,Analyst,EMEA,FTE,40.0
R1457,Analyst,AMER,FTE,40.0
R1458,Analyst,EMEA,FTE,40.0
R1459,Senior Consultant,AMER,FTE,40.0
R1460,Analyst,APAC,FTE,40.0
R1461,Senior Consultant,AMER,FTE,40.0
R1462,Consultant,APAC,Contractor,40.0
R1463,Consultant,AMER,FTE,40.0
R1464,Senior Consultant,AMER,FTE,40.0
R1465,Senior Consultant,EMEA,FTE,40.0
R1466,Consultant,AMER,FTE,40.0
R1467,Analyst,EMEA,FTE,40.0
R1468,Senior Consultant,AMER,FTE,40.0
R1469,Consultant,EMEA,Contractor,40.0
R1470,Consultant,APAC,FTE,40.0
R1471,Consultant,AMER,FTE,40.0
R1472,Analyst,AMER,FTE,40.0
R1473,Senior Consultant,AMER,FTE,40.0
R1474,Senior Consultant,AMER,FTE,40.0
R1475,Senior Consultant,AMER,FTE,40.0
R1476,Consultant,AMER,FTE,40.0
R1477,Consultant,AMER,FTE,40.0
R1478,Architect,APAC,FTE,40.0
R1479,Senior Consultant,EMEA,FTE,40.0
R1480,Consultant,AMER,FTE,40.0
R1481,Analyst,AMER,Contractor,40.0
R1482,Architect,AMER,FTE,40.0
R1483,Consultant,EMEA,FTE,40.0
R1484,Analyst,APAC,Contractor,40.0
R1485,Senior Consultant,EMEA,FTE,40.0
R1486,Consultant,AMER,FTE,40.0
R1487,Analyst,APAC,FTE,40.0
R1488,Consultant,AMER,Contractor,40.0
R1489,Analyst,AMER,FTE,40.0
R1490,Senior Consultant,APAC,FTE,40.0
R1491,Architect,AMER,FTE,40.0
R1492,Analyst,EMEA,FTE,40.0
R1493,Senior Consultant,AMER,FTE,40.0
R1494,Architect,EMEA,FTE,40.0
R1495,Manager,AMER,Contractor,40.0
R1496,Consultant,EMEA,FTE,40.0
R1497,Consultant,EMEA,FTE,40.0
R1498,Manager,APAC,FTE,40.0
R1499,Consultant,AMER,FTE,40.0
R1500,Consultant,APAC,FTE,40.0
