resource_id,leave_type,start_date,end_date
R0001,company_holiday,2024-04-19,2024-04-19
R0002,pto,2024-04-05,2024-04-05
R0002,company_holiday,2024-04-19,2024-04-19
R0003,company_holiday,2024-04-19,2024-04-19
R0004,company_holiday,2024-04-19,2024-04-19
R0005,company_holiday,2024-04-19,2024-04-19
R0006,company_holiday,2024-04-19,2024-04-19
R0007,pto,2024-04-01,2024-04-03
R0007,company_holiday,2024-04-19,2024-04-19
R0008,company_holiday,2024-04-19,2024-04-19
R0009,company_holiday,2024-04-19,2024-04-19
R0010,company_holiday,2024-04-19,2024-04-19
R0011,company_holiday,2024-04-19,2024-04-19
R0012,pto,2024-04-13,2024-04-14
R0012,company_holiday,2024-04-19,2024-04-19
R0013,company_holiday,2024-04-19,2024-04-19
R0014,company_holiday,2024-04-19,2024-04-19
R0015,company_holiday,2024-04-19,2024-04-19
R0016,company_holiday,2024-04-19,2024-04-19
R0017,pto,2024-04-05,2024-04-06
R0017,company_holiday,2024-04-19,2024-04-19
R0018,company_holiday,2024-04-19,2024-04-19
R0019,company_holiday,2024-04-19,2024-04-19
R0020,company_holiday,2024-04-19,2024-04-19
R0021,company_holiday,2024-04-19,2024-04-19
R0022,pto,2024-04-14,2024-04-16
R0022,company_holiday,2024-04-19,2024-04-19
R0023,company_holiday,2024-04-19,2024-04-19
R0024,company_holiday,2024-04-19,2024-04-19
R0025,company_holiday,2024-04-19,2024-04-19
R0026,company_holiday,2024-04-19,2024-04-19
R0027,pto,2024-04-18,2024-04-19
R0027,company_holiday,2024-04-19,2024-04-19
R0028,company_holiday,2024-04-19,2024-04-19
R0029,company_holiday,2024-04-19,2024-04-19
R0030,company_holiday,2024-04-19,2024-04-19
R0031,company_holiday,2024-04-19,2024-04-19
R0032,pto,2024-04-17,2024-04-19
R0032,company_holiday,2024-04-19,2024-04-19
R0033,company_holiday,2024-04-19,2024-04-19
R0034,company_holiday,2024-04-19,2024-04-19
R0035,company_holiday,2024-04-19,2024-04-19
R0036,company_holiday,2024-04-19,2024-04-19
R0037,pto,2024-04-06,2024-04-07
R0037,company_holiday,2024-04-19,2024-04-19
R0038,company_holiday,2024-04-19,2024-04-19
R0039,company_holiday,2024-04-19,2024-04-19
R0040,company_holiday,2024-04-19,2024-04-19
R0041,company_holiday,2024-04-19,2024-04-19
R0042,pto,2024-04-23,2024-04-25
R0042,company_holiday,2024-04-19,2024-04-19
R0043,company_holiday,2024-04-19,2024-04-19
R0044,company_holiday,2024-04-19,2024-04-19
R0045,company_holiday,2024-04-19,2024-04-19
R0046,company_holiday,2024-04-19,2024-04-19
R0047,pto,2024-04-21,2024-04-21
R0047,company_holiday,2024-04-19,2024-04-19
R0048,company_holiday,2024-04-19,2024-04-19
R0049,company_holiday,2024-04-19,2024-04-19
R0050,company_holiday,2024-04-19,2024-04-19
R0051,company_holiday,2024-04-19,2024-04-19
R0052,pto,2024-04-21,2024-04-22
R0052,company_holiday,2024-04-19,2024-04-19
R0053,company_holiday,2024-04-19,2024-04-19
R0054,company_holiday,2024-04-19,2024-04-19
R0055,company_holiday,2024-04-19,2024-04-19
R0056,company_holiday,2024-04-19,2024-04-19
R0057,pto,2024-04-05,2024-04-07
R0057,company_holiday,2024-04-19,2024-04-19
R0058,company_holiday,2024-04-19,2024-04-19
R0059,company_holiday,2024-04-19,2024-04-19
R0060,company_holiday,2024-04-19,2024-04-19
R0061,company_holiday,2024-04-19,2024-04-19
R0062,pto,2024-04-22,2024-04-23
R0062,company_holiday,2024-04-19,2024-04-19
R0063,company_holiday,2024-04-19,2024-04-19
R0064,company_holiday,2024-04-19,2024-04-19
R0065,company_holiday,2024-04-19,2024-04-19
R0066,company_holiday,2024-04-19,2024-04-19
R0067,pto,2024-04-24,2024-04-26
R0067,company_holiday,2024-04-19,2024-04-19
R0068,company_holiday,2024-04-19,2024-04-19
R0069,company_holiday,2024-04-19,2024-04-19
R0070,company_holiday,2024-04-19,2024-04-19
R0071,company_holiday,2024-04-19,2024-04-19
R0072,pto,2024-04-11,2024-04-13
R0072,company_holiday,2024-04-19,2024-04-19
R0073,company_holiday,2024-04-19,2024-04-19
R0074,company_holiday,2024-04-19,2024-04-19
R0075,company_holiday,2024-04-19,2024-04-19
R0076,company_holiday,2024-04-19,2024-04-19
R0077,pto,2024-04-12,2024-04-12
R0077,company_holiday,2024-04-19,2024-04-19
R0078,company_holiday,2024-04-19,2024-04-19
R0079,company_holiday,2024-04-19,2024-04-19
R0080,company_holiday,2024-04-19,2024-04-19
R0081,company_holiday,2024-04-19,2024-04-19
R0082,pto,2024-04-03,2024-04-05
R0082,company_holiday,2024-04-19,2024-04-19
R0083,company_holiday,2024-04-19,2024-04-19
R0084,company_holiday,2024-04-19,2024-04-19
R0085,company_holiday,2024-04-19,2024-04-19
R0086,company_holiday,2024-04-19,2024-04-19
R0087,pto,2024-04-04,2024-04-06
R0087,company_holiday,2024-04-19,2024-04-19
R0088,company_holiday,2024-04-19,2024-04-19
R0089,company_holiday,2024-04-19,2024-04-19
R0090,company_holiday,2024-04-19,2024-04-19
R0091,company_holiday,2024-04-19,2024-04-19
R0092,pto,2024-04-23,2024-04-23
R0092,company_holiday,2024-04-19,2024-04-19
R0093,company_holiday,2024-04-19,2024-04-19
R0094,company_holiday,2024-04-19,2024-04-19
R0095,company_holiday,2024-04-19,2024-04-19
R0096,company_holiday,2024-04-19,2024-04-19
R0097,pto,2024-04-05,2024-04-05
R0097,company_holiday,2024-04-19,2024-04-19
R0098,company_holiday,2024-04-19,2024-04-19
R0099,company_holiday,2024-04-19,2024-04-19
R0100,company_holiday,2024-04-19,2024-04-19
R0101,company_holiday,2024-04-19,2024-04-19
R0102,pto,2024-04-17,2024-04-17
R0102,company_holiday,2024-04-19,2024-04-19
R0103,company_holiday,2024-04-19,2024-04-19
R0104,company_holiday,2024-04-19,2024-04-19
R0105,company_holiday,2024-04-19,2024-04-19
R0106,company_holiday,2024-04-19,2024-04-19
R0107,pto,2024-04-17,2024-04-19
R0107,company_holiday,2024-04-19,2024-04-19
R0108,company_holiday,2024-04-19,2024-04-19
R0109,company_holiday,2024-04-19,2024-04-19
R0110,company_holiday,2024-04-19,2024-04-19
R0111,company_holiday,2024-04-19,2024-04-19
R0112,pto,2024-04-16,2024-04-18
R0112,company_holiday,2024-04-19,2024-04-19
R0113,company_holiday,2024-04-19,2024-04-19
R0114,company_holiday,2024-04-19,2024-04-19
R0115,company_holiday,2024-04-19,2024-04-19
R0116,company_holiday,2024-04-19,2024-04-19
R0117,pto,2024-04-12,2024-04-14
R0117,company_holiday,2024-04-19,2024-04-19
R0118,company_holiday,2024-04-19,2024-04-19
R0119,company_holiday,2024-04-19,2024-04-19
R0120,company_holiday,2024-04-19,2024-04-19
R0121,company_holiday,2024-04-19,2024-04-19
R0122,pto,2024-04-19,2024-04-20
R0122,company_holiday,2024-04-19,2024-04-19
R0123,company_holiday,2024-04-19,2024-04-19
R0124,company_holiday,2024-04-19,2024-04-19
R0125,company_holiday,2024-04-19,2024-04-19
R0126,company_holiday,2024-04-19,2024-04-19
R0127,pto,2024-04-07,2024-04-09
R0127,company_holiday,2024-04-19,2024-04-19
R0128,company_holiday,2024-04-19,2024-04-19
R0129,company_holiday,2024-04-19,2024-04-19
R0130,company_holiday,2024-04-19,2024-04-19
R0131,company_holiday,2024-04-19,2024-04-19
R0132,pto,2024-04-19,2024-04-19
R0132,company_holiday,2024-04-19,2024-04-19
R0133,company_holiday,2024-04-19,2024-04-19
R0134,company_holiday,2024-04-19,2024-04-19
R0135,company_holiday,2024-04-19,2024-04-19
R0136,company_holiday,2024-04-19,2024-04-19
R0137,pto,2024-04-08,2024-04-10
R0137,company_holiday,2024-04-19,2024-04-19
R0138,company_holiday,2024-04-19,2024-04-19
R0139,company_holiday,2024-04-19,2024-04-19
R0140,company_holiday,2024-04-19,2024-04-19
R0141,company_holiday,2024-04-19,2024-04-19
R0142,pto,2024-04-04,2024-04-06
R0142,company_holiday,2024-04-19,2024-04-19
R0143,company_holiday,2024-04-19,2024-04-19
R0144,company_holiday,2024-04-19,2024-04-19
R0145,company_holiday,2024-04-19,2024-04-19
R0146,company_holiday,2024-04-19,2024-04-19
R0147,pto,2024-04-04,2024-04-05
R0147,company_holiday,2024-04-19,2024-04-19
R0148,company_holiday,2024-04-19,2024-04-19
R0149,company_holiday,2024-04-19,2024-04-19
R0150,company_holiday,2024-04-19,2024-04-19
R0151,company_holiday,2024-04-19,2024-04-19
R0152,pto,2024-04-08,2024-04-08
R0152,company_holiday,2024-04-19,2024-04-19
R0153,company_holiday,2024-04-19,2024-04-19
R0154,company_holiday,2024-04-19,2024-04-19
R0155,company_holiday,2024-04-19,2024-04-19
R0156,company_holiday,2024-04-19,2024-04-19
R0157,pto,2024-04-06,2024-04-08
R0157,company_holiday,2024-04-19,2024-04-19
R0158,company_holiday,2024-04-19,2024-04-19
R0159,company_holiday,2024-04-19,2024-04-19
R0160,company_holiday,2024-04-19,2024-04-19
R0161,company_holiday,2024-04-19,2024-04-19
R0162,pto,2024-04-07,2024-04-09
R0162,company_holiday,2024-04-19,2024-04-19
R0163,company_holiday,2024-04-19,2024-04-19
R0164,company_holiday,2024-04-19,2024-04-19
R0165,company_holiday,2024-04-19,2024-04-19
R0166,company_holiday,2024-04-19,2024-04-19
R0167,pto,2024-04-16,2024-04-18
R0167,company_holiday,2024-04-19,2024-04-19
R0168,company_holiday,2024-04-19,2024-04-19
R0169,company_holiday,2024-04-19,2024-04-19
R0170,company_holiday,2024-04-19,2024-04-19
R0171,company_holiday,2024-04-19,2024-04-19
R0172,pto,2024-04-12,2024-04-13
R0172,company_holiday,2024-04-19,2024-04-19
R0173,company_holiday,2024-04-19,2024-04-19
R0174,company_holiday,2024-04-19,2024-04-19
R0175,company_holiday,2024-04-19,2024-04-19
R0176,company_holiday,2024-04-19,2024-04-19
R0177,pto,2024-04-02,2024-04-03
R0177,company_holiday,2024-04-19,2024-04-19
R0178,company_holiday,2024-04-19,2024-04-19
R0179,company_holiday,2024-04-19,2024-04-19
R0180,company_holiday,2024-04-19,2024-04-19
R0181,company_holiday,2024-04-19,2024-04-19
R0182,pto,2024-04-15,2024-04-16
R0182,company_holiday,2024-04-19,2024-04-19
R0183,company_holiday,2024-04-19,2024-04-19
R0184,company_holiday,2024-04-19,2024-04-19
R0185,company_holiday,2024-04-19,2024-04-19
R0186,company_holiday,2024-04-19,2024-04-19
R0187,pto,2024-04-05,2024-04-06
R0187,company_holiday,2024-04-19,2024-04-19
R0188,company_holiday,2024-04-19,2024-04-19
R0189,company_holiday,2024-04-19,2024-04-19
R0190,company_holiday,2024-04-19,2024-04-19
R0191,company_holiday,2024-04-19,2024-04-19
R0192,pto,2024-04-24,2024-04-26
R0192,company_holiday,2024-04-19,2024-04-19
R0193,company_holiday,2024-04-19,2024-04-19
R0194,company_holiday,2024-04-19,2024-04-19
R0195,company_holiday,2024-04-19,2024-04-19
R0196,company_holiday,2024-04-19,2024-04-19
R0197,pto,2024-04-09,2024-04-09
R0197,company_holiday,2024-04-19,2024-04-19
R0198,company_holiday,2024-04-19,2024-04-19
R0199,company_holiday,2024-04-19,2024-04-19
R0200,company_holiday,2024-04-19,2024-04-19
R0201,company_holiday,2024-04-19,2024-04-19
R0202,pto,2024-04-01,2024-04-02
R0202,company_holiday,2024-04-19,2024-04-19
R0203,company_holiday,2024-04-19,2024-04-19
R0204,company_holiday,2024-04-19,2024-04-19
R0205,company_holiday,2024-04-19,2024-04-19
R0206,company_holiday,2024-04-19,2024-04-19
R0207,pto,2024-04-17,2024-04-19
R0207,company_holiday,2024-04-19,2024-04-19
R0208,company_holiday,2024-04-19,2024-04-19
R0209,company_holiday,2024-04-19,2024-04-19
R0210,company_holiday,2024-04-19,2024-04-19
R0211,company_holiday,2024-04-19,2024-04-19
R0212,pto,2024-04-14,2024-04-14
R0212,company_holiday,2024-04-19,2024-04-19
R0213,company_holiday,2024-04-19,2024-04-19
R0214,company_holiday,2024-04-19,2024-04-19
R0215,company_holiday,2024-04-19,2024-04-19
R0216,company_holiday,2024-04-19,2024-04-19
R0217,pto,2024-04-01,2024-04-02
R0217,company_holiday,2024-04-19,2024-04-19
R0218,company_holiday,2024-04-19,2024-04-19
R0219,company_holiday,2024-04-19,2024-04-19
R0220,company_holiday,2024-04-19,2024-04-19
R0221,company_holiday,2024-04-19,2024-04-19
R0222,pto,2024-04-07,2024-04-09
R0222,company_holiday,2024-04-19,2024-04-19
R0223,company_holiday,2024-04-19,2024-04-19
R0224,company_holiday,2024-04-19,2024-04-19
R0225,company_holiday,2024-04-19,2024-04-19
R0226,company_holiday,2024-04-19,2024-04-19
R0227,pto,2024-04-16,2024-04-17
R0227,company_holiday,2024-04-19,2024-04-19
R0228,company_holiday,2024-04-19,2024-04-19
R0229,company_holiday,2024-04-19,2024-04-19
R0230,company_holiday,2024-04-19,2024-04-19
R0231,company_holiday,2024-04-19,2024-04-19
R0232,pto,2024-04-18,2024-04-19
R0232,company_holiday,2024-04-19,2024-04-19
R0233,company_holiday,2024-04-19,2024-04-19
R0234,company_holiday,2024-04-19,2024-04-19
R0235,company_holiday,2024-04-19,2024-04-19
R0236,company_holiday,2024-04-19,2024-04-19
R0237,pto,2024-04-16,2024-04-18
R0237,company_holiday,2024-04-19,2024-04-19
R0238,company_holiday,2024-04-19,2024-04-19
R0239,company_holiday,2024-04-19,2024-04-19
R0240,company_holiday,2024-04-19,2024-04-19
R0241,company_holiday,2024-04-19,2024-04-19
R0242,pto,2024-04-02,2024-04-02
R0242,company_holiday,2024-04-19,2024-04-19
R0243,company_holiday,2024-04-19,2024-04-19
R0244,company_holiday,2024-04-19,2024-04-19
R0245,company_holiday,2024-04-19,2024-04-19
R0246,company_holiday,2024-04-19,2024-04-19
R0247,pto,2024-04-12,2024-04-14
R0247,company_holiday,2024-04-19,2024-04-19
R0248,company_holiday,2024-04-19,2024-04-19
R0249,company_holiday,2024-04-19,2024-04-19
R0250,company_holiday,2024-04-19,2024-04-19
R0251,company_holiday,2024-04-19,2024-04-19
R0252,pto,2024-04-11,2024-04-13
R0252,company_holiday,2024-04-19,2024-04-19
R0253,company_holiday,2024-04-19,2024-04-19
R0254,company_holiday,2024-04-19,2024-04-19
R0255,company_holiday,2024-04-19,2024-04-19
R0256,company_holiday,2024-04-19,2024-04-19
R0257,pto,2024-04-24,2024-04-24
R0257,company_holiday,2024-04-19,2024-04-19
R0258,company_holiday,2024-04-19,2024-04-19
R0259,company_holiday,2024-04-19,2024-04-19
R0260,company_holiday,2024-04-19,2024-04-19
R0261,company_holiday,2024-04-19,2024-04-19
R0262,pto,2024-04-16,2024-04-16
R0262,company_holiday,2024-04-19,2024-04-19
R0263,company_holiday,2024-04-19,2024-04-19
R0264,company_holiday,2024-04-19,2024-04-19
R0265,company_holiday,2024-04-19,2024-04-19
R0266,company_holiday,2024-04-19,2024-04-19
R0267,pto,2024-04-19,2024-04-19
R0267,company_holiday,2024-04-19,2024-04-19
R0268,company_holiday,2024-04-19,2024-04-19
R0269,company_holiday,2024-04-19,2024-04-19
R0270,company_holiday,2024-04-19,2024-04-19
R0271,company_holiday,2024-04-19,2024-04-19
R0272,pto,2024-04-03,2024-04-05
R0272,company_holiday,2024-04-19,2024-04-19
R0273,company_holiday,2024-04-19,2024-04-19
R0274,company_holiday,2024-04-19,2024-04-19
R0275,company_holiday,2024-04-19,2024-04-19
R0276,company_holiday,2024-04-19,2024-04-19
R0277,pto,2024-04-10,2024-04-11
R0277,company_holiday,2024-04-19,2024-04-19
R0278,company_holiday,2024-04-19,2024-04-19
R0279,company_holiday,2024-04-19,2024-04-19
R0280,company_holiday,2024-04-19,2024-04-19
R0281,company_holiday,2024-04-19,2024-04-19
R0282,pto,2024-04-11,2024-04-12
R0282,company_holiday,2024-04-19,2024-04-19
R0283,company_holiday,2024-04-19,2024-04-19
R0284,company_holiday,2024-04-19,2024-04-19
R0285,company_holiday,2024-04-19,2024-04-19
R0286,company_holiday,2024-04-19,2024-04-19
R0287,pto,2024-04-17,2024-04-19
R0287,company_holiday,2024-04-19,2024-04-19
R0288,company_holiday,2024-04-19,2024-04-19
R0289,company_holiday,2024-04-19,2024-04-19
R0290,company_holiday,2024-04-19,2024-04-19
R0291,company_holiday,2024-04-19,2024-04-19
R0292,pto,2024-04-23,2024-04-24
R0292,company_holiday,2024-04-19,2024-04-19
R0293,company_holiday,2024-04-19,2024-04-19
R0294,company_holiday,2024-04-19,2024-04-19
R0295,company_holiday,2024-04-19,2024-04-19
R0296,company_holiday,2024-04-19,2024-04-19
R0297,pto,2024-04-21,2024-04-22
R0297,company_holiday,2024-04-19,2024-04-19
R0298,company_holiday,2024-04-19,2024-04-19
R0299,company_holiday,2024-04-19,2024-04-19
R0300,company_holiday,2024-04-19,2024-04-19
R0301,company_holiday,2024-04-19,2024-04-19
R0302,pto,2024-04-02,2024-04-04
R0302,company_holiday,2024-04-19,2024-04-19
R0303,company_holiday,2024-04-19,2024-04-19
R0304,company_holiday,2024-04-19,2024-04-19
R0305,company_holiday,2024-04-19,2024-04-19
R0306,company_holiday,2024-04-19,2024-04-19
R0307,pto,2024-04-11,2024-04-12
R0307,company_holiday,2024-04-19,2024-04-19
R0308,company_holiday,2024-04-19,2024-04-19
R0309,company_holiday,2024-04-19,2024-04-19
R0310,company_holiday,2024-04-19,2024-04-19
R0311,company_holiday,2024-04-19,2024-04-19
R0312,pto,2024-04-21,2024-04-23
R0312,company_holiday,2024-04-19,2024-04-19
R0313,company_holiday,2024-04-19,2024-04-19
R0314,company_holiday,2024-04-19,2024-04-19
R0315,company_holiday,2024-04-19,2024-04-19
R0316,company_holiday,2024-04-19,2024-04-19
R0317,pto,2024-04-24,2024-04-25
R0317,company_holiday,2024-04-19,2024-04-19
R0318,company_holiday,2024-04-19,2024-04-19
R0319,company_holiday,2024-04-19,2024-04-19
R0320,company_holiday,2024-04-19,2024-04-19
R0321,company_holiday,2024-04-19,2024-04-19
R0322,pto,2024-04-11,2024-04-12
R0322,company_holiday,2024-04-19,2024-04-19
R0323,company_holiday,2024-04-19,2024-04-19
R0324,company_holiday,2024-04-19,2024-04-19
R0325,company_holiday,2024-04-19,2024-04-19
R0326,company_holiday,2024-04-19,2024-04-19
R0327,pto,2024-04-09,2024-04-09
R0327,company_holiday,2024-04-19,2024-04-19
R0328,company_holiday,2024-04-19,2024-04-19
R0329,company_holiday,2024-04-19,2024-04-19
R0330,company_holiday,2024-04-19,2024-04-19
R0331,company_holiday,2024-04-19,2024-04-19
R0332,pto,2024-04-08,2024-04-10
R0332,company_holiday,2024-04-19,2024-04-19
R0333,company_holiday,2024-04-19,2024-04-19
R0334,company_holiday,2024-04-19,2024-04-19
R0335,company_holiday,2024-04-19,2024-04-19
R0336,company_holiday,2024-04-19,2024-04-19
R0337,pto,2024-04-08,2024-04-09
R0337,company_holiday,2024-04-19,2024-04-19
R0338,company_holiday,2024-04-19,2024-04-19
R0339,company_holiday,2024-04-19,2024-04-19
R0340,company_holiday,2024-04-19,2024-04-19
R0341,company_holiday,2024-04-19,2024-04-19
R0342,pto,2024-04-06,2024-04-08
R0342,company_holiday,2024-04-19,2024-04-19
R0343,company_holiday,2024-04-19,2024-04-19
R0344,company_holiday,2024-04-19,2024-04-19
R0345,company_holiday,2024-04-19,2024-04-19
R0346,company_holiday,2024-04-19,2024-04-19
R0347,pto,2024-04-11,2024-04-12
R0347,company_holiday,2024-04-19,2024-04-19
R0348,company_holiday,2024-04-19,2024-04-19
R0349,company_holiday,2024-04-19,2024-04-19
R0350,company_holiday,2024-04-19,2024-04-19
R0351,company_holiday,2024-04-19,2024-04-19
R0352,pto,2024-04-24,2024-04-26
R0352,company_holiday,2024-04-19,2024-04-19
R0353,company_holiday,2024-04-19,2024-04-19
R0354,company_holiday,2024-04-19,2024-04-19
R0355,company_holiday,2024-04-19,2024-04-19
R0356,company_holiday,2024-04-19,2024-04-19
R0357,pto,2024-04-08,2024-04-08
R0357,company_holiday,2024-04-19,2024-04-19
R0358,company_holiday,2024-04-19,2024-04-19
R0359,company_holiday,2024-04-19,2024-04-19
R0360,company_holiday,2024-04-19,2024-04-19
R0361,company_holiday,2024-04-19,2024-04-19
R0362,pto,2024-04-14,2024-04-16
R0362,company_holiday,2024-04-19,2024-04-19
R0363,company_holiday,2024-04-19,2024-04-19
R0364,company_holiday,2024-04-19,2024-04-19
R0365,company_holiday,2024-04-19,2024-04-19
R0366,company_holiday,2024-04-19,2024-04-19
R0367,pto,2024-04-24,2024-04-25
R0367,company_holiday,2024-04-19,2024-04-19
R0368,company_holiday,2024-04-19,2024-04-19
R0369,company_holiday,2024-04-19,2024-04-19
R0370,company_holiday,2024-04-19,2024-04-19
R0371,company_holiday,2024-04-19,2024-04-19
R0372,pto,2024-04-14,2024-04-14
R0372,company_holiday,2024-04-19,2024-04-19
R0373,company_holiday,2024-04-19,2024-04-19
R0374,company_holiday,2024-04-19,2024-04-19
R0375,company_holiday,2024-04-19,2024-04-19
R0376,company_holiday,2024-04-19,2024-04-19
R0377,pto,2024-04-18,2024-04-19
R0377,company_holiday,2024-04-19,2024-04-19
R0378,company_holiday,2024-04-19,2024-04-19
R0379,company_holiday,2024-04-19,2024-04-19
R0380,company_holiday,2024-04-19,2024-04-19
R0381,company_holiday,2024-04-19,2024-04-19
R0382,pto,2024-04-16,2024-04-16
R0382,company_holiday,2024-04-19,2024-04-19
R0383,company_holiday,2024-04-19,2024-04-19
R0384,company_holiday,2024-04-19,2024-04-19
R0385,company_holiday,2024-04-19,2024-04-19
R0386,company_holiday,2024-04-19,2024-04-19
R0387,pto,2024-04-11,2024-04-11
R0387,company_holiday,2024-04-19,2024-04-19
R0388,company_holiday,2024-04-19,2024-04-19
R0389,company_holiday,2024-04-19,2024-04-19
R0390,company_holiday,2024-04-19,2024-04-19
R0391,company_holiday,2024-04-19,2024-04-19
R0392,pto,2024-04-09,2024-04-10
R0392,company_holiday,2024-04-19,2024-04-19
R0393,company_holiday,2024-04-19,2024-04-19
R0394,company_holiday,2024-04-19,2024-04-19
R0395,company_holiday,2024-04-19,2024-04-19
R0396,company_holiday,2024-04-19,2024-04-19
R0397,pto,2024-04-11,2024-04-13
R0397,company_holiday,2024-04-19,2024-04-19
R0398,company_holiday,2024-04-19,2024-04-19
R0399,company_holiday,2024-04-19,2024-04-19
R0400,company_holiday,2024-04-19,2024-04-19
R0401,company_holiday,2024-04-19,2024-04-19
R0402,pto,2024-04-15,2024-04-17
R0402,company_holiday,2024-04-19,2024-04-19
R0403,company_holiday,2024-04-19,2024-04-19
R0404,company_holiday,2024-04-19,2024-04-19
R0405,company_holiday,2024-04-19,2024-04-19
R0406,company_holiday,2024-04-19,2024-04-19
R0407,pto,2024-04-05,2024-04-07
R0407,company_holiday,2024-04-19,2024-04-19
R0408,company_holiday,2024-04-19,2024-04-19
R0409,company_holiday,2024-04-19,2024-04-19
R0410,company_holiday,2024-04-19,2024-04-19
R0411,company_holiday,2024-04-19,2024-04-19
R0412,pto,2024-04-15,2024-04-15
R0412,company_holiday,2024-04-19,2024-04-19
R0413,company_holiday,2024-04-19,2024-04-19
R0414,company_holiday,2024-04-19,2024-04-19
R0415,company_holiday,2024-04-19,2024-04-19
R0416,company_holiday,2024-04-19,2024-04-19
R0417,pto,2024-04-21,2024-04-21
R0417,company_holiday,2024-04-19,2024-04-19
R0418,company_holiday,2024-04-19,2024-04-19
R0419,company_holiday,2024-04-19,2024-04-19
R0420,company_holiday,2024-04-19,2024-04-19
R0421,company_holiday,2024-04-19,2024-04-19
R0422,pto,2024-04-20,2024-04-20
R0422,company_holiday,2024-04-19,2024-04-19
R0423,company_holiday,2024-04-19,2024-04-19
R0424,company_holiday,2024-04-19,2024-04-19
R0425,company_holiday,2024-04-19,2024-04-19
R0426,company_holiday,2024-04-19,2024-04-19
R0427,pto,2024-04-17,2024-04-19
R0427,company_holiday,2024-04-19,2024-04-19
R0428,company_holiday,2024-04-19,2024-04-19
R0429,company_holiday,2024-04-19,2024-04-19
R0430,company_holiday,2024-04-19,2024-04-19
R0431,company_holiday,2024-04-19,2024-04-19
R0432,pto,2024-04-03,2024-04-05
R0432,company_holiday,2024-04-19,2024-04-19
R0433,company_holiday,2024-04-19,2024-04-19
R0434,company_holiday,2024-04-19,2024-04-19
R0435,company_holiday,2024-04-19,2024-04-19
R0436,company_holiday,2024-04-19,2024-04-19
R0437,pto,2024-04-22,2024-04-23
R0437,company_holiday,2024-04-19,2024-04-19
R0438,company_holiday,2024-04-19,2024-04-19
R0439,company_holiday,2024-04-19,2024-04-19
R0440,company_holiday,2024-04-19,2024-04-19
R0441,company_holiday,2024-04-19,2024-04-19
R0442,pto,2024-04-06,2024-04-07
R0442,company_holiday,2024-04-19,2024-04-19
R0443,company_holiday,2024-04-19,2024-04-19
R0444,company_holiday,2024-04-19,2024-04-19
R0445,company_holiday,2024-04-19,2024-04-19
R0446,company_holiday,2024-04-19,2024-04-19
R0447,pto,2024-04-19,2024-04-19
R0447,company_holiday,2024-04-19,2024-04-19
R0448,company_holiday,2024-04-19,2024-04-19
R0449,company_holiday,2024-04-19,2024-04-19
R0450,company_holiday,2024-04-19,2024-04-19
R0451,company_holiday,2024-04-19,2024-04-19
R0452,pto,2024-04-04,2024-04-05
R0452,company_holiday,2024-04-19,2024-04-19
R0453,company_holiday,2024-04-19,2024-04-19
R0454,company_holiday,2024-04-19,2024-04-19
R0455,company_holiday,2024-04-19,2024-04-19
R0456,company_holiday,2024-04-19,2024-04-19
R0457,pto,2024-04-07,2024-04-09
R0457,company_holiday,2024-04-19,2024-04-19
R0458,company_holiday,2024-04-19,2024-04-19
R0459,company_holiday,2024-04-19,2024-04-19
R0460,company_holiday,2024-04-19,2024-04-19
R0461,company_holiday,2024-04-19,2024-04-19
R0462,pto,2024-04-14,2024-04-15
R0462,company_holiday,2024-04-19,2024-04-19
R0463,company_holiday,2024-04-19,2024-04-19
R0464,company_holiday,2024-04-19,2024-04-19
R0465,company_holiday,2024-04-19,2024-04-19
R0466,company_holiday,2024-04-19,2024-04-19
R0467,pto,2024-04-09,2024-04-10
R0467,company_holiday,2024-04-19,2024-04-19
R0468,company_holiday,2024-04-19,2024-04-19
R0469,company_holiday,2024-04-19,2024-04-19
R0470,company_holiday,2024-04-19,2024-04-19
R0471,company_holiday,2024-04-19,2024-04-19
R0472,pto,2024-04-07,2024-04-08
R0472,company_holiday,2024-04-19,2024-04-19
R0473,company_holiday,2024-04-19,2024-04-19
R0474,company_holiday,2024-04-19,2024-04-19
R0475,company_holiday,2024-04-19,2024-04-19
R0476,company_holiday,2024-04-19,2024-04-19
R0477,pto,2024-04-01,2024-04-02
R0477,company_holiday,2024-04-19,2024-04-19
R0478,company_holiday,2024-04-19,2024-04-19
R0479,company_holiday,2024-04-19,2024-04-19
R0480,company_holiday,2024-04-19,2024-04-19
R0481,company_holiday,2024-04-19,2024-04-19
R0482,pto,2024-04-19,2024-04-20
R0482,company_holiday,2024-04-19,2024-04-19
R0483,company_holiday,2024-04-19,2024-04-19
R0484,company_holiday,2024-04-19,2024-04-19
R0485,company_holiday,2024-04-19,2024-04-19
R0486,company_holiday,2024-04-19,2024-04-19
R0487,pto,2024-04-02,2024-04-04
R0487,company_holiday,2024-04-19,2024-04-19
R0488,company_holiday,2024-04-19,2024-04-19
R0489,company_holiday,2024-04-19,2024-04-19
R0490,company_holiday,2024-04-19,2024-04-19
R0491,company_holiday,2024-04-19,2024-04-19
R0492,pto,2024-04-07,2024-04-08
R0492,company_holiday,2024-04-19,2024-04-19
R0493,company_holiday,2024-04-19,2024-04-19
R0494,company_holiday,2024-04-19,2024-04-19
R0495,company_holiday,2024-04-19,2024-04-19
R0496,company_holiday,2024-04-19,2024-04-19
R0497,pto,2024-04-18,2024-04-18
R0497,company_holiday,2024-04-19,2024-04-19
R0498,company_holiday,2024-04-19,2024-04-19
R0499,company_holiday,2024-04-19,2024-04-19
R0500,company_holiday,2024-04-19,2024-04-19
R0501,company_holiday,2024-04-19,2024-04-19
R0502,pto,2024-04-08,2024-04-09
R0502,company_holiday,2024-04-19,2024-04-19
R0503,company_holiday,2024-04-19,2024-04-19
R0504,company_holiday,2024-04-19,2024-04-19
R0505,company_holiday,2024-04-19,2024-04-19
R0506,company_holiday,2024-04-19,2024-04-19
R0507,pto,2024-04-12,2024-04-12
R0507,company_holiday,2024-04-19,2024-04-19
R0508,company_holiday,2024-04-19,2024-04-19
R0509,company_holiday,2024-04-19,2024-04-19
R0510,company_holiday,2024-04-19,2024-04-19
R0511,company_holiday,2024-04-19,2024-04-19
R0512,pto,2024-04-02,2024-04-02
R0512,company_holiday,2024-04-19,2024-04-19
R0513,company_holiday,2024-04-19,2024-04-19
R0514,company_holiday,2024-04-19,2024-04-19
R0515,company_holiday,2024-04-19,2024-04-19
R0516,company_holiday,2024-04-19,2024-04-19
R0517,pto,2024-04-08,2024-04-08
R0517,company_holiday,2024-04-19,2024-04-19
R0518,company_holiday,2024-04-19,2024-04-19
R0519,company_holiday,2024-04-19,2024-04-19
R0520,company_holiday,2024-04-19,2024-04-19
R0521,company_holiday,2024-04-19,2024-04-19
R0522,pto,2024-04-19,2024-04-21
R0522,company_holiday,2024-04-19,2024-04-19
R0523,company_holiday,2024-04-19,2024-04-19
R0524,company_holiday,2024-04-19,2024-04-19
R0525,company_holiday,2024-04-19,2024-04-19
R0526,company_holiday,2024-04-19,2024-04-19
R0527,pto,2024-04-20,2024-04-20
R0527,company_holiday,2024-04-19,2024-04-19
R0528,company_holiday,2024-04-19,2024-04-19
R0529,company_holiday,2024-04-19,2024-04-19
R0530,company_holiday,2024-04-19,2024-04-19
R0531,company_holiday,2024-04-19,2024-04-19
R0532,pto,2024-04-09,2024-04-11
R0532,company_holiday,2024-04-19,2024-04-19
R0533,company_holiday,2024-04-19,2024-04-19
R0534,company_holiday,2024-04-19,2024-04-19
R0535,company_holiday,2024-04-19,2024-04-19
R0536,company_holiday,2024-04-19,2024-04-19
R0537,pto,2024-04-04,2024-04-05
R0537,company_holiday,2024-04-19,2024-04-19
R0538,company_holiday,2024-04-19,2024-04-19
R0539,company_holiday,2024-04-19,2024-04-19
R0540,company_holiday,2024-04-19,2024-04-19
R0541,company_holiday,2024-04-19,2024-04-19
R0542,pto,2024-04-11,2024-04-12
R0542,company_holiday,2024-04-19,2024-04-19
R0543,company_holiday,2024-04-19,2024-04-19
R0544,company_holiday,2024-04-19,2024-04-19
R0545,company_holiday,2024-04-19,2024-04-19
R0546,company_holiday,2024-04-19,2024-04-19
R0547,pto,2024-04-23,2024-04-25
R0547,company_holiday,2024-04-19,2024-04-19
R0548,company_holiday,2024-04-19,2024-04-19
R0549,company_holiday,2024-04-19,2024-04-19
R0550,company_holiday,2024-04-19,2024-04-19
R0551,company_holiday,2024-04-19,2024-04-19
R0552,pto,2024-04-24,2024-04-24
R0552,company_holiday,2024-04-19,2024-04-19
R0553,company_holiday,2024-04-19,2024-04-19
R0554,company_holiday,2024-04-19,2024-04-19
R0555,company_holiday,2024-04-19,2024-04-19
R0556,company_holiday,2024-04-19,2024-04-19
R0557,pto,2024-04-02,2024-04-04
R0557,company_holiday,2024-04-19,2024-04-19
R0558,company_holiday,2024-04-19,2024-04-19
R0559,company_holiday,2024-04-19,2024-04-19
R0560,company_holiday,2024-04-19,2024-04-19
R0561,company_holiday,2024-04-19,2024-04-19
R0562,pto,2024-04-04,2024-04-05
R0562,company_holiday,2024-04-19,2024-04-19
R0563,company_holiday,2024-04-19,2024-04-19
R0564,company_holiday,2024-04-19,2024-04-19
R0565,company_holiday,2024-04-19,2024-04-19
R0566,company_holiday,2024-04-19,2024-04-19
R0567,pto,2024-04-22,2024-04-22
R0567,company_holiday,2024-04-19,2024-04-19
R0568,company_holiday,2024-04-19,2024-04-19
R0569,company_holiday,2024-04-19,2024-04-19
R0570,company_holiday,2024-04-19,2024-04-19
R0571,company_holiday,2024-04-19,2024-04-19
R0572,pto,2024-04-15,2024-04-17
R0572,company_holiday,2024-04-19,2024-04-19
R0573,company_holiday,2024-04-19,2024-04-19
R0574,company_holiday,2024-04-19,2024-04-19
R0575,company_holiday,2024-04-19,2024-04-19
R0576,company_holiday,2024-04-19,2024-04-19
R0577,pto,2024-04-24,2024-04-24
R0577,company_holiday,2024-04-19,2024-04-19
R0578,company_holiday,2024-04-19,2024-04-19
R0579,company_holiday,2024-04-19,2024-04-19
R0580,company_holiday,2024-04-19,2024-04-19
R0581,company_holiday,2024-04-19,2024-04-19
R0582,pto,2024-04-07,2024-04-07
R0582,company_holiday,2024-04-19,2024-04-19
R0583,company_holiday,2024-04-19,2024-04-19
R0584,company_holiday,2024-04-19,2024-04-19
R0585,company_holiday,2024-04-19,2024-04-19
R0586,company_holiday,2024-04-19,2024-04-19
R0587,pto,2024-04-15,2024-04-17
R0587,company_holiday,2024-04-19,2024-04-19
R0588,company_holiday,2024-04-19,2024-04-19
R0589,company_holiday,2024-04-19,2024-04-19
R0590,company_holiday,2024-04-19,2024-04-19
R0591,company_holiday,2024-04-19,2024-04-19
R0592,pto,2024-04-22,2024-04-22
R0592,company_holiday,2024-04-19,2024-04-19
R0593,company_holiday,2024-04-19,2024-04-19
R0594,company_holiday,2024-04-19,2024-04-19
R0595,company_holiday,2024-04-19,2024-04-19
R0596,company_holiday,2024-04-19,2024-04-19
R0597,pto,2024-04-13,2024-04-15
R0597,company_holiday,2024-04-19,2024-04-19
R0598,company_holiday,2024-04-19,2024-04-19
R0599,company_holiday,2024-04-19,2024-04-19
R0600,company_holiday,2024-04-19,2024-04-19
R0601,company_holiday,2024-04-19,2024-04-19
R0602,pto,2024-04-17,2024-04-17
R0602,company_holiday,2024-04-19,2024-04-19
R0603,company_holiday,2024-04-19,2024-04-19
R0604,company_holiday,2024-04-19,2024-04-19
R0605,company_holiday,2024-04-19,2024-04-19
R0606,company_holiday,2024-04-19,2024-04-19
R0607,pto,2024-04-22,2024-04-24
R0607,company_holiday,2024-04-19,2024-04-19
R0608,company_holiday,2024-04-19,2024-04-19
R0609,company_holiday,2024-04-19,2024-04-19
R0610,company_holiday,2024-04-19,2024-04-19
R0611,company_holiday,2024-04-19,2024-04-19
R0612,pto,2024-04-16,2024-04-17
R0612,company_holiday,2024-04-19,2024-04-19
R0613,company_holiday,2024-04-19,2024-04-19
R0614,company_holiday,2024-04-19,2024-04-19
R0615,company_holiday,2024-04-19,2024-04-19
R0616,company_holiday,2024-04-19,2024-04-19
R0617,pto,2024-04-19,2024-04-19
R0617,company_holiday,2024-04-19,2024-04-19
R0618,company_holiday,2024-04-19,2024-04-19
R0619,company_holiday,2024-04-19,2024-04-19
R0620,company_holiday,2024-04-19,2024-04-19
R0621,company_holiday,2024-04-19,2024-04-19
R0622,pto,2024-04-06,2024-04-08
R0622,company_holiday,2024-04-19,2024-04-19
R0623,company_holiday,2024-04-19,2024-04-19
R0624,company_holiday,2024-04-19,2024-04-19
R0625,company_holiday,2024-04-19,2024-04-19
R0626,company_holiday,2024-04-19,2024-04-19
R0627,pto,2024-04-09,2024-04-11
R0627,company_holiday,2024-04-19,2024-04-19
R0628,company_holiday,2024-04-19,2024-04-19
R0629,company_holiday,2024-04-19,2024-04-19
R0630,company_holiday,2024-04-19,2024-04-19
R0631,company_holiday,2024-04-19,2024-04-19
R0632,pto,2024-04-10,2024-04-12
R0632,company_holiday,2024-04-19,2024-04-19
R0633,company_holiday,2024-04-19,2024-04-19
R0634,company_holiday,2024-04-19,2024-04-19
R0635,company_holiday,2024-04-19,2024-04-19
R0636,company_holiday,2024-04-19,2024-04-19
R0637,pto,2024-04-20,2024-04-21
R0637,company_holiday,2024-04-19,2024-04-19
R0638,company_holiday,2024-04-19,2024-04-19
R0639,company_holiday,2024-04-19,2024-04-19
R0640,company_holiday,2024-04-19,2024-04-19
R0641,company_holiday,2024-04-19,2024-04-19
R0642,pto,2024-04-10,2024-04-12
R0642,company_holiday,2024-04-19,2024-04-19
R0643,company_holiday,2024-04-19,2024-04-19
R0644,company_holiday,2024-04-19,2024-04-19
R0645,company_holiday,2024-04-19,2024-04-19
R0646,company_holiday,2024-04-19,2024-04-19
R0647,pto,2024-04-05,2024-04-05
R0647,company_holiday,2024-04-19,2024-04-19
R0648,company_holiday,2024-04-19,2024-04-19
R0649,company_holiday,2024-04-19,2024-04-19
R0650,company_holiday,2024-04-19,2024-04-19
R0651,company_holiday,2024-04-19,2024-04-19
R0652,pto,2024-04-02,2024-04-03
R0652,company_holiday,2024-04-19,2024-04-19
R0653,company_holiday,2024-04-19,2024-04-19
R0654,company_holiday,2024-04-19,2024-04-19
R0655,company_holiday,2024-04-19,2024-04-19
R0656,company_holiday,2024-04-19,2024-04-19
R0657,pto,2024-04-16,2024-04-17
R0657,company_holiday,2024-04-19,2024-04-19
R0658,company_holiday,2024-04-19,2024-04-19
R0659,company_holiday,2024-04-19,2024-04-19
R0660,company_holiday,2024-04-19,2024-04-19
R0661,company_holiday,2024-04-19,2024-04-19
R0662,pto,2024-04-18,2024-04-19
R0662,company_holiday,2024-04-19,2024-04-19
R0663,company_holiday,2024-04-19,2024-04-19
R0664,company_holiday,2024-04-19,2024-04-19
R0665,company_holiday,2024-04-19,2024-04-19
R0666,company_holiday,2024-04-19,2024-04-19
R0667,pto,2024-04-06,2024-04-06
R0667,company_holiday,2024-04-19,2024-04-19
R0668,company_holiday,2024-04-19,2024-04-19
R0669,company_holiday,2024-04-19,2024-04-19
R0670,company_holiday,2024-04-19,2024-04-19
R0671,company_holiday,2024-04-19,2024-04-19
R0672,pto,2024-04-21,2024-04-23
R0672,company_holiday,2024-04-19,2024-04-19
R0673,company_holiday,2024-04-19,2024-04-19
R0674,company_holiday,2024-04-19,2024-04-19
R0675,company_holiday,2024-04-19,2024-04-19
R0676,company_holiday,2024-04-19,2024-04-19
R0677,pto,2024-04-11,2024-04-11
R0677,company_holiday,2024-04-19,2024-04-19
R0678,company_holiday,2024-04-19,2024-04-19
R0679,company_holiday,2024-04-19,2024-04-19
R0680,company_holiday,2024-04-19,2024-04-19
R0681,company_holiday,2024-04-19,2024-04-19
R0682,pto,2024-04-15,2024-04-16
R0682,company_holiday,2024-04-19,2024-04-19
R0683,company_holiday,2024-04-19,2024-04-19
R0684,company_holiday,2024-04-19,2024-04-19
R0685,company_holiday,2024-04-19,2024-04-19
R0686,company_holiday,2024-04-19,2024-04-19
R0687,pto,2024-04-09,2024-04-10
R0687,company_holiday,2024-04-19,2024-04-19
R0688,company_holiday,2024-04-19,2024-04-19
R0689,company_holiday,2024-04-19,2024-04-19
R0690,company_holiday,2024-04-19,2024-04-19
R0691,company_holiday,2024-04-19,2024-04-19
R0692,pto,2024-04-06,2024-04-06
R0692,company_holiday,2024-04-19,2024-04-19
R0693,company_holiday,2024-04-19,2024-04-19
R0694,company_holiday,2024-04-19,2024-04-19
R0695,company_holiday,2024-04-19,2024-04-19
R0696,company_holiday,2024-04-19,2024-04-19
R0697,pto,2024-04-04,2024-04-05
R0697,company_holiday,2024-04-19,2024-04-19
R0698,company_holiday,2024-04-19,2024-04-19
R0699,company_holiday,2024-04-19,2024-04-19
R0700,company_holiday,2024-04-19,2024-04-19
R0701,company_holiday,2024-04-19,2024-04-19
R0702,pto,2024-04-20,2024-04-20
R0702,company_holiday,2024-04-19,2024-04-19
R0703,company_holiday,2024-04-19,2024-04-19
R0704,company_holiday,2024-04-19,2024-04-19
R0705,company_holiday,2024-04-19,2024-04-19
R0706,company_holiday,2024-04-19,2024-04-19
R0707,pto,2024-04-24,2024-04-24
R0707,company_holiday,2024-04-19,2024-04-19
R0708,company_holiday,2024-04-19,2024-04-19
R0709,company_holiday,2024-04-19,2024-04-19
R0710,company_holiday,2024-04-19,2024-04-19
R0711,company_holiday,2024-04-19,2024-04-19
R0712,pto,2024-04-24,2024-04-26
R0712,company_holiday,2024-04-19,2024-04-19
R0713,company_holiday,2024-04-19,2024-04-19
R0714,company_holiday,2024-04-19,2024-04-19
R0715,company_holiday,2024-04-19,2024-04-19
R0716,company_holiday,2024-04-19,2024-04-19
R0717,pto,2024-04-02,2024-04-03
R0717,company_holiday,2024-04-19,2024-04-19
R0718,company_holiday,2024-04-19,2024-04-19
R0719,company_holiday,2024-04-19,2024-04-19
R0720,company_holiday,2024-04-19,2024-04-19
R0721,company_holiday,2024-04-19,2024-04-19
R0722,pto,2024-04-17,2024-04-18
R0722,company_holiday,2024-04-19,2024-04-19
R0723,company_holiday,2024-04-19,2024-04-19
R0724,company_holiday,2024-04-19,2024-04-19
R0725,company_holiday,2024-04-19,2024-04-19
R0726,company_holiday,2024-04-19,2024-04-19
R0727,pto,2024-04-24,2024-04-24
R0727,company_holiday,2024-04-19,2024-04-19
R0728,company_holiday,2024-04-19,2024-04-19
R0729,company_holiday,2024-04-19,2024-04-19
R0730,company_holiday,2024-04-19,2024-04-19
R0731,company_holiday,2024-04-19,2024-04-19
R0732,pto,2024-04-13,2024-04-14
R0732,company_holiday,2024-04-19,2024-04-19
R0733,company_holiday,2024-04-19,2024-04-19
R0734,company_holiday,2024-04-19,2024-04-19
R0735,company_holiday,2024-04-19,2024-04-19
R0736,company_holiday,2024-04-19,2024-04-19
R0737,pto,2024-04-15,2024-04-15
R0737,company_holiday,2024-04-19,2024-04-19
R0738,company_holiday,2024-04-19,2024-04-19
R0739,company_holiday,2024-04-19,2024-04-19
R0740,company_holiday,2024-04-19,2024-04-19
R0741,company_holiday,2024-04-19,2024-04-19
R0742,pto,2024-04-12,2024-04-12
R0742,company_holiday,2024-04-19,2024-04-19
R0743,company_holiday,2024-04-19,2024-04-19
R0744,company_holiday,2024-04-19,2024-04-19
R0745,company_holiday,2024-04-19,2024-04-19
R0746,company_holiday,2024-04-19,2024-04-19
R0747,pto,2024-04-03,2024-04-04
R0747,company_holiday,2024-04-19,2024-04-19
R0748,company_holiday,2024-04-19,2024-04-19
R0749,company_holiday,2024-04-19,2024-04-19
R0750,company_holiday,2024-04-19,2024-04-19
R0751,company_holiday,2024-04-19,2024-04-19
R0752,pto,2024-04-18,2024-04-20
R0752,company_holiday,2024-04-19,2024-04-19
R0753,company_holiday,2024-04-19,2024-04-19
R0754,company_holiday,2024-04-19,2024-04-19
R0755,company_holiday,2024-04-19,2024-04-19
R0756,company_holiday,2024-04-19,2024-04-19
R0757,pto,2024-04-23,2024-04-23
R0757,company_holiday,2024-04-19,2024-04-19
R0758,company_holiday,2024-04-19,2024-04-19
R0759,company_holiday,2024-04-19,2024-04-19
R0760,company_holiday,2024-04-19,2024-04-19
R0761,company_holiday,2024-04-19,2024-04-19
R0762,pto,2024-04-11,2024-04-11
R0762,company_holiday,2024-04-19,2024-04-19
R0763,company_holiday,2024-04-19,2024-04-19
R0764,company_holiday,2024-04-19,2024-04-19
R0765,company_holiday,2024-04-19,2024-04-19
R0766,company_holiday,2024-04-19,2024-04-19
R0767,pto,2024-04-09,2024-04-11
R0767,company_holiday,2024-04-19,2024-04-19
R0768,company_holiday,2024-04-19,2024-04-19
R0769,company_holiday,2024-04-19,2024-04-19
R0770,company_holiday,2024-04-19,2024-04-19
R0771,company_holiday,2024-04-19,2024-04-19
R0772,pto,2024-04-15,2024-04-15
R0772,company_holiday,2024-04-19,2024-04-19
R0773,company_holiday,2024-04-19,2024-04-19
R0774,company_holiday,2024-04-19,2024-04-19
R0775,company_holiday,2024-04-19,2024-04-19
R0776,company_holiday,2024-04-19,2024-04-19
R0777,pto,2024-04-02,2024-04-02
R0777,company_holiday,2024-04-19,2024-04-19
R0778,company_holiday,2024-04-19,2024-04-19
R0779,company_holiday,2024-04-19,2024-04-19
R0780,company_holiday,2024-04-19,2024-04-19
R0781,company_holiday,2024-04-19,2024-04-19
R0782,pto,2024-04-11,2024-04-13
R0782,company_holiday,2024-04-19,2024-04-19
R0783,company_holiday,2024-04-19,2024-04-19
R0784,company_holiday,2024-04-19,2024-04-19
R0785,company_holiday,2024-04-19,2024-04-19
R0786,company_holiday,2024-04-19,2024-04-19
R0787,pto,2024-04-10,2024-04-10
R0787,company_holiday,2024-04-19,2024-04-19
R0788,company_holiday,2024-04-19,2024-04-19
R0789,company_holiday,2024-04-19,2024-04-19
R0790,company_holiday,2024-04-19,2024-04-19
R0791,company_holiday,2024-04-19,2024-04-19
R0792,pto,2024-04-07,2024-04-09
R0792,company_holiday,2024-04-19,2024-04-19
R0793,company_holiday,2024-04-19,2024-04-19
R0794,company_holiday,2024-04-19,2024-04-19
R0795,company_holiday,2024-04-19,2024-04-19
R0796,company_holiday,2024-04-19,2024-04-19
R0797,pto,2024-04-07,2024-04-09
R0797,company_holiday,2024-04-19,2024-04-19
R0798,company_holiday,2024-04-19,2024-04-19
R0799,company_holiday,2024-04-19,2024-04-19
R0800,company_holiday,2024-04-19,2024-04-19
R0801,company_holiday,2024-04-19,2024-04-19
R0802,pto,2024-04-01,2024-04-01
R0802,company_holiday,2024-04-19,2024-04-19
R0803,company_holiday,2024-04-19,2024-04-19
R0804,company_holiday,2024-04-19,2024-04-19
R0805,company_holiday,2024-04-19,2024-04-19
R0806,company_holiday,2024-04-19,2024-04-19
R0807,pto,2024-04-07,2024-04-08
R0807,company_holiday,2024-04-19,2024-04-19
R0808,company_holiday,2024-04-19,2024-04-19
R0809,company_holiday,2024-04-19,2024-04-19
R0810,company_holiday,2024-04-19,2024-04-19
R0811,company_holiday,2024-04-19,2024-04-19
R0812,pto,2024-04-10,2024-04-11
R0812,company_holiday,2024-04-19,2024-04-19
R0813,company_holiday,2024-04-19,2024-04-19
R0814,company_holiday,2024-04-19,2024-04-19
R0815,company_holiday,2024-04-19,2024-04-19
R0816,company_holiday,2024-04-19,2024-04-19
R0817,pto,2024-04-08,2024-04-08
R0817,company_holiday,2024-04-19,2024-04-19
R0818,company_holiday,2024-04-19,2024-04-19
R0819,company_holiday,2024-04-19,2024-04-19
R0820,company_holiday,2024-04-19,2024-04-19
R0821,company_holiday,2024-04-19,2024-04-19
R0822,pto,2024-04-16,2024-04-16
R0822,company_holiday,2024-04-19,2024-04-19
R0823,company_holiday,2024-04-19,2024-04-19
R0824,company_holiday,2024-04-19,2024-04-19
R0825,company_holiday,2024-04-19,2024-04-19
R0826,company_holiday,2024-04-19,2024-04-19
R0827,pto,2024-04-22,2024-04-24
R0827,company_holiday,2024-04-19,2024-04-19
R0828,company_holiday,2024-04-19,2024-04-19
R0829,company_holiday,2024-04-19,2024-04-19
R0830,company_holiday,2024-04-19,2024-04-19
R0831,company_holiday,2024-04-19,2024-04-19
R0832,pto,2024-04-06,2024-04-06
R0832,company_holiday,2024-04-19,2024-04-19
R0833,company_holiday,2024-04-19,2024-04-19
R0834,company_holiday,2024-04-19,2024-04-19
R0835,company_holiday,2024-04-19,2024-04-19
R0836,company_holiday,2024-04-19,2024-04-19
R0837,pto,2024-04-23,2024-04-25
R0837,company_holiday,2024-04-19,2024-04-19
R0838,company_holiday,2024-04-19,2024-04-19
R0839,company_holiday,2024-04-19,2024-04-19
R0840,company_holiday,2024-04-19,2024-04-19
R0841,company_holiday,2024-04-19,2024-04-19
R0842,pto,2024-04-11,2024-04-12
R0842,company_holiday,2024-04-19,2024-04-19
R0843,company_holiday,2024-04-19,2024-04-19
R0844,company_holiday,2024-04-19,2024-04-19
R0845,company_holiday,2024-04-19,2024-04-19
R0846,company_holiday,2024-04-19,2024-04-19
R0847,pto,2024-04-06,2024-04-07
R0847,company_holiday,2024-04-19,2024-04-19
R0848,company_holiday,2024-04-19,2024-04-19
R0849,company_holiday,2024-04-19,2024-04-19
R0850,company_holiday,2024-04-19,2024-04-19
R0851,company_holiday,2024-04-19,2024-04-19
R0852,pto,2024-04-23,2024-04-24
R0852,company_holiday,2024-04-19,2024-04-19
R0853,company_holiday,2024-04-19,2024-04-19
R0854,company_holiday,2024-04-19,2024-04-19
R0855,company_holiday,2024-04-19,2024-04-19
R0856,company_holiday,2024-04-19,2024-04-19
R0857,pto,2024-04-11,2024-04-12
R0857,company_holiday,2024-04-19,2024-04-19
R0858,company_holiday,2024-04-19,2024-04-19
R0859,company_holiday,2024-04-19,2024-04-19
R0860,company_holiday,2024-04-19,2024-04-19
R0861,company_holiday,2024-04-19,2024-04-19
R0862,pto,2024-04-20,2024-04-21
R0862,company_holiday,2024-04-19,2024-04-19
R0863,company_holiday,2024-04-19,2024-04-19
R0864,company_holiday,2024-04-19,2024-04-19
R0865,company_holiday,2024-04-19,2024-04-19
R0866,company_holiday,2024-04-19,2024-04-19
R0867,pto,2024-04-11,2024-04-12
R0867,company_holiday,2024-04-19,2024-04-19
R0868,company_holiday,2024-04-19,2024-04-19
R0869,company_holiday,2024-04-19,2024-04-19
R0870,company_holiday,2024-04-19,2024-04-19
R0871,company_holiday,2024-04-19,2024-04-19
R0872,pto,2024-04-01,2024-04-03
R0872,company_holiday,2024-04-19,2024-04-19
R0873,company_holiday,2024-04-19,2024-04-19
R0874,company_holiday,2024-04-19,2024-04-19
R0875,company_holiday,2024-04-19,2024-04-19
R0876,company_holiday,2024-04-19,2024-04-19
R0877,pto,2024-04-09,2024-04-11
R0877,company_holiday,2024-04-19,2024-04-19
R0878,company_holiday,2024-04-19,2024-04-19
R0879,company_holiday,2024-04-19,2024-04-19
R0880,company_holiday,2024-04-19,2024-04-19
R0881,company_holiday,2024-04-19,2024-04-19
R0882,pto,2024-04-09,2024-04-09
R0882,company_holiday,2024-04-19,2024-04-19
R0883,company_holiday,2024-04-19,2024-04-19
R0884,company_holiday,2024-04-19,2024-04-19
R0885,company_holiday,2024-04-19,2024-04-19
R0886,company_holiday,2024-04-19,2024-04-19
R0887,pto,2024-04-22,2024-04-22
R0887,company_holiday,2024-04-19,2024-04-19
R0888,company_holiday,2024-04-19,2024-04-19
R0889,company_holiday,2024-04-19,2024-04-19
R0890,company_holiday,2024-04-19,2024-04-19
R0891,company_holiday,2024-04-19,2024-04-19
R0892,pto,2024-04-19,2024-04-21
R0892,company_holiday,2024-04-19,2024-04-19
R0893,company_holiday,2024-04-19,2024-04-19
R0894,company_holiday,2024-04-19,2024-04-19
R0895,company_holiday,2024-04-19,2024-04-19
R0896,company_holiday,2024-04-19,2024-04-19
R0897,pto,2024-04-06,2024-04-06
R0897,company_holiday,2024-04-19,2024-04-19
R0898,company_holiday,2024-04-19,2024-04-19
R0899,company_holiday,2024-04-19,2024-04-19
R0900,company_holiday,2024-04-19,2024-04-19
R0901,company_holiday,2024-04-19,2024-04-19
R0902,pto,2024-04-08,2024-04-10
R0902,company_holiday,2024-04-19,2024-04-19
R0903,company_holiday,2024-04-19,2024-04-19
R0904,company_holiday,2024-04-19,2024-04-19
R0905,company_holiday,2024-04-19,2024-04-19
R0906,company_holiday,2024-04-19,2024-04-19
R0907,pto,2024-04-09,2024-04-09
R0907,company_holiday,2024-04-19,2024-04-19
R0908,company_holiday,2024-04-19,2024-04-19
R0909,company_holiday,2024-04-19,2024-04-19
R0910,company_holiday,2024-04-19,2024-04-19
R0911,company_holiday,2024-04-19,2024-04-19
R0912,pto,2024-04-10,2024-04-10
R0912,company_holiday,2024-04-19,2024-04-19
R0913,company_holiday,2024-04-19,2024-04-19
R0914,company_holiday,2024-04-19,2024-04-19
R0915,company_holiday,2024-04-19,2024-04-19
R0916,company_holiday,2024-04-19,2024-04-19
R0917,pto,2024-04-13,2024-04-13
R0917,company_holiday,2024-04-19,2024-04-19
R0918,company_holiday,2024-04-19,2024-04-19
R0919,company_holiday,2024-04-19,2024-04-19
R0920,company_holiday,2024-04-19,2024-04-19
R0921,company_holiday,2024-04-19,2024-04-19
R0922,pto,2024-04-07,2024-04-07
R0922,company_holiday,2024-04-19,2024-04-19
R0923,company_holiday,2024-04-19,2024-04-19
R0924,company_holiday,2024-04-19,2024-04-19
R0925,company_holiday,2024-04-19,2024-04-19
R0926,company_holiday,2024-04-19,2024-04-19
R0927,pto,2024-04-01,2024-04-03
R0927,company_holiday,2024-04-19,2024-04-19
R0928,company_holiday,2024-04-19,2024-04-19
R0929,company_holiday,2024-04-19,2024-04-19
R0930,company_holiday,2024-04-19,2024-04-19
R0931,company_holiday,2024-04-19,2024-04-19
R0932,pto,2024-04-23,2024-04-24
R0932,company_holiday,2024-04-19,2024-04-19
R0933,company_holiday,2024-04-19,2024-04-19
R0934,company_holiday,2024-04-19,2024-04-19
R0935,company_holiday,2024-04-19,2024-04-19
R0936,company_holiday,2024-04-19,2024-04-19
R0937,pto,2024-04-01,2024-04-03
R0937,company_holiday,2024-04-19,2024-04-19
R0938,company_holiday,2024-04-19,2024-04-19
R0939,company_holiday,2024-04-19,2024-04-19
R0940,company_holiday,2024-04-19,2024-04-19
R0941,company_holiday,2024-04-19,2024-04-19
R0942,pto,2024-04-10,2024-04-11
R0942,company_holiday,2024-04-19,2024-04-19
R0943,company_holiday,2024-04-19,2024-04-19
R0944,company_holiday,2024-04-19,2024-04-19
R0945,company_holiday,2024-04-19,2024-04-19
R0946,company_holiday,2024-04-19,2024-04-19
R0947,pto,2024-04-20,2024-04-22
R0947,company_holiday,2024-04-19,2024-04-19
R0948,company_holiday,2024-04-19,2024-04-19
R0949,company_holiday,2024-04-19,2024-04-19
R0950,company_holiday,2024-04-19,2024-04-19
R0951,company_holiday,2024-04-19,2024-04-19
R0952,pto,2024-04-18,2024-04-20
R0952,company_holiday,2024-04-19,2024-04-19
R0953,company_holiday,2024-04-19,2024-04-19
R0954,company_holiday,2024-04-19,2024-04-19
R0955,company_holiday,2024-04-19,2024-04-19
R0956,company_holiday,2024-04-19,2024-04-19
R0957,pto,2024-04-01,2024-04-01
R0957,company_holiday,2024-04-19,2024-04-19
R0958,company_holiday,2024-04-19,2024-04-19
R0959,company_holiday,2024-04-19,2024-04-19
R0960,company_holiday,2024-04-19,2024-04-19
R0961,company_holiday,2024-04-19,2024-04-19
R0962,pto,2024-04-17,2024-04-19
R0962,company_holiday,2024-04-19,2024-04-19
R0963,company_holiday,2024-04-19,2024-04-19
R0964,company_holiday,2024-04-19,2024-04-19
R0965,company_holiday,2024-04-19,2024-04-19
R0966,company_holiday,2024-04-19,2024-04-19
R0967,pto,2024-04-16,2024-04-17
R0967,company_holiday,2024-04-19,2024-04-19
R0968,company_holiday,2024-04-19,2024-04-19
R0969,company_holiday,2024-04-19,2024-04-19
R0970,company_holiday,2024-04-19,2024-04-19
R0971,company_holiday,2024-04-19,2024-04-19
R0972,pto,2024-04-22,2024-04-23
R0972,company_holiday,2024-04-19,2024-04-19
R0973,company_holiday,2024-04-19,2024-04-19
R0974,company_holiday,2024-04-19,2024-04-19
R0975,company_holiday,2024-04-19,2024-04-19
R0976,company_holiday,2024-04-19,2024-04-19
R0977,pto,2024-04-04,2024-04-05
R0977,company_holiday,2024-04-19,2024-04-19
R0978,company_holiday,2024-04-19,2024-04-19
R0979,company_holiday,2024-04-19,2024-04-19
R0980,company_holiday,2024-04-19,2024-04-19
R0981,company_holiday,2024-04-19,2024-04-19
R0982,pto,2024-04-21,2024-04-22
R0982,company_holiday,2024-04-19,2024-04-19
R0983,company_holiday,2024-04-19,2024-04-19
R0984,company_holiday,2024-04-19,2024-04-19
R0985,company_holiday,2024-04-19,2024-04-19
R0986,company_holiday,2024-04-19,2024-04-19
R0987,pto,2024-04-14,2024-04-14
R0987,company_holiday,2024-04-19,2024-04-19
R0988,company_holiday,2024-04-19,2024-04-19
R0989,company_holiday,2024-04-19,2024-04-19
R0990,company_holiday,2024-04-19,2024-04-19
R0991,company_holiday,2024-04-19,2024-04-19
R0992,pto,2024-04-16,2024-04-16
R0992,company_holiday,2024-04-19,2024-04-19
R0993,company_holiday,2024-04-19,2024-04-19
R0994,company_holiday,2024-04-19,2024-04-19
R0995,company_holiday,2024-04-19,2024-04-19
R0996,company_holiday,2024-04-19,2024-04-19
R0997,pto,2024-04-03,2024-04-05
R0997,company_holiday,2024-04-19,2024-04-19
R0998,company_holiday,2024-04-19,2024-04-19
R0999,company_holiday,2024-04-19,2024-04-19
R1000,company_holiday,2024-04-19,2024-04-19
R1001,company_holiday,2024-04-19,2024-04-19
R1002,pto,2024-04-10,2024-04-12
R1002,company_holiday,2024-04-19,2024-04-19
R1003,company_holiday,2024-04-19,2024-04-19
R1004,company_holiday,2024-04-19,2024-04-19
R1005,company_holiday,2024-04-19,2024-04-19
R1006,company_holiday,2024-04-19,2024-04-19
R1007,pto,2024-04-17,2024-04-19
R1007,company_holiday,2024-04-19,2024-04-19
R1008,company_holiday,2024-04-19,2024-04-19
R1009,company_holiday,2024-04-19,2024-04-19
R1010,company_holiday,2024-04-19,2024-04-19
R1011,company_holiday,2024-04-19,2024-04-19
R1012,pto,2024-04-11,2024-04-13
R1012,company_holiday,2024-04-19,2024-04-19
R1013,company_holiday,2024-04-19,2024-04-19
R1014,company_holiday,2024-04-19,2024-04-19
R1015,company_holiday,2024-04-19,2024-04-19
R1016,company_holiday,2024-04-19,2024-04-19
R1017,pto,2024-04-23,2024-04-24
R1017,company_holiday,2024-04-19,2024-04-19
R1018,company_holiday,2024-04-19,2024-04-19
R1019,company_holiday,2024-04-19,2024-04-19
R1020,company_holiday,2024-04-19,2024-04-19
R1021,company_holiday,2024-04-19,2024-04-19
R1022,pto,2024-04-16,2024-04-18
R1022,company_holiday,2024-04-19,2024-04-19
R1023,company_holiday,2024-04-19,2024-04-19
R1024,company_holiday,2024-04-19,2024-04-19
R1025,company_holiday,2024-04-19,2024-04-19
R1026,company_holiday,2024-04-19,2024-04-19
R1027,pto,2024-04-09,2024-04-10
R1027,company_holiday,2024-04-19,2024-04-19
R1028,company_holiday,2024-04-19,2024-04-19
R1029,company_holiday,2024-04-19,2024-04-19
R1030,company_holiday,2024-04-19,2024-04-19
R1031,company_holiday,2024-04-19,2024-04-19
R1032,pto,2024-04-18,2024-04-20
R1032,company_holiday,2024-04-19,2024-04-19
R1033,company_holiday,2024-04-19,2024-04-19
R1034,company_holiday,2024-04-19,2024-04-19
R1035,company_holiday,2024-04-19,2024-04-19
R1036,company_holiday,2024-04-19,2024-04-19
R1037,pto,2024-04-20,2024-04-21
R1037,company_holiday,2024-04-19,2024-04-19
R1038,company_holiday,2024-04-19,2024-04-19
R1039,company_holiday,2024-04-19,2024-04-19
R1040,company_holiday,2024-04-19,2024-04-19
R1041,company_holiday,2024-04-19,2024-04-19
R1042,pto,2024-04-19,2024-04-20
R1042,company_holiday,2024-04-19,2024-04-19
R1043,company_holiday,2024-04-19,2024-04-19
R1044,company_holiday,2024-04-19,2024-04-19
R1045,company_holiday,2024-04-19,2024-04-19
R1046,company_holiday,2024-04-19,2024-04-19
R1047,pto,2024-04-11,2024-04-12
R1047,company_holiday,2024-04-19,2024-04-19
R1048,company_holiday,2024-04-19,2024-04-19
R1049,company_holiday,2024-04-19,2024-04-19
R1050,company_holiday,2024-04-19,2024-04-19
R1051,company_holiday,2024-04-19,2024-04-19
R1052,pto,2024-04-19,2024-04-19
R1052,company_holiday,2024-04-19,2024-04-19
R1053,company_holiday,2024-04-19,2024-04-19
R1054,company_holiday,2024-04-19,2024-04-19
R1055,company_holiday,2024-04-19,2024-04-19
R1056,company_holiday,2024-04-19,2024-04-19
R1057,pto,2024-04-23,2024-04-23
R1057,company_holiday,2024-04-19,2024-04-19
R1058,company_holiday,2024-04-19,2024-04-19
R1059,company_holiday,2024-04-19,2024-04-19
R1060,company_holiday,2024-04-19,2024-04-19
R1061,company_holiday,2024-04-19,2024-04-19
R1062,pto,2024-04-17,2024-04-19
R1062,company_holiday,2024-04-19,2024-04-19
R1063,company_holiday,2024-04-19,2024-04-19
R1064,company_holiday,2024-04-19,2024-04-19
R1065,company_holiday,2024-04-19,2024-04-19
R1066,company_holiday,2024-04-19,2024-04-19
R1067,pto,2024-04-06,2024-04-07
R1067,company_holiday,2024-04-19,2024-04-19
R1068,company_holiday,2024-04-19,2024-04-19
R1069,company_holiday,2024-04-19,2024-04-19
R1070,company_holiday,2024-04-19,2024-04-19
R1071,company_holiday,2024-04-19,2024-04-19
R1072,pto,2024-04-13,2024-04-13
R1072,company_holiday,2024-04-19,2024-04-19
R1073,company_holiday,2024-04-19,2024-04-19
R1074,company_holiday,2024-04-19,2024-04-19
R1075,company_holiday,2024-04-19,2024-04-19
R1076,company_holiday,2024-04-19,2024-04-19
R1077,pto,2024-04-16,2024-04-18
R1077,company_holiday,2024-04-19,2024-04-19
R1078,company_holiday,2024-04-19,2024-04-19
R1079,company_holiday,2024-04-19,2024-04-19
R1080,company_holiday,2024-04-19,2024-04-19
R1081,company_holiday,2024-04-19,2024-04-19
R1082,pto,2024-04-22,2024-04-24
R1082,company_holiday,2024-04-19,2024-04-19
R1083,company_holiday,2024-04-19,2024-04-19
R1084,company_holiday,2024-04-19,2024-04-19
R1085,company_holiday,2024-04-19,2024-04-19
R1086,company_holiday,2024-04-19,2024-04-19
R1087,pto,2024-04-12,2024-04-14
R1087,company_holiday,2024-04-19,2024-04-19
R1088,company_holiday,2024-04-19,2024-04-19
R1089,company_holiday,2024-04-19,2024-04-19
R1090,company_holiday,2024-04-19,2024-04-19
R1091,company_holiday,2024-04-19,2024-04-19
R1092,pto,2024-04-06,2024-04-06
R1092,company_holiday,2024-04-19,2024-04-19
R1093,company_holiday,2024-04-19,2024-04-19
R1094,company_holiday,2024-04-19,2024-04-19
R1095,company_holiday,2024-04-19,2024-04-19
R1096,company_holiday,2024-04-19,2024-04-19
R1097,pto,2024-04-23,2024-04-23
R1097,company_holiday,2024-04-19,2024-04-19
R1098,company_holiday,2024-04-19,2024-04-19
R1099,company_holiday,2024-04-19,2024-04-19
R1100,company_holiday,2024-04-19,2024-04-19
R1101,company_holiday,2024-04-19,2024-04-19
R1102,pto,2024-04-18,2024-04-20
R1102,company_holiday,2024-04-19,2024-04-19
R1103,company_holiday,2024-04-19,2024-04-19
R1104,company_holiday,2024-04-19,2024-04-19
R1105,company_holiday,2024-04-19,2024-04-19
R1106,company_holiday,2024-04-19,2024-04-19
R1107,pto,2024-04-16,2024-04-16
R1107,company_holiday,2024-04-19,2024-04-19
R1108,company_holiday,2024-04-19,2024-04-19
R1109,company_holiday,2024-04-19,2024-04-19
R1110,company_holiday,2024-04-19,2024-04-19
R1111,company_holiday,2024-04-19,2024-04-19
R1112,pto,2024-04-23,2024-04-23
R1112,company_holiday,2024-04-19,2024-04-19
R1113,company_holiday,2024-04-19,2024-04-19
R1114,company_holiday,2024-04-19,2024-04-19
R1115,company_holiday,2024-04-19,2024-04-19
R1116,company_holiday,2024-04-19,2024-04-19
R1117,pto,2024-04-24,2024-04-24
R1117,company_holiday,2024-04-19,2024-04-19
R1118,company_holiday,2024-04-19,2024-04-19
R1119,company_holiday,2024-04-19,2024-04-19
R1120,company_holiday,2024-04-19,2024-04-19
R1121,company_holiday,2024-04-19,2024-04-19
R1122,pto,2024-04-09,2024-04-11
R1122,company_holiday,2024-04-19,2024-04-19
R1123,company_holiday,2024-04-19,2024-04-19
R1124,company_holiday,2024-04-19,2024-04-19
R1125,company_holiday,2024-04-19,2024-04-19
R1126,company_holiday,2024-04-19,2024-04-19
R1127,pto,2024-04-02,2024-04-03
R1127,company_holiday,2024-04-19,2024-04-19
R1128,company_holiday,2024-04-19,2024-04-19
R1129,company_holiday,2024-04-19,2024-04-19
R1130,company_holiday,2024-04-19,2024-04-19
R1131,company_holiday,2024-04-19,2024-04-19
R1132,pto,2024-04-22,2024-04-24
R1132,company_holiday,2024-04-19,2024-04-19
R1133,company_holiday,2024-04-19,2024-04-19
R1134,company_holiday,2024-04-19,2024-04-19
R1135,company_holiday,2024-04-19,2024-04-19
R1136,company_holiday,2024-04-19,2024-04-19
R1137,pto,2024-04-14,2024-04-16
R1137,company_holiday,2024-04-19,2024-04-19
R1138,company_holiday,2024-04-19,2024-04-19
R1139,company_holiday,2024-04-19,2024-04-19
R1140,company_holiday,2024-04-19,2024-04-19
R1141,company_holiday,2024-04-19,2024-04-19
R1142,pto,2024-04-20,2024-04-22
R1142,company_holiday,2024-04-19,2024-04-19
R1143,company_holiday,2024-04-19,2024-04-19
R1144,company_holiday,2024-04-19,2024-04-19
R1145,company_holiday,2024-04-19,2024-04-19
R1146,company_holiday,2024-04-19,2024-04-19
R1147,pto,2024-04-11,2024-04-11
R1147,company_holiday,2024-04-19,2024-04-19
R1148,company_holiday,2024-04-19,2024-04-19
R1149,company_holiday,2024-04-19,2024-04-19
R1150,company_holiday,2024-04-19,2024-04-19
R1151,company_holiday,2024-04-19,2024-04-19
R1152,pto,2024-04-22,2024-04-23
R1152,company_holiday,2024-04-19,2024-04-19
R1153,company_holiday,2024-04-19,2024-04-19
R1154,company_holiday,2024-04-19,2024-04-19
R1155,company_holiday,2024-04-19,2024-04-19
R1156,company_holiday,2024-04-19,2024-04-19
R1157,pto,2024-04-15,2024-04-16
R1157,company_holiday,2024-04-19,2024-04-19
R1158,company_holiday,2024-04-19,2024-04-19
R1159,company_holiday,2024-04-19,2024-04-19
R1160,company_holiday,2024-04-19,2024-04-19
R1161,company_holiday,2024-04-19,2024-04-19
R1162,pto,2024-04-20,2024-04-22
R1162,company_holiday,2024-04-19,2024-04-19
R1163,company_holiday,2024-04-19,2024-04-19
R1164,company_holiday,2024-04-19,2024-04-19
R1165,company_holiday,2024-04-19,2024-04-19
R1166,company_holiday,2024-04-19,2024-04-19
R1167,pto,2024-04-09,2024-04-10
R1167,company_holiday,2024-04-19,2024-04-19
R1168,company_holiday,2024-04-19,2024-04-19
R1169,company_holiday,2024-04-19,2024-04-19
R1170,company_holiday,2024-04-19,2024-04-19
R1171,company_holiday,2024-04-19,2024-04-19
R1172,pto,2024-04-22,2024-04-22
R1172,company_holiday,2024-04-19,2024-04-19
R1173,company_holiday,2024-04-19,2024-04-19
R1174,company_holiday,2024-04-19,2024-04-19
R1175,company_holiday,2024-04-19,2024-04-19
R1176,company_holiday,2024-04-19,2024-04-19
R1177,pto,2024-04-16,2024-04-17
R1177,company_holiday,2024-04-19,2024-04-19
R1178,company_holiday,2024-04-19,2024-04-19
R1179,company_holiday,2024-04-19,2024-04-19
R1180,company_holiday,2024-04-19,2024-04-19
R1181,company_holiday,2024-04-19,2024-04-19
R1182,pto,2024-04-11,2024-04-12
R1182,company_holiday,2024-04-19,2024-04-19
R1183,company_holiday,2024-04-19,2024-04-19
R1184,company_holiday,2024-04-19,2024-04-19
R1185,company_holiday,2024-04-19,2024-04-19
R1186,company_holiday,2024-04-19,2024-04-19
R1187,pto,2024-04-18,2024-04-18
R1187,company_holiday,2024-04-19,2024-04-19
R1188,company_holiday,2024-04-19,2024-04-19
R1189,company_holiday,2024-04-19,2024-04-19
R1190,company_holiday,2024-04-19,2024-04-19
R1191,company_holiday,2024-04-19,2024-04-19
R1192,pto,2024-04-05,2024-04-06
R1192,company_holiday,2024-04-19,2024-04-19
R1193,company_holiday,2024-04-19,2024-04-19
R1194,company_holiday,2024-04-19,2024-04-19
R1195,company_holiday,2024-04-19,2024-04-19
R1196,company_holiday,2024-04-19,2024-04-19
R1197,pto,2024-04-21,2024-04-22
R1197,company_holiday,2024-04-19,2024-04-19
R1198,company_holiday,2024-04-19,2024-04-19
R1199,company_holiday,2024-04-19,2024-04-19
R1200,company_holiday,2024-04-19,2024-04-19
R1201,company_holiday,2024-04-19,2024-04-19
R1202,pto,2024-04-12,2024-04-13
R1202,company_holiday,2024-04-19,2024-04-19
R1203,company_holiday,2024-04-19,2024-04-19
R1204,company_holiday,2024-04-19,2024-04-19
R1205,company_holiday,2024-04-19,2024-04-19
R1206,company_holiday,2024-04-19,2024-04-19
R1207,pto,2024-04-19,2024-04-19
R1207,company_holiday,2024-04-19,2024-04-19
R1208,company_holiday,2024-04-19,2024-04-19
R1209,company_holiday,2024-04-19,2024-04-19
R1210,company_holiday,2024-04-19,2024-04-19
R1211,company_holiday,2024-04-19,2024-04-19
R1212,pto,2024-04-15,2024-04-16
R1212,company_holiday,2024-04-19,2024-04-19
R1213,company_holiday,2024-04-19,2024-04-19
R1214,company_holiday,2024-04-19,2024-04-19
R1215,company_holiday,2024-04-19,2024-04-19
R1216,company_holiday,2024-04-19,2024-04-19
R1217,pto,2024-04-05,2024-04-05
R1217,company_holiday,2024-04-19,2024-04-19
R1218,company_holiday,2024-04-19,2024-04-19
R1219,company_holiday,2024-04-19,2024-04-19
R1220,company_holiday,2024-04-19,2024-04-19
R1221,company_holiday,2024-04-19,2024-04-19
R1222,pto,2024-04-17,2024-04-17
R1222,company_holiday,2024-04-19,2024-04-19
R1223,company_holiday,2024-04-19,2024-04-19
R1224,company_holiday,2024-04-19,2024-04-19
R1225,company_holiday,2024-04-19,2024-04-19
R1226,company_holiday,2024-04-19,2024-04-19
R1227,pto,2024-04-06,2024-04-07
R1227,company_holiday,2024-04-19,2024-04-19
R1228,company_holiday,2024-04-19,2024-04-19
R1229,company_holiday,2024-04-19,2024-04-19
R1230,company_holiday,2024-04-19,2024-04-19
R1231,company_holiday,2024-04-19,2024-04-19
R1232,pto,2024-04-01,2024-04-01
R1232,company_holiday,2024-04-19,2024-04-19
R1233,company_holiday,2024-04-19,2024-04-19
R1234,company_holiday,2024-04-19,2024-04-19
R1235,company_holiday,2024-04-19,2024-04-19
R1236,company_holiday,2024-04-19,2024-04-19
R1237,pto,2024-04-16,2024-04-17
R1237,company_holiday,2024-04-19,2024-04-19
R1238,company_holiday,2024-04-19,2024-04-19
R1239,company_holiday,2024-04-19,2024-04-19
R1240,company_holiday,2024-04-19,2024-04-19
R1241,company_holiday,2024-04-19,2024-04-19
R1242,pto,2024-04-23,2024-04-24
R1242,company_holiday,2024-04-19,2024-04-19
R1243,company_holiday,2024-04-19,2024-04-19
R1244,company_holiday,2024-04-19,2024-04-19
R1245,company_holiday,2024-04-19,2024-04-19
R1246,company_holiday,2024-04-19,2024-04-19
R1247,pto,2024-04-03,2024-04-04
R1247,company_holiday,2024-04-19,2024-04-19
R1248,company_holiday,2024-04-19,2024-04-19
R1249,company_holiday,2024-04-19,2024-04-19
R1250,company_holiday,2024-04-19,2024-04-19
R1251,company_holiday,2024-04-19,2024-04-19
R1252,pto,2024-04-01,2024-04-01
R1252,company_holiday,2024-04-19,2024-04-19
R1253,company_holiday,2024-04-19,2024-04-19
R1254,company_holiday,2024-04-19,2024-04-19
R1255,company_holiday,2024-04-19,2024-04-19
R1256,company_holiday,2024-04-19,2024-04-19
R1257,pto,2024-04-06,2024-04-06
R1257,company_holiday,2024-04-19,2024-04-19
R1258,company_holiday,2024-04-19,2024-04-19
R1259,company_holiday,2024-04-19,2024-04-19
R1260,company_holiday,2024-04-19,2024-04-19
R1261,company_holiday,2024-04-19,2024-04-19
R1262,pto,2024-04-24,2024-04-25
R1262,company_holiday,2024-04-19,2024-04-19
R1263,company_holiday,2024-04-19,2024-04-19
R1264,company_holiday,2024-04-19,2024-04-19
R1265,company_holiday,2024-04-19,2024-04-19
R1266,company_holiday,2024-04-19,2024-04-19
R1267,pto,2024-04-15,2024-04-15
R1267,company_holiday,2024-04-19,2024-04-19
R1268,company_holiday,2024-04-19,2024-04-19
R1269,company_holiday,2024-04-19,2024-04-19
R1270,company_holiday,2024-04-19,2024-04-19
R1271,company_holiday,2024-04-19,2024-04-19
R1272,pto,2024-04-04,2024-04-04
R1272,company_holiday,2024-04-19,2024-04-19
R1273,company_holiday,2024-04-19,2024-04-19
R1274,company_holiday,2024-04-19,2024-04-19
R1275,company_holiday,2024-04-19,2024-04-19
R1276,company_holiday,2024-04-19,2024-04-19
R1277,pto,2024-04-15,2024-04-17
R1277,company_holiday,2024-04-19,2024-04-19
R1278,company_holiday,2024-04-19,2024-04-19
R1279,company_holiday,2024-04-19,2024-04-19
R1280,company_holiday,2024-04-19,2024-04-19
R1281,company_holiday,2024-04-19,2024-04-19
R1282,pto,2024-04-15,2024-04-15
R1282,company_holiday,2024-04-19,2024-04-19
R1283,company_holiday,2024-04-19,2024-04-19
R1284,company_holiday,2024-04-19,2024-04-19
R1285,company_holiday,2024-04-19,2024-04-19
R1286,company_holiday,2024-04-19,2024-04-19
R1287,pto,2024-04-07,2024-04-08
R1287,company_holiday,2024-04-19,2024-04-19
R1288,company_holiday,2024-04-19,2024-04-19
R1289,company_holiday,2024-04-19,2024-04-19
R1290,company_holiday,2024-04-19,2024-04-19
R1291,company_holiday,2024-04-19,2024-04-19
R1292,pto,2024-04-11,2024-04-11
R1292,company_holiday,2024-04-19,2024-04-19
R1293,company_holiday,2024-04-19,2024-04-19
R1294,company_holiday,2024-04-19,2024-04-19
R1295,company_holiday,2024-04-19,2024-04-19
R1296,company_holiday,2024-04-19,2024-04-19
R1297,pto,2024-04-11,2024-04-11
R1297,company_holiday,2024-04-19,2024-04-19
R1298,company_holiday,2024-04-19,2024-04-19
R1299,company_holiday,2024-04-19,2024-04-19
R1300,company_holiday,2024-04-19,2024-04-19
R1301,company_holiday,2024-04-19,2024-04-19
R1302,pto,2024-04-05,2024-04-07
R1302,company_holiday,2024-04-19,2024-04-19
R1303,company_holiday,2024-04-19,2024-04-19
R1304,company_holiday,2024-04-19,2024-04-19
R1305,company_holiday,2024-04-19,2024-04-19
R1306,company_holiday,2024-04-19,2024-04-19
R1307,pto,2024-04-03,2024-04-05
R1307,company_holiday,2024-04-19,2024-04-19
R1308,company_holiday,2024-04-19,2024-04-19
R1309,company_holiday,2024-04-19,2024-04-19
R1310,company_holiday,2024-04-19,2024-04-19
R1311,company_holiday,2024-04-19,2024-04-19
R1312,pto,2024-04-02,2024-04-02
R1312,company_holiday,2024-04-19,2024-04-19
R1313,company_holiday,2024-04-19,2024-04-19
R1314,company_holiday,2024-04-19,2024-04-19
R1315,company_holiday,2024-04-19,2024-04-19
R1316,company_holiday,2024-04-19,2024-04-19
R1317,pto,2024-04-22,2024-04-22
R1317,company_holiday,2024-04-19,2024-04-19
R1318,company_holiday,2024-04-19,2024-04-19
R1319,company_holiday,2024-04-19,2024-04-19
R1320,company_holiday,2024-04-19,2024-04-19
R1321,company_holiday,2024-04-19,2024-04-19
R1322,pto,2024-04-02,2024-04-03
R1322,company_holiday,2024-04-19,2024-04-19
R1323,company_holiday,2024-04-19,2024-04-19
R1324,company_holiday,2024-04-19,2024-04-19
R1325,company_holiday,2024-04-19,2024-04-19
R1326,company_holiday,2024-04-19,2024-04-19
R1327,pto,2024-04-06,2024-04-07
R1327,company_holiday,2024-04-19,2024-04-19
R1328,company_holiday,2024-04-19,2024-04-19
R1329,company_holiday,2024-04-19,2024-04-19
R1330,company_holiday,2024-04-19,2024-04-19
R1331,company_holiday,2024-04-19,2024-04-19
R1332,pto,2024-04-14,2024-04-15
R1332,company_holiday,2024-04-19,2024-04-19
R1333,company_holiday,2024-04-19,2024-04-19
R1334,company_holiday,2024-04-19,2024-04-19
R1335,company_holiday,2024-04-19,2024-04-19
R1336,company_holiday,2024-04-19,2024-04-19
R1337,pto,2024-04-01,2024-04-01
R1337,company_holiday,2024-04-19,2024-04-19
R1338,company_holiday,2024-04-19,2024-04-19
R1339,company_holiday,2024-04-19,2024-04-19
R1340,company_holiday,2024-04-19,2024-04-19
R1341,company_holiday,2024-04-19,2024-04-19
R1342,pto,2024-04-01,2024-04-03
R1342,company_holiday,2024-04-19,2024-04-19
R1343,company_holiday,2024-04-19,2024-04-19
R1344,company_holiday,2024-04-19,2024-04-19
R1345,company_holiday,2024-04-19,2024-04-19
R1346,company_holiday,2024-04-19,2024-04-19
R1347,pto,2024-04-03,2024-04-05
R1347,company_holiday,2024-04-19,2024-04-19
R1348,company_holiday,2024-04-19,2024-04-19
R1349,company_holiday,2024-04-19,2024-04-19
R1350,company_holiday,2024-04-19,2024-04-19
R1351,company_holiday,2024-04-19,2024-04-19
R1352,pto,2024-04-21,2024-04-22
R1352,company_holiday,2024-04-19,2024-04-19
R1353,company_holiday,2024-04-19,2024-04-19
R1354,company_holiday,2024-04-19,2024-04-19
R1355,company_holiday,2024-04-19,2024-04-19
R1356,company_holiday,2024-04-19,2024-04-19
R1357,pto,2024-04-20,2024-04-22
R1357,company_holiday,2024-04-19,2024-04-19
R1358,company_holiday,2024-04-19,2024-04-19
R1359,company_holiday,2024-04-19,2024-04-19
R1360,company_holiday,2024-04-19,2024-04-19
R1361,company_holiday,2024-04-19,2024-04-19
R1362,pto,2024-04-22,2024-04-22
R1362,company_holiday,2024-04-19,2024-04-19
R1363,company_holiday,2024-04-19,2024-04-19
R1364,company_holiday,2024-04-19,2024-04-19
R1365,company_holiday,2024-04-19,2024-04-19
R1366,company_holiday,2024-04-19,2024-04-19
R1367,pto,2024-04-19,2024-04-19
R1367,company_holiday,2024-04-19,2024-04-19
R1368,company_holiday,2024-04-19,2024-04-19
R1369,company_holiday,2024-04-19,2024-04-19
R1370,company_holiday,2024-04-19,2024-04-19
R1371,company_holiday,2024-04-19,2024-04-19
R1372,pto,2024-04-04,2024-04-04
R1372,company_holiday,2024-04-19,2024-04-19
R1373,company_holiday,2024-04-19,2024-04-19
R1374,company_holiday,2024-04-19,2024-04-19
R1375,company_holiday,2024-04-19,2024-04-19
R1376,company_holiday,2024-04-19,2024-04-19
R1377,pto,2024-04-23,2024-04-23
R1377,company_holiday,2024-04-19,2024-04-19
R1378,company_holiday,2024-04-19,2024-04-19
R1379,company_holiday,2024-04-19,2024-04-19
R1380,company_holiday,2024-04-19,2024-04-19
R1381,company_holiday,2024-04-19,2024-04-19
R1382,pto,2024-04-14,2024-04-14
R1382,company_holiday,2024-04-19,2024-04-19
R1383,company_holiday,2024-04-19,2024-04-19
R1384,company_holiday,2024-04-19,2024-04-19
R1385,company_holiday,2024-04-19,2024-04-19
R1386,company_holiday,2024-04-19,2024-04-19
R1387,pto,2024-04-12,2024-04-14
R1387,company_holiday,2024-04-19,2024-04-19
R1388,company_holiday,2024-04-19,2024-04-19
R1389,company_holiday,2024-04-19,2024-04-19
R1390,company_holiday,2024-04-19,2024-04-19
R1391,company_holiday,2024-04-19,2024-04-19
R1392,pto,2024-04-23,2024-04-25
R1392,company_holiday,2024-04-19,2024-04-19
R1393,company_holiday,2024-04-19,2024-04-19
R1394,company_holiday,2024-04-19,2024-04-19
R1395,company_holiday,2024-04-19,2024-04-19
R1396,company_holiday,2024-04-19,2024-04-19
R1397,pto,2024-04-21,2024-04-22
R1397,company_holiday,2024-04-19,2024-04-19
R1398,company_holiday,2024-04-19,2024-04-19
R1399,company_holiday,2024-04-19,2024-04-19
R1400,company_holiday,2024-04-19,2024-04-19
R1401,company_holiday,2024-04-19,2024-04-19
R1402,pto,2024-04-01,2024-04-02
R1402,company_holiday,2024-04-19,2024-04-19
R1403,company_holiday,2024-04-19,2024-04-19
R1404,company_holiday,2024-04-19,2024-04-19
R1405,company_holiday,2024-04-19,2024-04-19
R1406,company_holiday,2024-04-19,2024-04-19
R1407,pto,2024-04-11,2024-04-11
R1407,company_holiday,2024-04-19,2024-04-19
R1408,company_holiday,2024-04-19,2024-04-19
R1409,company_holiday,2024-04-19,2024-04-19
R1410,company_holiday,2024-04-19,2024-04-19
R1411,company_holiday,2024-04-19,2024-04-19
R1412,pto,2024-04-17,2024-04-17
R1412,company_holiday,2024-04-19,2024-04-19
R1413,company_holiday,2024-04-19,2024-04-19
R1414,company_holiday,2024-04-19,2024-04-19
R1415,company_holiday,2024-04-19,2024-04-19
R1416,company_holiday,2024-04-19,2024-04-19
R1417,pto,2024-04-04,2024-04-05
R1417,company_holiday,2024-04-19,2024-04-19
R1418,company_holiday,2024-04-19,2024-04-19
R1419,company_holiday,2024-04-19,2024-04-19
R1420,company_holiday,2024-04-19,2024-04-19
R1421,company_holiday,2024-04-19,2024-04-19
R1422,pto,2024-04-05,2024-04-07
R1422,company_holiday,2024-04-19,2024-04-19
R1423,company_holiday,2024-04-19,2024-04-19
R1424,company_holiday,2024-04-19,2024-04-19
R1425,company_holiday,2024-04-19,2024-04-19
R1426,company_holiday,2024-04-19,2024-04-19
R1427,pto,2024-04-20,2024-04-22
R1427,company_holiday,2024-04-19,2024-04-19
R1428,company_holiday,2024-04-19,2024-04-19
R1429,company_holiday,2024-04-19,2024-04-19
R1430,company_holiday,2024-04-19,2024-04-19
R1431,company_holiday,2024-04-19,2024-04-19
R1432,pto,2024-04-04,2024-04-05
R1432,company_holiday,2024-04-19,2024-04-19
R1433,company_holiday,2024-04-19,2024-04-19
R1434,company_holiday,2024-04-19,2024-04-19
R1435,company_holiday,2024-04-19,2024-04-19
R1436,company_holiday,2024-04-19,2024-04-19
R1437,pto,2024-04-23,2024-04-25
R1437,company_holiday,2024-04-19,2024-04-19
R1438,company_holiday,2024-04-19,2024-04-19
R1439,company_holiday,2024-04-19,2024-04-19
R1440,company_holiday,2024-04-19,2024-04-19
R1441,company_holiday,2024-04-19,2024-04-19
R1442,pto,2024-04-04,2024-04-04
R1442,company_holiday,2024-04-19,2024-04-19
R1443,company_holiday,2024-04-19,2024-04-19
R1444,company_holiday,2024-04-19,2024-04-19
R1445,company_holiday,2024-04-19,2024-04-19
R1446,company_holiday,2024-04-19,2024-04-19
R1447,pto,2024-04-05,2024-04-05
R1447,company_holiday,2024-04-19,2024-04-19
R1448,company_holiday,2024-04-19,2024-04-19
R1449,company_holiday,2024-04-19,2024-04-19
R1450,company_holiday,2024-04-19,2024-04-19
R1451,company_holiday,2024-04-19,2024-04-19
R1452,pto,2024-04-22,2024-04-22
R1452,company_holiday,2024-04-19,2024-04-19
R1453,company_holiday,2024-04-19,2024-04-19
R1454,company_holiday,2024-04-19,2024-04-19
R1455,company_holiday,2024-04-19,2024-04-19
R1456,company_holiday,2024-04-19,2024-04-19
R1457,pto,2024-04-14,2024-04-16
R1457,company_holiday,2024-04-19,2024-04-19
R1458,company_holiday,2024-04-19,2024-04-19
R1459,company_holiday,2024-04-19,2024-04-19
R1460,company_holiday,2024-04-19,2024-04-19
R1461,company_holiday,2024-04-19,2024-04-19
R1462,pto,2024-04-20,2024-04-21
R1462,company_holiday,2024-04-19,2024-04-19
R1463,company_holiday,2024-04-19,2024-04-19
R1464,company_holiday,2024-04-19,2024-04-19
R1465,company_holiday,2024-04-19,2024-04-19
R1466,company_holiday,2024-04-19,2024-04-19
R1467,pto,2024-04-13,2024-04-14
R1467,company_holiday,2024-04-19,2024-04-19
R1468,company_holiday,2024-04-19,2024-04-19
R1469,company_holiday,2024-04-19,2024-04-19
R1470,company_holiday,2024-04-19,2024-04-19
R1471,company_holiday,2024-04-19,2024-04-19
R1472,pto,2024-04-17,2024-04-19
R1472,company_holiday,2024-04-19,2024-04-19
R1473,company_holiday,2024-04-19,2024-04-19
R1474,company_holiday,2024-04-19,2024-04-19
R1475,company_holiday,2024-04-19,2024-04-19
R1476,company_holiday,2024-04-19,2024-04-19
R1477,pto,2024-04-14,2024-04-15
R1477,company_holiday,2024-04-19,2024-04-19
R1478,company_holiday,2024-04-19,2024-04-19
R1479,company_holiday,2024-04-19,2024-04-19
R1480,company_holiday,2024-04-19,2024-04-19
R1481,company_holiday,2024-04-19,2024-04-19
R1482,pto,2024-04-22,2024-04-23
R1482,company_holiday,2024-04-19,2024-04-19
R1483,company_holiday,2024-04-19,2024-04-19
R1484,company_holiday,2024-04-19,2024-04-19
R1485,company_holiday,2024-04-19,2024-04-19
R1486,company_holiday,2024-04-19,2024-04-19
R1487,pto,2024-04-02,2024-04-02
R1487,company_holiday,2024-04-19,2024-04-19
R1488,company_holiday,2024-04-19,2024-04-19
R1489,company_holiday,2024-04-19,2024-04-19
R1490,company_holiday,2024-04-19,2024-04-19
R1491,company_holiday,2024-04-19,2024-04-19
R1492,pto,2024-04-16,2024-04-17
R1492,company_holiday,2024-04-19,2024-04-19
R1493,company_holiday,2024-04-19,2024-04-19
R1494,company_holiday,2024-04-19,2024-04-19
R1495,company_holiday,2024-04-19,2024-04-19
R1496,company_holiday,2024-04-19,2024-04-19
R1497,pto,2024-04-22,2024-04-24
R1497,company_holiday,2024-04-19,2024-04-19
R1498,company_holiday,2024-04-19,2024-04-19
R1499,company_holiday,2024-04-19,2024-04-19
R1500,company_holiday,2024-04-19,2024-04-19
