leave_id,spell_id,leave_start,leave_end
LV00001,SPL00010,2024-06-18,2024-07-16
LV00002,SPL00018,2022-06-10,2022-07-16
LV00003,SPL00021,2024-06-20,2024-07-15
LV00004,SPL00023,2022-03-01,2022-04-24
LV00005,SPL00025,2023-12-06,2024-02-11
LV00006,SPL00026,2021-11-30,2022-02-02
LV00007,SPL00030,2023-08-05,2023-11-21
LV00008,SPL00030,2023-11-23,2024-02-22
LV00009,SPL00031,2024-02-26,2024-03-20
LV00010,SPL00036,2019-04-02,2019-06-25
LV00011,SPL00039,2024-06-18,2024-07-25
LV00012,SPL00053,2021-06-02,2021-07-24
LV00013,SPL00059,2024-06-17,2024-10-03
LV00014,SPL00073,2024-06-29,2024-08-07
LV00015,SPL00086,2021-09-08,2022-01-04
LV00016,SPL00096,2021-02-03,2021-05-10
LV00017,SPL00098,2022-01-16,2022-04-26
LV00018,SPL00098,2023-01-21,2023-05-19
LV00019,SPL00100,2024-05-08,2024-08-20
LV00020,SPL00103,2024-03-04,2024-04-12
LV00021,SPL00105,2024-05-12,2024-09-03
LV00022,SPL00108,2023-04-23,2023-08-10
LV00023,SPL00109,2024-06-10,2024-08-08
LV00024,SPL00110,2020-11-13,2020-12-11
LV00025,SPL00131,2023-09-07,2023-10-10
LV00026,SPL00139,2023-11-26,2024-01-03
LV00027,SPL00141,2024-03-01,2024-05-08
LV00028,SPL00151,2024-06-30,2024-08-11
LV00029,SPL00155,2022-04-03,2022-07-26
LV00030,SPL00156,2023-02-17,2023-03-21
LV00031,SPL00162,2024-04-28,2024-06-23
LV00032,SPL00162,2024-06-27,2024-08-01
LV00033,SPL00167,2024-01-14,2024-03-19
LV00034,SPL00177,2021-04-14,2021-07-24
LV00035,SPL00178,2023-07-14,2023-10-01
LV00036,SPL00186,2019-03-28,2019-07-01
LV00037,SPL00186,2019-08-22,2019-11-18
LV00038,SPL00195,2021-12-15,2022-04-01
LV00039,SPL00198,2020-11-06,2020-11-29
LV00040,SPL00200,2024-05-30,2024-07-21
LV00041,SPL00201,2020-02-22,2020-05-12
LV00042,SPL00202,2023-11-01,2024-02-20
LV00043,SPL00202,2024-02-29,2024-04-13
LV00044,SPL00203,2024-05-31,2024-09-07
LV00045,SPL00205,2022-04-17,2022-07-15
LV00046,SPL00212,2023-04-30,2023-06-09
LV00047,SPL00217,2023-10-24,2024-02-10
LV00048,SPL00221,2022-04-14,2022-05-24
LV00049,SPL00221,2022-08-05,2022-10-23
LV00050,SPL00224,2023-05-07,2023-08-17
LV00051,SPL00232,2024-06-14,2024-07-22
LV00052,SPL00242,2024-06-26,2024-08-17
LV00053,SPL00256,2024-04-11,2024-07-31
LV00054,SPL00267,2022-05-02,2022-07-01
LV00055,SPL00267,2022-09-07,2022-12-04
LV00056,SPL00273,2024-04-12,2024-05-31
LV00057,SPL00282,2024-04-25,2024-08-01
LV00058,SPL00289,2023-11-04,2024-01-17
LV00059,SPL00296,2024-05-27,2024-08-19
LV00060,SPL00304,2023-01-05,2023-04-17
LV00061,SPL00334,2024-01-24,2024-04-04
LV00062,SPL00345,2021-11-02,2022-02-19
LV00063,SPL00349,2019-06-06,2019-08-02
LV00064,SPL00358,2022-07-06,2022-10-04
LV00065,SPL00368,2023-07-20,2023-10-09
LV00066,SPL00371,2021-12-16,2022-02-28
LV00067,SPL00389,2023-06-20,2023-07-18
LV00068,SPL00392,2021-08-18,2021-10-01
LV00069,SPL00405,2021-02-12,2021-05-03
LV00070,SPL00416,2023-07-01,2023-09-02
LV00071,SPL00421,2023-03-25,2023-07-16
LV00072,SPL00422,2024-04-29,2024-07-12
LV00073,SPL00423,2020-08-24,2020-11-02
LV00074,SPL00423,2021-10-18,2022-01-24
LV00075,SPL00436,2024-06-27,2024-07-19
LV00076,SPL00439,2023-12-21,2024-02-12
LV00077,SPL00455,2023-01-13,2023-05-02
LV00078,SPL00459,2020-07-29,2020-11-18
LV00079,SPL00459,2020-12-20,2021-01-11
LV00080,SPL00464,2021-11-29,2022-01-31
LV00081,SPL00466,2023-08-27,2023-12-05
LV00082,SPL00477,2022-03-18,2022-06-01
LV00083,SPL00496,2023-11-11,2024-02-20
LV00084,SPL00496,2024-05-02,2024-07-14
LV00085,SPL00511,2023-12-31,2024-04-04
LV00086,SPL00511,2024-06-13,2024-08-04
LV00087,SPL00515,2023-01-30,2023-05-29
LV00088,SPL00519,2024-03-30,2024-04-22
LV00089,SPL00527,2024-05-16,2024-07-20
LV00090,SPL00541,2023-03-16,2023-06-05
LV00091,SPL00559,2023-11-14,2023-12-23
LV00092,SPL00564,2021-04-04,2021-05-02
LV00093,SPL00564,2021-05-13,2021-07-11
LV00094,SPL00573,2023-11-25,2024-03-01
LV00095,SPL00574,2020-04-20,2020-07-16
LV00096,SPL00575,2024-06-25,2024-08-23
LV00097,SPL00576,2024-01-19,2024-05-02
LV00098,SPL00577,2023-08-24,2023-11-07
LV00099,SPL00583,2021-10-25,2021-11-27
LV00100,SPL00584,2024-03-21,2024-07-05
LV00101,SPL00589,2023-04-24,2023-07-31
LV00102,SPL00601,2024-04-06,2024-07-28
LV00103,SPL00603,2022-01-12,2022-05-02
LV00104,SPL00606,2023-08-02,2023-10-15
LV00105,SPL00615,2022-12-15,2023-01-19
LV00106,SPL00616,2021-06-05,2021-09-01
LV00107,SPL00629,2022-05-02,2022-08-22
LV00108,SPL00629,2023-05-05,2023-06-12
LV00109,SPL00642,2024-04-13,2024-07-11
LV00110,SPL00656,2023-08-19,2023-10-14
LV00111,SPL00674,2023-08-27,2023-10-09
LV00112,SPL00675,2020-11-19,2021-02-04
LV00113,SPL00695,2021-10-18,2022-02-03
LV00114,SPL00697,2021-10-04,2022-01-30
LV00115,SPL00705,2024-01-28,2024-03-23
LV00116,SPL00725,2023-10-15,2023-11-09
LV00117,SPL00728,2022-09-23,2023-01-07
LV00118,SPL00745,2022-11-12,2023-02-12
LV00119,SPL00759,2022-10-27,2023-02-07
LV00120,SPL00778,2023-06-08,2023-09-02
LV00121,SPL00791,2021-02-26,2021-05-24
LV00122,SPL00798,2023-09-18,2024-01-02
LV00123,SPL00801,2022-08-01,2022-11-19
LV00124,SPL00805,2023-03-09,2023-05-22
LV00125,SPL00808,2024-06-09,2024-07-24
LV00126,SPL00815,2020-11-20,2021-01-19
LV00127,SPL00818,2024-06-27,2024-09-28
LV00128,SPL00820,2024-01-25,2024-05-12
LV00129,SPL00832,2024-06-23,2024-08-22
LV00130,SPL00839,2023-04-22,2023-05-22
LV00131,SPL00840,2024-02-01,2024-03-02
LV00132,SPL00841,2020-05-13,2020-06-08
LV00133,SPL00865,2021-12-21,2022-03-16
LV00134,SPL00870,2024-01-14,2024-05-05
LV00135,SPL00870,2024-05-06,2024-06-05
LV00136,SPL00871,2024-05-25,2024-08-08
LV00137,SPL00874,2021-08-10,2021-12-03
LV00138,SPL00881,2023-01-22,2023-05-20
LV00139,SPL00886,2020-10-22,2021-02-12
LV00140,SPL00891,2023-07-04,2023-10-29
LV00141,SPL00892,2024-03-22,2024-04-28
LV00142,SPL00892,2024-05-29,2024-09-07
LV00143,SPL00906,2024-06-07,2024-08-16
LV00144,SPL00916,2023-08-23,2023-12-15
LV00145,SPL00919,2022-03-02,2022-05-23
LV00146,SPL00919,2023-12-14,2024-03-27
LV00147,SPL00923,2024-04-16,2024-05-31
LV00148,SPL00926,2023-05-17,2023-07-16
LV00149,SPL00927,2021-05-05,2021-06-08
LV00150,SPL00933,2024-01-22,2024-02-11
LV00151,SPL00936,2022-03-25,2022-05-13
LV00152,SPL00939,2023-10-12,2024-01-21
LV00153,SPL00942,2022-01-12,2022-04-26
LV00154,SPL00958,2022-10-26,2023-02-08
LV00155,SPL00958,2023-02-11,2023-03-15
LV00156,SPL00972,2024-06-20,2024-09-11
LV00157,SPL00974,2020-05-16,2020-09-03
LV00158,SPL00978,2023-07-23,2023-10-05
LV00159,SPL00984,2024-03-15,2024-04-06
LV00160,SPL00992,2023-09-26,2023-12-15
LV00161,SPL00993,2023-04-16,2023-05-19
LV00162,SPL01001,2022-11-26,2023-02-20
LV00163,SPL01001,2023-03-07,2023-06-16
LV00164,SPL01006,2024-03-12,2024-04-18
LV00165,SPL01010,2020-05-17,2020-06-16
LV00166,SPL01011,2024-06-11,2024-07-21
LV00167,SPL01014,2023-04-04,2023-06-11
LV00168,SPL01023,2023-12-18,2024-02-04
LV00169,SPL01042,2023-01-17,2023-05-09
LV00170,SPL01055,2024-06-27,2024-07-18
LV00171,SPL01066,2024-01-27,2024-03-18
LV00172,SPL01099,2024-06-22,2024-07-21
LV00173,SPL01110,2023-11-15,2024-02-12
LV00174,SPL01126,2024-05-27,2024-08-02
LV00175,SPL01128,2024-05-03,2024-06-22
LV00176,SPL01130,2021-10-11,2022-01-17
LV00177,SPL01130,2022-07-21,2022-11-06
LV00178,SPL01134,2023-11-29,2024-02-05
LV00179,SPL01142,2024-01-21,2024-04-19
LV00180,SPL01143,2024-04-23,2024-05-24
LV00181,SPL01165,2024-05-16,2024-08-18
LV00182,SPL01168,2023-12-02,2024-03-13
LV00183,SPL01169,2021-12-30,2022-01-31
LV00184,SPL01171,2024-03-31,2024-07-24
LV00185,SPL01183,2024-05-19,2024-07-16
LV00186,SPL01193,2024-06-12,2024-07-11
LV00187,SPL01195,2022-05-10,2022-07-18
LV00188,SPL01199,2024-06-09,2024-10-04
LV00189,SPL01204,2024-01-04,2024-03-13
LV00190,SPL01209,2024-03-01,2024-05-07
LV00191,SPL01213,2022-03-20,2022-04-14
LV00192,SPL01213,2022-06-12,2022-07-26
LV00193,SPL01214,2024-06-23,2024-07-17
LV00194,SPL01218,2024-06-20,2024-09-14
LV00195,SPL01230,2024-06-02,2024-07-09
LV00196,SPL01232,2021-03-23,2021-07-15
LV00197,SPL01245,2023-02-06,2023-04-17
LV00198,SPL01254,2024-06-22,2024-07-23
LV00199,SPL01270,2024-05-12,2024-09-06
LV00200,SPL01274,2022-11-20,2023-01-20
LV00201,SPL01280,2024-03-06,2024-05-26
LV00202,SPL01280,2024-06-05,2024-08-03
LV00203,SPL01285,2022-12-04,2023-02-26
LV00204,SPL01293,2022-02-01,2022-03-23
LV00205,SPL01303,2023-01-20,2023-03-28
LV00206,SPL01305,2024-01-13,2024-03-05
LV00207,SPL01321,2023-11-05,2023-11-26
LV00208,SPL01328,2024-06-03,2024-07-18
LV00209,SPL01330,2023-06-02,2023-06-26
LV00210,SPL01360,2022-10-18,2023-01-04
LV00211,SPL01379,2023-04-26,2023-05-23
LV00212,SPL01384,2024-06-22,2024-07-12
LV00213,SPL01398,2024-06-17,2024-08-13
LV00214,SPL01400,2024-06-22,2024-08-16
LV00215,SPL01414,2023-06-01,2023-07-06
LV00216,SPL01415,2022-10-19,2022-11-23
LV00217,SPL01416,2020-12-17,2021-03-04
LV00218,SPL01430,2024-06-12,2024-09-27
LV00219,SPL01434,2022-06-16,2022-08-04
LV00220,SPL01442,2024-03-06,2024-06-08
LV00221,SPL01448,2024-05-28,2024-07-25
LV00222,SPL01452,2023-09-09,2023-10-13
LV00223,SPL01453,2023-09-29,2023-11-26
LV00224,SPL01454,2024-06-05,2024-08-08
LV00225,SPL01457,2024-02-16,2024-04-28
LV00226,SPL01459,2021-06-01,2021-07-07
LV00227,SPL01467,2021-11-18,2022-03-17
LV00228,SPL01488,2024-06-24,2024-10-10
LV00229,SPL01492,2023-04-12,2023-05-11
LV00230,SPL01495,2023-12-26,2024-03-30
LV00231,SPL01514,2024-06-25,2024-09-07
LV00232,SPL01516,2022-02-11,2022-03-03
LV00233,SPL01517,2024-06-16,2024-09-03
LV00234,SPL01526,2023-01-22,2023-05-21
LV00235,SPL01526,2023-06-19,2023-10-16
LV00236,SPL01539,2021-09-11,2021-10-29
LV00237,SPL01543,2024-05-19,2024-06-21
LV00238,SPL01563,2023-01-21,2023-04-12
LV00239,SPL01573,2023-06-06,2023-08-24
LV00240,SPL01574,2022-09-17,2022-10-21
LV00241,SPL01575,2024-06-30,2024-09-12
LV00242,SPL01578,2021-11-27,2022-01-09
LV00243,SPL01582,2024-04-14,2024-05-21
LV00244,SPL01583,2024-05-21,2024-07-18
LV00245,SPL01608,2021-07-20,2021-10-14
LV00246,SPL01610,2024-04-18,2024-07-28
LV00247,SPL01615,2020-03-21,2020-04-21
LV00248,SPL01624,2023-01-28,2023-02-21
LV00249,SPL01641,2022-11-09,2022-12-01
LV00250,SPL01641,2023-07-22,2023-10-27
LV00251,SPL01642,2022-02-22,2022-06-19
LV00252,SPL01645,2021-07-30,2021-09-09
LV00253,SPL01645,2022-08-05,2022-10-11
LV00254,SPL01649,2020-09-09,2020-11-20
LV00255,SPL01653,2022-07-04,2022-09-19
LV00256,SPL01654,2021-04-18,2021-07-31
LV00257,SPL01658,2024-06-24,2024-08-13
LV00258,SPL01664,2022-07-11,2022-08-13
LV00259,SPL01666,2023-10-23,2024-02-14
LV00260,SPL01667,2024-04-21,2024-06-09
LV00261,SPL01669,2023-11-23,2024-03-02
LV00262,SPL01681,2024-06-12,2024-09-18
LV00263,SPL01686,2024-06-14,2024-10-07
LV00264,SPL01689,2024-01-30,2024-03-29
LV00265,SPL01693,2019-09-28,2020-01-14
LV00266,SPL01694,2023-03-20,2023-04-11
LV00267,SPL01697,2024-05-23,2024-08-06
LV00268,SPL01713,2020-04-05,2020-07-07
LV00269,SPL01726,2024-06-07,2024-07-31
LV00270,SPL01729,2021-05-02,2021-07-09
LV00271,SPL01750,2024-01-03,2024-03-22
LV00272,SPL01760,2024-05-27,2024-08-21
LV00273,SPL01761,2023-07-03,2023-09-30
LV00274,SPL01763,2024-03-10,2024-04-25
LV00275,SPL01774,2024-06-10,2024-07-09
LV00276,SPL01778,2020-06-09,2020-07-29
LV00277,SPL01782,2024-05-06,2024-07-24
LV00278,SPL01788,2022-04-04,2022-06-07
LV00279,SPL01791,2023-04-03,2023-06-29
LV00280,SPL01794,2022-07-05,2022-08-03
LV00281,SPL01794,2022-08-31,2022-10-20
LV00282,SPL01812,2022-06-08,2022-09-22
LV00283,SPL01817,2021-08-22,2021-11-03
LV00284,SPL01823,2023-10-29,2024-01-12
LV00285,SPL01834,2024-05-16,2024-08-06
LV00286,SPL01835,2024-05-09,2024-08-31
LV00287,SPL01837,2024-06-12,2024-08-13
LV00288,SPL01847,2021-09-12,2021-11-19
LV00289,SPL01852,2021-09-05,2021-10-25
LV00290,SPL01861,2023-10-23,2023-12-25
LV00291,SPL01861,2024-01-24,2024-04-02
LV00292,SPL01868,2021-09-03,2021-11-29
LV00293,SPL01873,2024-05-20,2024-07-18
LV00294,SPL01881,2024-01-18,2024-02-25
LV00295,SPL01899,2024-05-28,2024-08-07
LV00296,SPL01912,2023-05-11,2023-08-30
LV00297,SPL01915,2023-10-21,2023-11-23
LV00298,SPL01927,2023-11-24,2024-03-20
LV00299,SPL01928,2021-12-15,2022-01-24
LV00300,SPL01930,2022-01-14,2022-05-09
LV00301,SPL01935,2024-06-22,2024-09-08
LV00302,SPL01940,2023-06-15,2023-07-23
LV00303,SPL01944,2022-04-19,2022-08-11
LV00304,SPL01946,2024-06-14,2024-07-31
LV00305,SPL01955,2024-05-07,2024-06-22
LV00306,SPL01961,2023-05-01,2023-08-11
LV00307,SPL01966,2022-05-05,2022-06-05
LV00308,SPL01972,2023-03-28,2023-04-30
LV00309,SPL01974,2024-05-02,2024-08-04
LV00310,SPL01978,2023-08-13,2023-10-09
LV00311,SPL01978,2023-10-29,2024-02-23
LV00312,SPL01996,2024-05-26,2024-06-26
LV00313,SPL01997,2020-11-27,2021-01-07
LV00314,SPL02006,2023-02-14,2023-04-15
LV00315,SPL02011,2024-05-08,2024-06-24
LV00316,SPL02014,2023-06-15,2023-08-02
LV00317,SPL02016,2024-04-30,2024-07-22
LV00318,SPL02024,2024-06-14,2024-07-27
LV00319,SPL02025,2024-06-09,2024-07-05
LV00320,SPL02037,2023-10-31,2023-12-02
LV00321,SPL02048,2023-06-16,2023-10-08
LV00322,SPL02050,2021-10-22,2022-01-10
LV00323,SPL02059,2022-08-29,2022-11-22
LV00324,SPL02061,2024-05-27,2024-08-28
LV00325,SPL02078,2024-01-22,2024-03-22
LV00326,SPL02080,2024-02-10,2024-04-12
LV00327,SPL02087,2023-02-21,2023-04-03
LV00328,SPL02096,2024-05-25,2024-07-24
LV00329,SPL02104,2022-10-17,2023-02-11
LV00330,SPL02116,2020-07-09,2020-08-10
LV00331,SPL02118,2021-12-29,2022-02-01
LV00332,SPL02124,2021-06-09,2021-07-09
LV00333,SPL02132,2024-03-29,2024-06-23
LV00334,SPL02141,2024-02-14,2024-03-31
LV00335,SPL02151,2024-06-28,2024-08-27
LV00336,SPL02161,2024-01-19,2024-02-19
LV00337,SPL02164,2020-03-18,2020-07-16
LV00338,SPL02165,2023-03-11,2023-05-24
LV00339,SPL02166,2024-05-07,2024-07-24
LV00340,SPL02168,2023-12-19,2024-02-20
LV00341,SPL02180,2023-06-08,2023-07-22
LV00342,SPL02183,2021-06-02,2021-09-30
LV00343,SPL02196,2024-05-12,2024-07-28
LV00344,SPL02215,2023-11-07,2024-02-03
LV00345,SPL02220,2021-03-20,2021-06-26
LV00346,SPL02231,2022-10-14,2023-01-08
LV00347,SPL02237,2024-05-24,2024-08-08
LV00348,SPL02243,2022-01-01,2022-02-02
LV00349,SPL02246,2024-04-22,2024-07-10
LV00350,SPL02249,2023-05-04,2023-08-24
LV00351,SPL02251,2024-06-20,2024-08-13
LV00352,SPL02260,2019-09-03,2019-11-26
LV00353,SPL02269,2024-04-26,2024-07-27
LV00354,SPL02273,2023-12-20,2024-02-07
LV00355,SPL02288,2023-11-28,2023-12-31
LV00356,SPL02289,2024-06-03,2024-07-12
LV00357,SPL02296,2024-06-15,2024-10-05
LV00358,SPL02299,2023-11-29,2024-02-22
LV00359,SPL02300,2023-01-25,2023-04-23
LV00360,SPL02309,2022-08-03,2022-09-07
LV00361,SPL02324,2024-06-29,2024-07-27
LV00362,SPL02327,2024-03-20,2024-05-29
LV00363,SPL02331,2022-02-09,2022-05-18
LV00364,SPL02342,2023-10-20,2024-02-02
LV00365,SPL02353,2022-01-14,2022-04-18
LV00366,SPL02357,2023-11-26,2024-02-23
LV00367,SPL02359,2024-06-01,2024-08-29
LV00368,SPL02372,2021-04-20,2021-06-13
LV00369,SPL02384,2024-05-11,2024-08-12
LV00370,SPL02385,2022-10-03,2022-12-27
LV00371,SPL02386,2023-08-20,2023-12-09
LV00372,SPL02411,2024-05-07,2024-07-23
LV00373,SPL02413,2024-06-11,2024-09-17
LV00374,SPL02417,2023-06-24,2023-09-06
LV00375,SPL02422,2023-11-27,2024-01-20
LV00376,SPL02434,2023-07-01,2023-07-21
LV00377,SPL02435,2022-04-17,2022-07-22
LV00378,SPL02438,2024-04-12,2024-07-09
LV00379,SPL02441,2024-01-09,2024-05-06
LV00380,SPL02448,2022-09-19,2022-12-11
LV00381,SPL02451,2023-06-03,2023-06-25
LV00382,SPL02457,2024-03-10,2024-05-21
LV00383,SPL02467,2023-05-27,2023-09-23
LV00384,SPL02467,2023-10-13,2023-12-04
LV00385,SPL02477,2021-12-18,2022-04-05
LV00386,SPL02481,2024-06-22,2024-09-03
LV00387,SPL02485,2022-09-22,2022-11-07
LV00388,SPL02495,2024-06-28,2024-08-27
LV00389,SPL02499,2022-05-17,2022-07-04
LV00390,SPL02507,2024-06-29,2024-10-16
LV00391,SPL02551,2022-08-16,2022-10-13
LV00392,SPL02566,2023-11-14,2024-01-22
LV00393,SPL02570,2024-03-18,2024-06-23
LV00394,SPL02577,2023-04-05,2023-05-26
LV00395,SPL02589,2022-03-30,2022-06-01
LV00396,SPL02600,2022-02-12,2022-05-29
LV00397,SPL02610,2024-05-28,2024-09-12
LV00398,SPL02613,2024-04-27,2024-08-11
LV00399,SPL02617,2023-09-10,2023-11-28
LV00400,SPL02620,2024-05-08,2024-07-12
LV00401,SPL02637,2024-01-17,2024-03-13
LV00402,SPL02643,2023-03-03,2023-06-10
LV00403,SPL02643,2023-11-01,2024-02-26
LV00404,SPL02644,2024-05-04,2024-05-24
LV00405,SPL02644,2024-05-31,2024-09-12
LV00406,SPL02645,2021-10-03,2021-10-23
LV00407,SPL02646,2022-03-22,2022-05-05
LV00408,SPL02646,2023-05-08,2023-08-23
LV00409,SPL02658,2022-06-23,2022-08-19
LV00410,SPL02691,2024-01-02,2024-01-25
LV00411,SPL02700,2022-12-03,2023-02-02
LV00412,SPL02701,2023-10-14,2024-01-09
LV00413,SPL02705,2022-11-25,2023-01-01
LV00414,SPL02705,2023-05-10,2023-07-11
LV00415,SPL02710,2023-02-09,2023-03-04
LV00416,SPL02711,2023-04-09,2023-07-17
LV00417,SPL02724,2023-12-20,2024-01-27
LV00418,SPL02741,2023-12-02,2024-02-20
LV00419,SPL02741,2024-06-22,2024-08-01
LV00420,SPL02744,2021-10-05,2022-01-09
LV00421,SPL02746,2022-09-22,2023-01-13
LV00422,SPL02750,2022-05-31,2022-08-09
LV00423,SPL02759,2022-03-08,2022-05-05
LV00424,SPL02791,2023-09-21,2024-01-03
LV00425,SPL02792,2023-03-31,2023-07-05
LV00426,SPL02792,2024-06-26,2024-10-13
LV00427,SPL02796,2023-02-19,2023-04-09
LV00428,SPL02805,2023-08-09,2023-10-17
LV00429,SPL02806,2024-06-30,2024-07-20
LV00430,SPL02822,2023-03-19,2023-06-01
LV00431,SPL02826,2023-10-14,2023-11-09
LV00432,SPL02827,2022-11-14,2023-02-04
LV00433,SPL02831,2024-06-24,2024-09-29
LV00434,SPL02835,2021-11-17,2022-03-16
LV00435,SPL02840,2023-09-17,2023-12-27
LV00436,SPL02842,2021-04-09,2021-06-11
LV00437,SPL02855,2024-01-23,2024-04-20
LV00438,SPL02865,2024-05-05,2024-08-28
LV00439,SPL02867,2023-10-17,2023-11-13
LV00440,SPL02895,2022-02-27,2022-06-27
LV00441,SPL02898,2023-06-02,2023-06-23
LV00442,SPL02898,2024-01-19,2024-02-21
LV00443,SPL02912,2023-03-19,2023-07-13
LV00444,SPL02916,2020-05-01,2020-08-10
LV00445,SPL02929,2024-06-20,2024-08-10
LV00446,SPL02947,2021-05-03,2021-06-25
LV00447,SPL02951,2024-05-16,2024-08-05
LV00448,SPL02953,2021-12-25,2022-04-02
LV00449,SPL02953,2022-05-18,2022-08-29
LV00450,SPL02959,2022-04-25,2022-06-23
LV00451,SPL02959,2022-10-14,2023-02-09
LV00452,SPL02975,2024-05-08,2024-07-07
LV00453,SPL02984,2024-02-21,2024-06-02
LV00454,SPL02994,2023-07-27,2023-11-03
LV00455,SPL02998,2020-01-29,2020-04-29
LV00456,SPL03001,2021-12-27,2022-03-03
LV00457,SPL03006,2024-01-25,2024-02-27
LV00458,SPL03012,2024-05-23,2024-09-18
LV00459,SPL03028,2020-04-17,2020-07-11
LV00460,SPL03028,2020-12-27,2021-04-18
LV00461,SPL03039,2023-09-07,2023-12-13
LV00462,SPL03054,2023-05-12,2023-08-11
LV00463,SPL03059,2023-05-30,2023-09-16
LV00464,SPL03069,2024-06-13,2024-08-28
LV00465,SPL03070,2023-10-07,2024-01-23
LV00466,SPL03072,2024-06-04,2024-07-06
LV00467,SPL03076,2024-01-04,2024-03-16
LV00468,SPL03079,2024-06-28,2024-07-26
LV00469,SPL03085,2022-11-27,2023-02-09
LV00470,SPL03095,2024-03-29,2024-04-29
LV00471,SPL03096,2023-12-17,2024-02-19
LV00472,SPL03096,2024-03-07,2024-06-09
LV00473,SPL03105,2020-07-24,2020-09-22
LV00474,SPL03105,2021-07-31,2021-10-04
LV00475,SPL03108,2022-10-09,2022-11-17
LV00476,SPL03113,2022-05-26,2022-08-06
LV00477,SPL03140,2024-03-08,2024-05-25
LV00478,SPL03147,2022-07-01,2022-10-19
LV00479,SPL03168,2021-11-15,2021-12-25
LV00480,SPL03171,2023-10-19,2023-12-15
LV00481,SPL03172,2020-03-04,2020-04-22
LV00482,SPL03181,2024-06-30,2024-09-10
LV00483,SPL03189,2024-06-13,2024-07-03
LV00484,SPL03195,2024-04-17,2024-07-14
LV00485,SPL03200,2023-09-24,2023-10-22
LV00486,SPL03222,2024-04-20,2024-07-27
LV00487,SPL03247,2023-01-21,2023-04-03
LV00488,SPL03248,2024-06-17,2024-07-18
LV00489,SPL03249,2024-01-25,2024-02-22
LV00490,SPL03249,2024-03-02,2024-05-04
LV00491,SPL03254,2024-05-22,2024-09-06
LV00492,SPL03280,2020-11-01,2021-01-11
LV00493,SPL03297,2024-03-15,2024-05-09
LV00494,SPL03310,2022-02-20,2022-05-23
LV00495,SPL03318,2024-06-11,2024-07-14
LV00496,SPL03321,2021-09-24,2021-12-29
LV00497,SPL03322,2023-08-03,2023-10-31
LV00498,SPL03323,2024-03-17,2024-05-16
LV00499,SPL03326,2023-12-04,2024-01-17
LV00500,SPL03332,2020-03-22,2020-04-18
LV00501,SPL03334,2022-02-26,2022-05-25
LV00502,SPL03334,2022-09-03,2022-11-13
LV00503,SPL03340,2024-06-10,2024-08-26
LV00504,SPL03352,2024-02-16,2024-04-14
LV00505,SPL03352,2024-06-10,2024-08-03
LV00506,SPL03369,2023-09-10,2023-09-30
LV00507,SPL03378,2021-07-26,2021-10-20
LV00508,SPL03386,2022-10-07,2023-01-23
LV00509,SPL03389,2023-09-16,2023-11-11
LV00510,SPL03406,2023-11-05,2024-02-12
LV00511,SPL03408,2024-05-16,2024-08-15
LV00512,SPL03410,2024-06-24,2024-10-09
LV00513,SPL03412,2023-10-23,2023-12-17
LV00514,SPL03415,2024-06-16,2024-08-23
LV00515,SPL03421,2023-11-10,2023-12-24
LV00516,SPL03427,2023-01-07,2023-04-15
LV00517,SPL03440,2022-06-02,2022-08-28
LV00518,SPL03453,2024-06-12,2024-09-05
LV00519,SPL03466,2022-07-28,2022-08-30
LV00520,SPL03480,2021-06-06,2021-07-04
LV00521,SPL03482,2023-03-30,2023-07-06
LV00522,SPL03489,2021-06-19,2021-07-23
LV00523,SPL03493,2022-08-26,2022-12-02
LV00524,SPL03507,2023-04-30,2023-06-13
LV00525,SPL03512,2024-04-03,2024-06-24
LV00526,SPL03518,2024-01-23,2024-05-20
LV00527,SPL03519,2024-02-13,2024-04-25
LV00528,SPL03523,2024-05-05,2024-05-28
LV00529,SPL03527,2023-05-20,2023-09-11
LV00530,SPL03544,2024-01-26,2024-05-02
LV00531,SPL03546,2022-06-18,2022-10-09
LV00532,SPL03555,2020-07-31,2020-09-20
LV00533,SPL03569,2023-08-31,2023-11-10
LV00534,SPL03576,2024-05-25,2024-07-15
LV00535,SPL03589,2024-04-21,2024-06-08
LV00536,SPL03591,2023-03-25,2023-04-19
LV00537,SPL03600,2024-03-24,2024-05-14
LV00538,SPL03608,2023-02-01,2023-03-29
LV00539,SPL03611,2024-05-31,2024-08-07
LV00540,SPL03614,2024-01-22,2024-05-04
LV00541,SPL03615,2023-06-11,2023-08-18
LV00542,SPL03615,2024-03-05,2024-05-29
LV00543,SPL03617,2024-04-17,2024-08-09
LV00544,SPL03620,2020-01-26,2020-03-31
LV00545,SPL03620,2020-06-14,2020-07-16
LV00546,SPL03625,2022-12-19,2023-03-10
LV00547,SPL03626,2023-01-06,2023-04-28
LV00548,SPL03627,2023-03-02,2023-03-27
LV00549,SPL03647,2023-02-25,2023-03-19
LV00550,SPL03653,2024-01-28,2024-05-08
LV00551,SPL03654,2022-03-18,2022-06-20
LV00552,SPL03676,2022-06-02,2022-07-11
LV00553,SPL03681,2024-06-28,2024-07-21
LV00554,SPL03682,2024-03-31,2024-05-23
LV00555,SPL03686,2024-06-14,2024-07-10
LV00556,SPL03693,2022-10-30,2023-01-18
LV00557,SPL03694,2024-04-20,2024-06-24
LV00558,SPL03705,2023-07-17,2023-11-05
LV00559,SPL03707,2024-04-28,2024-06-11
LV00560,SPL03712,2024-01-30,2024-04-21
LV00561,SPL03713,2024-02-09,2024-04-18
LV00562,SPL03749,2024-02-14,2024-05-13
LV00563,SPL03753,2024-06-22,2024-07-23
LV00564,SPL03759,2024-06-30,2024-08-23
LV00565,SPL03777,2023-12-25,2024-02-11
LV00566,SPL03787,2023-04-24,2023-06-05
LV00567,SPL03788,2023-03-01,2023-05-07
LV00568,SPL03791,2024-03-10,2024-06-30
LV00569,SPL03799,2024-01-26,2024-03-09
LV00570,SPL03804,2021-04-27,2021-05-21
LV00571,SPL03825,2023-11-09,2024-02-17
LV00572,SPL03840,2024-06-17,2024-09-03
LV00573,SPL03842,2024-05-26,2024-08-16
LV00574,SPL03848,2021-12-11,2022-03-23
LV00575,SPL03849,2023-09-27,2024-01-24
LV00576,SPL03853,2024-01-24,2024-02-29
LV00577,SPL03855,2024-01-08,2024-02-17
LV00578,SPL03862,2021-12-12,2022-03-23
LV00579,SPL03863,2024-06-29,2024-10-23
LV00580,SPL03890,2023-10-26,2024-02-02
LV00581,SPL03891,2022-04-23,2022-07-04
LV00582,SPL03892,2021-12-16,2022-01-17
LV00583,SPL03897,2024-05-11,2024-07-22
LV00584,SPL03900,2023-06-03,2023-09-05
LV00585,SPL03902,2022-07-06,2022-08-31
LV00586,SPL03913,2024-06-30,2024-09-17
LV00587,SPL03915,2023-06-26,2023-08-23
LV00588,SPL03919,2024-03-04,2024-04-10
LV00589,SPL03939,2022-10-06,2023-02-01
LV00590,SPL03950,2023-06-25,2023-10-02
LV00591,SPL03957,2023-09-06,2024-01-04
LV00592,SPL03960,2024-04-09,2024-05-24
LV00593,SPL03973,2024-05-16,2024-07-12
LV00594,SPL03980,2024-01-11,2024-03-30
LV00595,SPL03982,2023-12-30,2024-03-25
LV00596,SPL03986,2023-09-11,2023-11-03
LV00597,SPL03993,2022-10-24,2022-12-31
LV00598,SPL03993,2023-09-29,2023-12-11
LV00599,SPL03996,2023-12-01,2024-01-30
LV00600,SPL04008,2022-12-01,2023-02-17
LV00601,SPL04010,2022-07-03,2022-08-15
LV00602,SPL04019,2024-03-21,2024-07-14
LV00603,SPL04034,2019-11-13,2020-01-18
LV00604,SPL04034,2022-11-10,2023-01-23
LV00605,SPL04037,2021-06-27,2021-08-26
LV00606,SPL04038,2021-01-17,2021-05-10
LV00607,SPL04038,2022-01-05,2022-02-03
LV00608,SPL04043,2022-11-05,2022-12-20
LV00609,SPL04055,2024-06-05,2024-09-04
LV00610,SPL04074,2022-09-07,2022-10-04
LV00611,SPL04075,2022-07-22,2022-08-26
LV00612,SPL04078,2023-09-23,2023-12-09
LV00613,SPL04081,2023-09-06,2023-11-13
LV00614,SPL04091,2023-11-03,2024-01-02
LV00615,SPL04097,2022-08-03,2022-09-29
LV00616,SPL04099,2023-03-14,2023-04-15
LV00617,SPL04100,2023-11-28,2024-03-04
LV00618,SPL04114,2023-12-06,2024-01-09
LV00619,SPL04117,2024-06-20,2024-08-04
LV00620,SPL04126,2020-03-01,2020-05-10
LV00621,SPL04129,2020-02-29,2020-03-29
LV00622,SPL04156,2024-06-29,2024-09-21
LV00623,SPL04159,2021-06-13,2021-08-31
LV00624,SPL04166,2023-12-21,2024-03-30
LV00625,SPL04170,2024-02-03,2024-04-14
LV00626,SPL04172,2020-03-03,2020-06-17
LV00627,SPL04190,2022-09-01,2022-09-30
LV00628,SPL04202,2024-04-07,2024-05-14
LV00629,SPL04202,2024-05-19,2024-07-27
LV00630,SPL04205,2024-06-16,2024-07-20
LV00631,SPL04207,2021-10-03,2022-01-04
LV00632,SPL04213,2022-01-31,2022-03-12
LV00633,SPL04213,2022-10-02,2022-11-15
LV00634,SPL04218,2023-04-09,2023-06-27
LV00635,SPL04229,2024-06-04,2024-09-25
LV00636,SPL04231,2024-06-24,2024-09-07
LV00637,SPL04249,2024-01-26,2024-04-09
LV00638,SPL04249,2024-06-12,2024-08-07
LV00639,SPL04261,2023-10-28,2024-01-13
LV00640,SPL04262,2024-05-24,2024-07-06
LV00641,SPL04277,2023-04-19,2023-08-15
LV00642,SPL04278,2020-04-28,2020-07-29
LV00643,SPL04280,2024-05-17,2024-07-18
LV00644,SPL04282,2021-10-21,2021-11-25
LV00645,SPL04286,2022-10-07,2022-11-10
LV00646,SPL04291,2023-09-08,2023-11-18
LV00647,SPL04298,2021-05-21,2021-06-11
LV00648,SPL04324,2022-03-24,2022-05-18
LV00649,SPL04331,2020-05-17,2020-07-01
LV00650,SPL04339,2021-02-06,2021-04-15
LV00651,SPL04345,2022-05-01,2022-06-06
LV00652,SPL04351,2022-03-21,2022-07-12
LV00653,SPL04353,2023-05-05,2023-09-01
LV00654,SPL04353,2023-11-18,2024-01-05
LV00655,SPL04358,2024-05-13,2024-08-06
LV00656,SPL04359,2023-11-06,2024-01-29
LV00657,SPL04359,2024-04-12,2024-05-30
LV00658,SPL04365,2023-12-16,2024-02-12
LV00659,SPL04374,2024-05-28,2024-09-11
LV00660,SPL04382,2022-10-12,2022-11-05
LV00661,SPL04407,2023-05-28,2023-07-02
LV00662,SPL04408,2024-03-15,2024-07-13
LV00663,SPL04413,2023-11-28,2024-02-05
LV00664,SPL04418,2023-07-02,2023-10-28
LV00665,SPL04432,2021-01-04,2021-03-09
LV00666,SPL04432,2024-04-14,2024-08-10
LV00667,SPL04433,2022-03-13,2022-04-19
LV00668,SPL04446,2022-08-29,2022-10-01
LV00669,SPL04447,2024-02-02,2024-05-26
LV00670,SPL04448,2019-09-23,2019-11-24
LV00671,SPL04452,2023-08-11,2023-11-15
LV00672,SPL04455,2021-04-27,2021-08-15
LV00673,SPL04458,2023-12-15,2024-03-04
LV00674,SPL04462,2023-01-21,2023-05-21
LV00675,SPL04466,2024-06-03,2024-07-20
LV00676,SPL04477,2022-10-28,2022-12-26
LV00677,SPL04492,2021-11-10,2022-02-25
LV00678,SPL04495,2024-02-19,2024-04-02
LV00679,SPL04502,2023-03-09,2023-04-16
LV00680,SPL04503,2023-10-27,2024-01-02
LV00681,SPL04505,2022-05-13,2022-06-15
LV00682,SPL04518,2023-02-04,2023-06-01
LV00683,SPL04528,2022-07-14,2022-08-04
LV00684,SPL04533,2021-04-12,2021-07-24
LV00685,SPL04536,2020-12-31,2021-04-23
LV00686,SPL04544,2024-02-20,2024-04-22
LV00687,SPL04546,2024-06-13,2024-07-05
LV00688,SPL04547,2023-04-24,2023-05-17
LV00689,SPL04557,2024-06-28,2024-09-19
LV00690,SPL04570,2024-03-26,2024-07-14
LV00691,SPL04583,2024-06-05,2024-08-23
LV00692,SPL04595,2024-04-30,2024-07-06
LV00693,SPL04612,2023-07-28,2023-10-13
LV00694,SPL04617,2022-10-15,2022-12-25
LV00695,SPL04633,2022-05-01,2022-08-12
LV00696,SPL04638,2023-04-22,2023-08-17
LV00697,SPL04644,2022-11-07,2022-12-01
LV00698,SPL04644,2023-07-10,2023-09-06
LV00699,SPL04653,2021-04-22,2021-05-29
LV00700,SPL04704,2023-12-04,2024-02-13
LV00701,SPL04716,2024-06-16,2024-08-08
LV00702,SPL04731,2022-10-03,2023-01-25
LV00703,SPL04731,2024-02-23,2024-04-01
LV00704,SPL04734,2023-08-12,2023-10-20
LV00705,SPL04767,2022-03-10,2022-05-30
LV00706,SPL04778,2021-05-27,2021-07-31
LV00707,SPL04799,2022-05-03,2022-08-17
LV00708,SPL04818,2021-01-20,2021-04-28
LV00709,SPL04827,2022-08-28,2022-09-26
LV00710,SPL04827,2023-11-06,2023-12-13
LV00711,SPL04845,2023-11-05,2024-02-08
LV00712,SPL04850,2022-08-06,2022-09-16
LV00713,SPL04862,2024-06-22,2024-09-12
LV00714,SPL04870,2023-08-22,2023-10-06
LV00715,SPL04871,2024-06-18,2024-08-07
LV00716,SPL04884,2023-12-20,2024-04-07
LV00717,SPL04887,2024-06-29,2024-09-25
LV00718,SPL04896,2021-12-10,2022-02-15
LV00719,SPL04898,2023-11-28,2024-02-10
LV00720,SPL04899,2022-11-28,2023-01-15
LV00721,SPL04899,2023-02-04,2023-02-26
LV00722,SPL04901,2024-03-20,2024-05-02
LV00723,SPL04928,2022-04-05,2022-07-05
LV00724,SPL04929,2022-01-13,2022-04-08
LV00725,SPL04930,2023-01-11,2023-03-14
LV00726,SPL04938,2023-07-22,2023-11-09
LV00727,SPL04945,2024-04-01,2024-05-13
LV00728,SPL04952,2022-06-02,2022-09-28
LV00729,SPL04967,2024-01-23,2024-03-17
LV00730,SPL04978,2024-01-20,2024-02-17
LV00731,SPL04984,2023-03-30,2023-07-13
LV00732,SPL04984,2023-08-21,2023-12-06
LV00733,SPL04993,2021-04-12,2021-07-17
LV00734,SPL04993,2024-06-06,2024-07-08
LV00735,SPL05001,2023-11-04,2024-02-23
LV00736,SPL05007,2023-11-29,2024-03-02
LV00737,SPL05027,2024-06-30,2024-07-21
LV00738,SPL05028,2023-08-28,2023-10-05
LV00739,SPL05033,2024-05-18,2024-07-24
LV00740,SPL05039,2023-10-18,2024-02-02
LV00741,SPL05049,2020-07-04,2020-09-17
LV00742,SPL05067,2024-06-05,2024-07-13
LV00743,SPL05071,2021-03-23,2021-06-04
LV00744,SPL05075,2024-06-20,2024-07-17
LV00745,SPL05079,2024-06-29,2024-07-24
LV00746,SPL05081,2020-10-24,2021-02-13
LV00747,SPL05083,2021-05-06,2021-08-13
LV00748,SPL05088,2023-06-25,2023-09-04
LV00749,SPL05089,2024-05-11,2024-08-29
LV00750,SPL05095,2023-07-05,2023-09-20
LV00751,SPL05116,2021-05-07,2021-08-29
LV00752,SPL05122,2021-02-22,2021-06-03
LV00753,SPL05127,2021-01-07,2021-02-15
LV00754,SPL05130,2024-03-19,2024-05-23
LV00755,SPL05137,2024-05-28,2024-08-31
LV00756,SPL05142,2024-02-09,2024-05-07
LV00757,SPL05145,2023-03-08,2023-06-02
LV00758,SPL05146,2023-11-27,2024-01-12
LV00759,SPL05163,2022-05-15,2022-07-07
LV00760,SPL05166,2023-08-10,2023-09-04
LV00761,SPL05177,2021-03-10,2021-04-12
LV00762,SPL05188,2022-04-26,2022-06-25
LV00763,SPL05196,2023-04-19,2023-06-19
LV00764,SPL05200,2024-01-25,2024-02-17
LV00765,SPL05208,2023-12-05,2024-03-17
LV00766,SPL05208,2024-03-18,2024-04-18
LV00767,SPL05211,2020-10-23,2020-12-08
LV00768,SPL05213,2022-10-20,2023-01-07
LV00769,SPL05231,2022-07-14,2022-08-31
LV00770,SPL05241,2024-05-14,2024-08-05
LV00771,SPL05245,2022-01-20,2022-04-29
LV00772,SPL05257,2024-05-24,2024-09-09
LV00773,SPL05260,2022-07-31,2022-09-27
LV00774,SPL05264,2023-05-20,2023-07-31
LV00775,SPL05266,2022-06-11,2022-07-13
LV00776,SPL05267,2022-05-06,2022-07-07
LV00777,SPL05277,2023-12-22,2024-02-29
LV00778,SPL05281,2023-02-18,2023-03-29
LV00779,SPL05286,2023-09-18,2023-12-07
LV00780,SPL05291,2023-01-31,2023-03-18
LV00781,SPL05291,2024-02-15,2024-06-11
LV00782,SPL05292,2022-06-14,2022-09-11
LV00783,SPL05298,2023-03-11,2023-04-01
LV00784,SPL05303,2024-06-21,2024-07-31
LV00785,SPL05315,2022-08-20,2022-11-25
LV00786,SPL05334,2021-02-15,2021-03-09
LV00787,SPL05337,2021-02-27,2021-03-21
LV00788,SPL05342,2024-06-28,2024-07-30
LV00789,SPL05350,2024-05-22,2024-09-09
LV00790,SPL05353,2023-12-18,2024-01-14
LV00791,SPL05365,2023-08-04,2023-09-21
LV00792,SPL05366,2023-03-17,2023-05-05
LV00793,SPL05366,2023-11-28,2024-01-27
LV00794,SPL05373,2022-01-18,2022-05-13
LV00795,SPL05377,2024-03-09,2024-06-24
LV00796,SPL05393,2024-05-27,2024-08-11
LV00797,SPL05399,2023-11-19,2023-12-16
LV00798,SPL05402,2020-06-17,2020-10-02
LV00799,SPL05415,2021-02-01,2021-03-06
LV00800,SPL05446,2024-06-09,2024-07-22
LV00801,SPL05451,2024-06-29,2024-08-17
LV00802,SPL05461,2024-01-24,2024-04-28
LV00803,SPL05463,2024-03-28,2024-06-27
LV00804,SPL05464,2024-02-28,2024-05-11
LV00805,SPL05483,2023-04-06,2023-04-29
LV00806,SPL05485,2024-03-10,2024-04-29
LV00807,SPL05490,2023-07-31,2023-09-07
LV00808,SPL05505,2023-01-28,2023-02-26
LV00809,SPL05509,2024-01-30,2024-03-31
LV00810,SPL05511,2023-02-23,2023-04-23
LV00811,SPL05523,2024-05-25,2024-06-19
LV00812,SPL05525,2024-03-20,2024-07-14
LV00813,SPL05529,2023-12-17,2024-04-12
LV00814,SPL05530,2023-05-19,2023-07-04
LV00815,SPL05531,2024-04-01,2024-05-18
LV00816,SPL05532,2023-11-25,2024-02-05
LV00817,SPL05537,2021-05-05,2021-07-12
LV00818,SPL05538,2020-02-20,2020-04-10
LV00819,SPL05540,2022-05-01,2022-08-26
LV00820,SPL05547,2024-06-30,2024-07-22
LV00821,SPL05559,2022-07-27,2022-11-20
LV00822,SPL05569,2024-06-16,2024-09-19
LV00823,SPL05578,2022-12-30,2023-03-14
LV00824,SPL05584,2022-10-23,2022-12-09
LV00825,SPL05591,2023-09-04,2023-11-20
LV00826,SPL05596,2023-12-09,2023-12-29
LV00827,SPL05599,2023-07-15,2023-10-10
LV00828,SPL05602,2024-06-11,2024-09-08
LV00829,SPL05605,2022-12-01,2023-01-03
LV00830,SPL05618,2021-12-24,2022-03-29
LV00831,SPL05626,2022-04-17,2022-07-06
LV00832,SPL05631,2023-05-11,2023-06-15
LV00833,SPL05631,2023-09-23,2023-11-08
LV00834,SPL05636,2022-03-03,2022-06-16
LV00835,SPL05652,2021-04-22,2021-07-07
LV00836,SPL05654,2024-05-04,2024-07-16
LV00837,SPL05658,2024-05-25,2024-08-18
LV00838,SPL05661,2022-09-21,2022-12-21
LV00839,SPL05666,2024-05-26,2024-07-26
LV00840,SPL05709,2023-08-08,2023-09-03
LV00841,SPL05709,2024-05-13,2024-06-02
LV00842,SPL05711,2024-03-28,2024-06-22
LV00843,SPL05718,2024-01-01,2024-03-01
LV00844,SPL05727,2024-05-26,2024-09-16
LV00845,SPL05729,2023-03-13,2023-07-05
LV00846,SPL05732,2019-02-28,2019-04-04
LV00847,SPL05737,2024-01-15,2024-05-09
LV00848,SPL05737,2024-05-21,2024-07-11
LV00849,SPL05741,2024-04-26,2024-05-16
LV00850,SPL05741,2024-06-01,2024-07-11
LV00851,SPL05747,2023-11-25,2024-01-31
LV00852,SPL05751,2021-07-30,2021-10-08
LV00853,SPL05755,2020-11-10,2020-12-19
LV00854,SPL05756,2021-12-28,2022-01-18
LV00855,SPL05760,2021-11-16,2022-02-23
LV00856,SPL05774,2022-01-30,2022-05-23
LV00857,SPL05776,2022-06-05,2022-09-18
LV00858,SPL05780,2022-02-19,2022-04-06
LV00859,SPL05785,2021-10-08,2022-01-08
LV00860,SPL05791,2023-11-12,2024-01-09
LV00861,SPL05794,2021-10-22,2022-01-17
LV00862,SPL05800,2022-08-24,2022-11-05
LV00863,SPL05804,2021-08-13,2021-10-16
LV00864,SPL05806,2021-02-07,2021-05-13
LV00865,SPL05833,2023-10-15,2024-01-10
LV00866,SPL05838,2024-06-27,2024-08-29
LV00867,SPL05854,2024-03-27,2024-06-07
LV00868,SPL05860,2021-11-07,2021-12-03
LV00869,SPL05864,2022-05-25,2022-08-26
LV00870,SPL05867,2023-08-04,2023-10-14
LV00871,SPL05870,2023-07-02,2023-07-23
LV00872,SPL05877,2022-05-21,2022-09-13
LV00873,SPL05878,2021-12-08,2022-03-08
LV00874,SPL05886,2024-03-13,2024-07-06
LV00875,SPL05887,2024-01-19,2024-04-03
LV00876,SPL05892,2024-05-20,2024-07-24
LV00877,SPL05899,2022-12-29,2023-02-19
LV00878,SPL05910,2024-06-07,2024-07-19
LV00879,SPL05916,2021-12-24,2022-02-21
LV00880,SPL05922,2023-09-21,2023-11-30
LV00881,SPL05923,2023-10-01,2024-01-07
LV00882,SPL05956,2024-06-27,2024-08-30
LV00883,SPL05960,2024-06-25,2024-09-10
LV00884,SPL05967,2024-02-13,2024-05-17
LV00885,SPL05976,2023-02-13,2023-04-27
LV00886,SPL05981,2021-04-21,2021-08-14
LV00887,SPL05983,2019-12-12,2020-01-08
LV00888,SPL05983,2023-06-09,2023-09-03
LV00889,SPL05988,2023-01-01,2023-03-30
LV00890,SPL05989,2023-01-05,2023-02-12
LV00891,SPL05991,2023-12-12,2024-01-04
LV00892,SPL05992,2024-03-30,2024-05-25
LV00893,SPL06002,2023-09-19,2024-01-13
LV00894,SPL06005,2023-10-23,2023-12-21
LV00895,SPL06009,2024-05-19,2024-06-15
LV00896,SPL06016,2024-02-07,2024-03-24
LV00897,SPL06025,2022-06-15,2022-07-18
LV00898,SPL06025,2022-07-25,2022-10-21
LV00899,SPL06069,2021-10-01,2022-01-28
LV00900,SPL06081,2022-05-03,2022-07-14
LV00901,SPL06081,2023-01-20,2023-03-28
LV00902,SPL06084,2022-10-28,2023-02-03
LV00903,SPL06087,2024-06-25,2024-09-25
LV00904,SPL06097,2024-06-02,2024-07-14
LV00905,SPL06098,2024-01-18,2024-03-25
LV00906,SPL06102,2024-06-18,2024-07-27
LV00907,SPL06110,2024-05-30,2024-08-15
LV00908,SPL06111,2023-06-30,2023-08-30
LV00909,SPL06113,2023-08-30,2023-11-21
LV00910,SPL06131,2020-09-23,2021-01-19
LV00911,SPL06131,2021-05-18,2021-09-06
LV00912,SPL06136,2023-05-26,2023-07-03
LV00913,SPL06141,2023-04-26,2023-08-24
LV00914,SPL06145,2023-11-06,2024-01-15
LV00915,SPL06155,2024-05-11,2024-08-08
LV00916,SPL06160,2019-06-30,2019-10-14
LV00917,SPL06180,2023-11-02,2024-02-29
LV00918,SPL06183,2021-07-12,2021-11-08
LV00919,SPL06183,2023-05-13,2023-08-02
LV00920,SPL06194,2021-12-08,2022-01-30
LV00921,SPL06197,2024-04-30,2024-08-02
LV00922,SPL06198,2021-10-16,2021-11-25
LV00923,SPL06212,2020-07-23,2020-08-16
LV00924,SPL06212,2020-10-11,2020-12-19
LV00925,SPL06222,2021-07-20,2021-11-09
LV00926,SPL06226,2024-06-26,2024-08-24
LV00927,SPL06232,2022-03-19,2022-06-21
LV00928,SPL06245,2021-05-22,2021-07-13
LV00929,SPL06252,2024-06-18,2024-08-31
LV00930,SPL06256,2021-05-13,2021-08-30
LV00931,SPL06259,2023-01-02,2023-03-16
LV00932,SPL06261,2020-01-05,2020-01-29
LV00933,SPL06265,2023-12-13,2024-02-23
LV00934,SPL06270,2023-04-18,2023-08-04
LV00935,SPL06271,2019-08-13,2019-10-31
LV00936,SPL06286,2024-03-19,2024-07-07
LV00937,SPL06304,2024-05-30,2024-09-06
LV00938,SPL06313,2023-10-04,2023-11-15
LV00939,SPL06314,2024-04-01,2024-07-07
LV00940,SPL06319,2024-06-11,2024-07-15
LV00941,SPL06325,2024-01-02,2024-04-19
LV00942,SPL06329,2020-12-17,2021-04-08
LV00943,SPL06333,2023-03-13,2023-04-11
LV00944,SPL06335,2023-10-13,2024-01-24
LV00945,SPL06340,2024-06-12,2024-10-08
LV00946,SPL06341,2024-06-21,2024-09-01
LV00947,SPL06344,2021-03-07,2021-05-21
LV00948,SPL06345,2024-04-13,2024-05-09
LV00949,SPL06347,2023-02-03,2023-03-24
LV00950,SPL06362,2024-06-14,2024-07-12
LV00951,SPL06365,2024-05-10,2024-07-08
LV00952,SPL06380,2021-12-24,2022-04-05
LV00953,SPL06392,2021-05-30,2021-07-08
LV00954,SPL06392,2023-03-17,2023-05-12
LV00955,SPL06398,2023-11-17,2024-03-05
LV00956,SPL06399,2023-04-19,2023-08-05
LV00957,SPL06403,2024-05-16,2024-07-23
LV00958,SPL06407,2020-08-03,2020-10-21
LV00959,SPL06411,2024-06-12,2024-09-09
LV00960,SPL06413,2021-03-05,2021-06-10
LV00961,SPL06433,2021-12-23,2022-04-10
LV00962,SPL06433,2022-06-02,2022-08-15
LV00963,SPL06439,2023-06-24,2023-07-30
LV00964,SPL06446,2024-01-29,2024-04-16
LV00965,SPL06468,2023-06-14,2023-07-15
LV00966,SPL06474,2021-09-08,2021-10-17
LV00967,SPL06475,2022-04-04,2022-06-30
LV00968,SPL06491,2024-05-04,2024-06-21
LV00969,SPL06495,2021-06-18,2021-07-18
LV00970,SPL06510,2023-04-06,2023-05-05
LV00971,SPL06512,2022-02-25,2022-04-21
LV00972,SPL06518,2023-09-19,2023-11-01
LV00973,SPL06527,2022-10-25,2023-02-06
LV00974,SPL06534,2024-06-11,2024-07-25
LV00975,SPL06542,2023-04-20,2023-05-10
LV00976,SPL06542,2023-07-29,2023-10-15
LV00977,SPL06549,2024-06-30,2024-07-28
LV00978,SPL06560,2023-09-21,2023-10-15
LV00979,SPL06569,2023-03-30,2023-06-07
LV00980,SPL06572,2024-03-14,2024-07-08
LV00981,SPL06576,2024-06-06,2024-08-01
LV00982,SPL06594,2021-11-12,2021-12-19
LV00983,SPL06599,2020-08-13,2020-09-30
LV00984,SPL06609,2023-01-05,2023-03-27
LV00985,SPL06610,2024-02-23,2024-03-16
LV00986,SPL06611,2022-11-03,2022-11-28
LV00987,SPL06624,2024-06-15,2024-07-06
LV00988,SPL06628,2023-01-24,2023-03-27
LV00989,SPL06630,2022-05-15,2022-06-22
LV00990,SPL06635,2022-03-30,2022-05-14
LV00991,SPL06644,2023-03-30,2023-07-25
LV00992,SPL06644,2024-01-27,2024-02-21
LV00993,SPL06656,2023-12-09,2024-02-26
LV00994,SPL06659,2023-12-16,2024-02-19
LV00995,SPL06669,2021-02-21,2021-05-07
LV00996,SPL06670,2024-04-26,2024-05-29
LV00997,SPL06678,2022-02-01,2022-05-25
LV00998,SPL06682,2020-06-17,2020-07-30
LV00999,SPL06690,2024-06-13,2024-08-24
LV01000,SPL06691,2024-06-23,2024-09-13
LV01001,SPL06707,2022-12-11,2023-02-22
LV01002,SPL06719,2023-04-15,2023-07-12
LV01003,SPL06725,2023-10-10,2024-01-15
LV01004,SPL06727,2022-11-19,2023-03-19
LV01005,SPL06731,2022-05-31,2022-07-11
LV01006,SPL06761,2024-05-28,2024-08-01
LV01007,SPL06765,2024-04-08,2024-06-30
LV01008,SPL06768,2024-04-24,2024-08-15
LV01009,SPL06771,2024-03-20,2024-04-24
LV01010,SPL06788,2022-05-05,2022-08-13
LV01011,SPL06788,2022-11-27,2023-01-12
LV01012,SPL06789,2023-03-08,2023-05-13
LV01013,SPL06801,2023-11-29,2024-03-22
LV01014,SPL06833,2023-10-09,2023-12-06
LV01015,SPL06841,2022-03-09,2022-06-13
LV01016,SPL06845,2024-06-06,2024-07-15
LV01017,SPL06846,2024-02-01,2024-03-04
LV01018,SPL06859,2021-10-02,2021-12-11
LV01019,SPL06863,2022-10-17,2023-01-23
LV01020,SPL06864,2023-09-23,2023-12-05
LV01021,SPL06872,2022-08-05,2022-10-22
LV01022,SPL06872,2024-04-08,2024-06-22
LV01023,SPL06877,2024-03-29,2024-05-04
LV01024,SPL06890,2024-01-21,2024-04-28
LV01025,SPL06898,2022-10-19,2022-12-20
LV01026,SPL06899,2024-03-04,2024-04-09
LV01027,SPL06904,2022-08-07,2022-10-30
LV01028,SPL06913,2023-11-14,2024-01-01
LV01029,SPL06922,2022-01-10,2022-02-21
LV01030,SPL06926,2022-10-11,2022-12-10
LV01031,SPL06926,2023-07-13,2023-10-20
LV01032,SPL06935,2022-05-23,2022-07-04
LV01033,SPL06954,2021-10-12,2021-11-18
LV01034,SPL06957,2023-09-20,2023-12-06
LV01035,SPL06960,2021-11-30,2022-01-31
LV01036,SPL06969,2023-08-15,2023-10-23
LV01037,SPL06979,2024-03-29,2024-07-14
LV01038,SPL06989,2024-06-09,2024-07-12
LV01039,SPL06992,2021-03-05,2021-04-23
LV01040,SPL06995,2021-10-18,2021-12-16
LV01041,SPL06999,2023-12-24,2024-02-18
LV01042,SPL07004,2022-03-04,2022-04-25
LV01043,SPL07024,2024-06-14,2024-07-06
LV01044,SPL07031,2023-11-07,2023-12-19
LV01045,SPL07043,2023-12-04,2024-02-15
LV01046,SPL07044,2022-10-14,2022-11-24
LV01047,SPL07049,2023-06-22,2023-08-11
LV01048,SPL07049,2023-08-13,2023-10-04
LV01049,SPL07061,2022-01-25,2022-03-21
LV01050,SPL07063,2021-11-19,2022-02-27
LV01051,SPL07064,2024-04-11,2024-05-01
LV01052,SPL07070,2022-05-16,2022-09-09
LV01053,SPL07071,2024-04-16,2024-07-23
LV01054,SPL07077,2022-02-27,2022-06-08
LV01055,SPL07095,2024-04-02,2024-05-16
LV01056,SPL07097,2023-11-17,2024-03-11
LV01057,SPL07097,2024-04-03,2024-04-26
LV01058,SPL07099,2023-09-06,2024-01-01
LV01059,SPL07123,2024-05-13,2024-08-25
LV01060,SPL07129,2023-09-05,2023-12-01
LV01061,SPL07130,2024-01-30,2024-04-04
LV01062,SPL07130,2024-04-16,2024-08-02
LV01063,SPL07135,2021-05-23,2021-08-25
LV01064,SPL07136,2024-04-28,2024-06-06
LV01065,SPL07190,2021-12-01,2022-03-26
LV01066,SPL07200,2021-10-08,2021-11-22
LV01067,SPL07206,2022-01-05,2022-03-28
LV01068,SPL07213,2023-03-10,2023-06-13
LV01069,SPL07223,2024-06-02,2024-07-14
LV01070,SPL07226,2019-11-05,2020-01-31
LV01071,SPL07230,2024-06-20,2024-07-22
LV01072,SPL07246,2021-12-22,2022-02-05
LV01073,SPL07254,2022-06-27,2022-09-05
LV01074,SPL07255,2023-03-28,2023-07-12
LV01075,SPL07256,2024-03-31,2024-07-13
LV01076,SPL07257,2024-04-28,2024-08-21
LV01077,SPL07260,2024-06-08,2024-08-01
LV01078,SPL07263,2023-10-05,2024-02-01
LV01079,SPL07273,2024-06-04,2024-09-17
LV01080,SPL07275,2023-01-28,2023-02-27
LV01081,SPL07282,2022-02-28,2022-06-26
LV01082,SPL07289,2023-08-09,2023-09-27
LV01083,SPL07289,2024-02-20,2024-04-15
LV01084,SPL07294,2024-03-12,2024-05-21
LV01085,SPL07295,2024-05-28,2024-07-07
LV01086,SPL07297,2021-02-10,2021-06-10
LV01087,SPL07298,2023-10-28,2024-01-06
LV01088,SPL07301,2024-01-19,2024-02-23
LV01089,SPL07301,2024-06-27,2024-10-25
LV01090,SPL07305,2024-06-29,2024-09-02
LV01091,SPL07306,2022-12-25,2023-03-04
LV01092,SPL07307,2024-05-24,2024-08-08
LV01093,SPL07312,2022-06-15,2022-09-24
LV01094,SPL07322,2024-04-27,2024-07-10
LV01095,SPL07323,2024-02-19,2024-03-28
LV01096,SPL07327,2024-03-31,2024-04-30
LV01097,SPL07351,2021-12-17,2022-03-28
LV01098,SPL07355,2024-04-01,2024-07-14
LV01099,SPL07380,2023-06-16,2023-08-30
LV01100,SPL07389,2021-04-17,2021-07-07
LV01101,SPL07394,2024-02-22,2024-06-18
LV01102,SPL07396,2023-08-30,2023-10-21
LV01103,SPL07399,2024-06-22,2024-10-14
LV01104,SPL07411,2023-05-18,2023-06-25
LV01105,SPL07414,2024-05-05,2024-07-06
LV01106,SPL07419,2022-01-11,2022-03-28
LV01107,SPL07423,2023-12-10,2024-04-05
LV01108,SPL07424,2024-01-28,2024-04-18
LV01109,SPL07425,2024-01-09,2024-02-12
LV01110,SPL07433,2024-05-26,2024-07-25
LV01111,SPL07434,2021-08-20,2021-11-30
LV01112,SPL07445,2024-06-27,2024-08-29
LV01113,SPL07466,2023-03-20,2023-04-20
LV01114,SPL07474,2024-06-25,2024-10-01
LV01115,SPL07503,2022-04-18,2022-05-10
LV01116,SPL07505,2020-07-14,2020-08-22
LV01117,SPL07517,2024-01-11,2024-02-11
LV01118,SPL07520,2022-06-12,2022-10-10
LV01119,SPL07536,2024-06-22,2024-08-09
LV01120,SPL07552,2022-06-05,2022-09-19
LV01121,SPL07582,2024-05-27,2024-08-21
LV01122,SPL07603,2021-06-29,2021-09-05
LV01123,SPL07608,2023-03-04,2023-06-12
LV01124,SPL07609,2024-03-15,2024-07-01
LV01125,SPL07613,2024-06-30,2024-10-09
LV01126,SPL07630,2023-09-02,2023-12-31
LV01127,SPL07642,2024-01-24,2024-04-09
LV01128,SPL07644,2020-07-26,2020-09-01
LV01129,SPL07645,2021-10-03,2022-01-31
LV01130,SPL07653,2024-04-28,2024-08-09
LV01131,SPL07656,2024-05-12,2024-06-29
LV01132,SPL07669,2023-02-14,2023-04-03
LV01133,SPL07680,2024-04-08,2024-08-01
LV01134,SPL07685,2021-09-15,2021-10-09
LV01135,SPL07685,2024-04-18,2024-05-29
LV01136,SPL07692,2022-10-03,2023-01-16
LV01137,SPL07692,2024-03-02,2024-04-22
LV01138,SPL07699,2023-12-28,2024-02-03
LV01139,SPL07701,2023-12-16,2024-01-12
LV01140,SPL07712,2024-06-07,2024-09-21
LV01141,SPL07714,2022-06-30,2022-09-06
LV01142,SPL07724,2024-02-10,2024-04-21
LV01143,SPL07725,2022-05-20,2022-08-09
LV01144,SPL07732,2024-06-18,2024-08-03
LV01145,SPL07744,2022-06-20,2022-09-02
LV01146,SPL07745,2023-02-25,2023-04-18
LV01147,SPL07745,2023-10-22,2024-01-05
LV01148,SPL07753,2024-06-16,2024-07-26
LV01149,SPL07755,2024-06-12,2024-08-17
LV01150,SPL07759,2020-03-09,2020-06-15
LV01151,SPL07761,2024-05-29,2024-08-04
LV01152,SPL07764,2022-07-14,2022-10-25
LV01153,SPL07771,2023-07-29,2023-10-27
LV01154,SPL07778,2024-05-25,2024-08-10
LV01155,SPL07780,2022-01-25,2022-04-29
LV01156,SPL07783,2021-07-22,2021-10-28
LV01157,SPL07789,2022-04-11,2022-05-02
LV01158,SPL07790,2024-06-30,2024-10-07
LV01159,SPL07794,2024-03-11,2024-05-21
LV01160,SPL07796,2022-01-03,2022-04-06
LV01161,SPL07796,2023-07-26,2023-09-03
LV01162,SPL07804,2024-03-07,2024-07-05
LV01163,SPL07812,2024-05-26,2024-08-03
LV01164,SPL07813,2024-01-02,2024-02-22
LV01165,SPL07820,2024-05-27,2024-08-04
LV01166,SPL07823,2023-04-27,2023-08-20
LV01167,SPL07826,2022-05-23,2022-07-23
LV01168,SPL07858,2023-10-21,2024-01-02
LV01169,SPL07874,2022-03-26,2022-05-05
LV01170,SPL07884,2022-11-14,2023-01-27
LV01171,SPL07887,2023-06-23,2023-09-27
LV01172,SPL07907,2021-05-02,2021-06-03
LV01173,SPL07908,2021-10-23,2022-01-30
LV01174,SPL07909,2020-09-30,2021-01-08
LV01175,SPL07912,2023-09-19,2023-11-05
LV01176,SPL07914,2024-06-08,2024-08-23
LV01177,SPL07916,2024-05-09,2024-07-05
LV01178,SPL07930,2022-04-22,2022-06-28
LV01179,SPL07944,2020-01-22,2020-02-24
LV01180,SPL07945,2022-07-13,2022-09-20
LV01181,SPL07950,2024-04-05,2024-06-11
LV01182,SPL07959,2024-06-23,2024-09-24
LV01183,SPL07965,2021-11-15,2022-01-06
LV01184,SPL07973,2022-08-08,2022-09-27
LV01185,SPL07979,2023-04-09,2023-05-02
LV01186,SPL07997,2023-12-12,2024-01-16
LV01187,SPL08001,2023-04-04,2023-07-02
LV01188,SPL08005,2023-04-18,2023-06-11
LV01189,SPL08009,2024-01-02,2024-02-05
LV01190,SPL08011,2023-06-28,2023-09-19
LV01191,SPL08015,2023-03-21,2023-06-24
LV01192,SPL08019,2023-11-05,2024-02-09
LV01193,SPL08020,2023-10-31,2024-01-06
LV01194,SPL08025,2024-06-15,2024-07-16
LV01195,SPL08026,2021-07-06,2021-10-10
LV01196,SPL08029,2023-09-13,2023-10-10
LV01197,SPL08033,2024-05-30,2024-09-12
LV01198,SPL08036,2022-02-17,2022-03-26
LV01199,SPL08039,2023-12-15,2024-01-24
LV01200,SPL08041,2022-02-06,2022-04-04
LV01201,SPL08051,2024-02-29,2024-05-11
LV01202,SPL08078,2022-05-06,2022-07-06
LV01203,SPL08084,2022-04-02,2022-05-12
LV01204,SPL08098,2024-06-19,2024-08-01
LV01205,SPL08107,2021-11-11,2022-01-24
LV01206,SPL08111,2023-08-27,2023-10-26
LV01207,SPL08116,2024-05-21,2024-09-10
LV01208,SPL08117,2024-04-09,2024-05-26
LV01209,SPL08119,2023-12-26,2024-04-12
LV01210,SPL08122,2023-03-22,2023-05-12
LV01211,SPL08133,2023-10-02,2024-01-02
LV01212,SPL08144,2023-04-30,2023-07-04
LV01213,SPL08150,2024-02-04,2024-04-26
LV01214,SPL08152,2023-07-09,2023-09-24
LV01215,SPL08152,2023-10-30,2024-02-14
LV01216,SPL08159,2022-02-08,2022-05-03
LV01217,SPL08166,2024-04-25,2024-08-21
LV01218,SPL08181,2022-07-26,2022-10-16
LV01219,SPL08187,2024-03-05,2024-05-21
LV01220,SPL08190,2023-06-11,2023-10-09
LV01221,SPL08191,2021-09-16,2021-11-21
LV01222,SPL08196,2024-01-20,2024-04-27
LV01223,SPL08205,2024-06-14,2024-08-02
LV01224,SPL08207,2023-01-29,2023-04-22
LV01225,SPL08209,2024-01-31,2024-03-08
LV01226,SPL08218,2021-03-22,2021-05-05
LV01227,SPL08232,2022-09-11,2022-11-30
LV01228,SPL08234,2023-02-17,2023-05-23
LV01229,SPL08235,2022-04-18,2022-07-30
LV01230,SPL08236,2024-05-27,2024-09-05
LV01231,SPL08237,2024-06-22,2024-08-12
LV01232,SPL08245,2024-04-10,2024-07-04
LV01233,SPL08259,2023-04-24,2023-06-04
LV01234,SPL08261,2024-06-29,2024-07-26
LV01235,SPL08265,2024-05-23,2024-07-17
LV01236,SPL08274,2024-01-31,2024-04-01
LV01237,SPL08289,2023-08-05,2023-09-21
LV01238,SPL08291,2022-09-13,2023-01-03
LV01239,SPL08293,2024-06-18,2024-07-08
LV01240,SPL08311,2023-12-21,2024-04-12
LV01241,SPL08323,2024-06-09,2024-08-28
LV01242,SPL08337,2024-05-13,2024-07-18
LV01243,SPL08339,2019-04-20,2019-07-16
LV01244,SPL08341,2020-05-07,2020-06-23
LV01245,SPL08350,2022-07-08,2022-09-22
LV01246,SPL08365,2024-04-14,2024-08-03
LV01247,SPL08370,2024-06-20,2024-08-23
LV01248,SPL08384,2024-05-09,2024-07-11
LV01249,SPL08391,2022-07-29,2022-08-21
LV01250,SPL08410,2020-01-03,2020-04-20
LV01251,SPL08414,2024-05-12,2024-06-18
LV01252,SPL08420,2024-05-17,2024-09-04
LV01253,SPL08434,2024-06-01,2024-07-25
LV01254,SPL08450,2024-03-23,2024-04-30
LV01255,SPL08450,2024-06-24,2024-10-20
LV01256,SPL08469,2023-07-27,2023-11-01
LV01257,SPL08472,2021-10-15,2021-11-11
LV01258,SPL08473,2024-03-04,2024-04-13
LV01259,SPL08475,2020-09-06,2020-12-01
LV01260,SPL08475,2022-08-17,2022-10-27
LV01261,SPL08478,2024-01-12,2024-03-25
LV01262,SPL08487,2022-12-13,2023-01-31
LV01263,SPL08531,2023-03-31,2023-05-20
LV01264,SPL08535,2024-03-31,2024-05-16
LV01265,SPL08544,2023-09-19,2023-11-27
LV01266,SPL08558,2022-08-15,2022-09-10
LV01267,SPL08574,2024-05-06,2024-07-31
LV01268,SPL08585,2021-03-24,2021-04-29
LV01269,SPL08588,2023-08-19,2023-11-19
LV01270,SPL08588,2024-05-20,2024-08-01
LV01271,SPL08595,2021-05-01,2021-06-08
LV01272,SPL08600,2021-05-10,2021-08-04
LV01273,SPL08604,2022-02-09,2022-05-25
LV01274,SPL08614,2024-04-12,2024-07-21
LV01275,SPL08619,2023-03-03,2023-05-30
LV01276,SPL08628,2024-05-29,2024-07-22
LV01277,SPL08632,2024-05-05,2024-07-15
LV01278,SPL08639,2024-02-27,2024-04-17
LV01279,SPL08641,2023-02-14,2023-03-13
LV01280,SPL08645,2023-11-27,2024-01-27
LV01281,SPL08655,2023-06-27,2023-08-01
LV01282,SPL08655,2024-02-03,2024-02-28
LV01283,SPL08659,2022-04-09,2022-06-03
LV01284,SPL08668,2020-12-23,2021-03-05
LV01285,SPL08672,2024-05-30,2024-09-08
LV01286,SPL08675,2024-01-26,2024-03-05
LV01287,SPL08681,2023-07-07,2023-08-28
LV01288,SPL08698,2023-05-31,2023-09-01
LV01289,SPL08698,2023-09-13,2023-10-29
LV01290,SPL08717,2023-12-14,2024-04-07
LV01291,SPL08737,2022-06-02,2022-08-12
LV01292,SPL08737,2024-06-07,2024-07-11
LV01293,SPL08746,2021-06-24,2021-08-27
LV01294,SPL08760,2021-04-21,2021-05-14
LV01295,SPL08765,2024-06-21,2024-07-22
LV01296,SPL08766,2021-04-25,2021-06-30
LV01297,SPL08766,2024-01-04,2024-01-30
LV01298,SPL08785,2023-09-06,2023-09-29
LV01299,SPL08785,2023-10-28,2024-01-20
LV01300,SPL08791,2023-04-10,2023-06-16
LV01301,SPL08811,2023-11-08,2023-12-22
LV01302,SPL08822,2024-02-07,2024-03-29
LV01303,SPL08826,2024-05-29,2024-08-13
LV01304,SPL08830,2023-10-02,2024-01-18
LV01305,SPL08830,2024-02-03,2024-04-30
LV01306,SPL08832,2024-05-07,2024-06-05
LV01307,SPL08836,2024-06-23,2024-07-20
LV01308,SPL08840,2024-05-28,2024-08-10
LV01309,SPL08841,2024-06-23,2024-08-15
LV01310,SPL08850,2024-06-12,2024-09-02
LV01311,SPL08858,2021-04-10,2021-05-03
LV01312,SPL08870,2024-05-02,2024-07-28
LV01313,SPL08873,2019-11-07,2020-02-15
LV01314,SPL08884,2024-01-19,2024-04-14
LV01315,SPL08889,2024-06-05,2024-07-09
LV01316,SPL08917,2022-08-13,2022-10-08
LV01317,SPL08923,2024-02-21,2024-04-23
LV01318,SPL08926,2023-12-23,2024-01-14
LV01319,SPL08937,2023-12-11,2024-02-15
LV01320,SPL08937,2024-03-23,2024-05-18
LV01321,SPL08942,2023-09-03,2023-11-27
LV01322,SPL08942,2024-06-10,2024-07-07
LV01323,SPL08949,2024-05-23,2024-07-07
LV01324,SPL08953,2024-04-27,2024-08-13
LV01325,SPL08957,2022-09-13,2023-01-11
LV01326,SPL08962,2023-04-23,2023-06-11
LV01327,SPL08976,2024-03-13,2024-07-06
LV01328,SPL09000,2023-05-14,2023-06-08
LV01329,SPL09000,2023-06-21,2023-10-15
LV01330,SPL09004,2024-04-15,2024-07-09
LV01331,SPL09016,2023-10-22,2024-02-15
LV01332,SPL09017,2023-08-16,2023-10-17
LV01333,SPL09026,2024-03-15,2024-07-05
LV01334,SPL09029,2024-06-22,2024-10-13
LV01335,SPL09042,2023-07-31,2023-09-18
LV01336,SPL09044,2024-05-29,2024-07-24
LV01337,SPL09052,2024-06-28,2024-07-25
LV01338,SPL09058,2024-05-28,2024-09-17
LV01339,SPL09059,2023-08-26,2023-10-16
LV01340,SPL09060,2024-06-28,2024-10-19
LV01341,SPL09065,2024-06-28,2024-09-25
LV01342,SPL09066,2024-06-21,2024-08-06
LV01343,SPL09082,2024-01-02,2024-03-11
LV01344,SPL09082,2024-03-20,2024-05-11
LV01345,SPL09095,2024-06-06,2024-07-19
LV01346,SPL09101,2023-11-07,2024-01-17
LV01347,SPL09107,2023-07-02,2023-08-17
LV01348,SPL09107,2024-06-17,2024-07-13
LV01349,SPL09119,2022-09-05,2022-11-06
LV01350,SPL09128,2024-05-28,2024-08-20
LV01351,SPL09129,2024-06-10,2024-07-11
LV01352,SPL09130,2024-06-09,2024-07-12
LV01353,SPL09131,2024-02-12,2024-05-07
LV01354,SPL09134,2023-10-23,2023-12-09
LV01355,SPL09135,2024-03-23,2024-07-19
LV01356,SPL09139,2023-11-11,2024-01-30
LV01357,SPL09142,2024-06-25,2024-08-04
LV01358,SPL09146,2023-05-23,2023-06-19
LV01359,SPL09151,2024-04-30,2024-08-26
LV01360,SPL09156,2024-06-07,2024-07-11
LV01361,SPL09165,2023-12-07,2024-02-06
LV01362,SPL09176,2024-04-05,2024-04-30
LV01363,SPL09176,2024-06-06,2024-07-06
LV01364,SPL09180,2024-06-21,2024-10-19
LV01365,SPL09185,2023-07-04,2023-09-30
LV01366,SPL09190,2024-06-14,2024-07-08
LV01367,SPL09197,2024-06-19,2024-09-30
LV01368,SPL09199,2024-06-27,2024-08-20
LV01369,SPL09205,2024-05-14,2024-07-25
LV01370,SPL09250,2024-03-03,2024-05-05
LV01371,SPL09251,2023-06-11,2023-07-17
LV01372,SPL09253,2023-06-22,2023-08-15
LV01373,SPL09264,2024-05-14,2024-08-27
LV01374,SPL09283,2024-06-28,2024-08-08
LV01375,SPL09286,2024-05-20,2024-07-05
LV01376,SPL09292,2024-06-21,2024-08-09
LV01377,SPL09293,2023-12-09,2024-04-04
LV01378,SPL09298,2024-06-16,2024-07-27
LV01379,SPL09310,2024-06-23,2024-07-20
LV01380,SPL09311,2024-04-04,2024-07-11
LV01381,SPL09312,2024-04-30,2024-05-25
LV01382,SPL09317,2024-05-29,2024-08-14
LV01383,SPL09325,2024-06-29,2024-08-21
LV01384,SPL09332,2024-06-30,2024-08-17
LV01385,SPL09336,2024-03-06,2024-05-13
LV01386,SPL09341,2023-05-27,2023-08-13
LV01387,SPL09343,2023-09-09,2023-10-28
LV01388,SPL09347,2024-01-06,2024-03-24
LV01389,SPL09362,2024-05-07,2024-06-28
LV01390,SPL09365,2024-06-20,2024-09-17
LV01391,SPL09366,2024-06-24,2024-09-22
LV01392,SPL09372,2024-05-01,2024-06-13
LV01393,SPL09372,2024-06-17,2024-07-14
LV01394,SPL09374,2024-06-30,2024-10-27
LV01395,SPL09384,2024-03-17,2024-05-23
LV01396,SPL09385,2024-06-11,2024-09-16
LV01397,SPL09390,2024-06-24,2024-10-11
LV01398,SPL09406,2024-04-01,2024-04-21
LV01399,SPL09419,2024-05-25,2024-07-19
LV01400,SPL09423,2024-06-14,2024-09-19
LV01401,SPL09432,2024-04-21,2024-05-23
LV01402,SPL09439,2024-02-03,2024-06-02
LV01403,SPL09443,2024-06-19,2024-10-03
LV01404,SPL09451,2024-06-12,2024-07-09
LV01405,SPL09452,2023-10-02,2023-12-22
LV01406,SPL09456,2024-06-28,2024-09-05
LV01407,SPL09457,2024-04-07,2024-06-19
LV01408,SPL09465,2024-06-13,2024-07-24
LV01409,SPL09469,2023-12-12,2024-04-08
LV01410,SPL09478,2024-05-31,2024-08-17
LV01411,SPL09482,2023-10-25,2023-12-08
LV01412,SPL09482,2024-01-23,2024-04-16
LV01413,SPL09483,2024-02-26,2024-05-15
LV01414,SPL09484,2024-04-29,2024-07-22
LV01415,SPL09490,2024-05-10,2024-07-15
LV01416,SPL09497,2024-06-16,2024-07-31
LV01417,SPL09508,2024-04-09,2024-05-09
LV01418,SPL09509,2024-04-05,2024-07-14
LV01419,SPL09511,2024-06-30,2024-09-24
LV01420,SPL09529,2024-01-19,2024-04-27
LV01421,SPL09538,2024-06-23,2024-07-18
LV01422,SPL09549,2024-06-26,2024-09-18
LV01423,SPL09565,2024-06-18,2024-10-12
LV01424,SPL09568,2024-04-14,2024-08-02
LV01425,SPL09578,2024-06-22,2024-08-06
LV01426,SPL09579,2024-04-06,2024-04-27
LV01427,SPL09581,2024-06-18,2024-10-06
LV01428,SPL09585,2024-02-17,2024-06-01
LV01429,SPL09590,2024-06-24,2024-09-04
LV01430,SPL09598,2023-12-04,2024-04-02
LV01431,SPL09613,2023-12-24,2024-04-15
LV01432,SPL09627,2023-08-26,2023-12-01
